M,M3,M_B,accuracy_checked_on,certified,config,eps_F,eps_S,err_2,err_F,err_abs,eta_N,eta_actual,feasible,h,h_B,kc,lam_h,lam_star,metrics_config,n_modes,neighbors,p,probe_max,probe_median,psd_observed,rc,s,s_factor,sym_resid,system,t_mesh,t_real,t_total,tol,trans_resid,weyl_holds,xi
10,1000,,A and B,True,A,2.0905559431001308e-07,6.21439876678896e-07,5.563194056071621e-06,1.1586435641874146e-05,2.1899920199412357e-05,0.7,0.6839324632586747,True,0.6,,3.5810620035417062,0.11899661272348658,0.11899757291769097,,171,3080,4,1.810625734019536e-05,1.2607245562333329e-05,True,7.1621240070834125,3.5810620035417062,1.025,4.4474233896450924e-17,A,0.0010626210000737046,0.006527586000174779,0.007590207000248483,1e-05,3.7688206424763584e-17,True,0.5
15,3375,,A and B,True,B,3.595479635896615e-07,1.189114145049806e-06,1.3647556250974549e-06,3.015231912608242e-06,2.6605650746256127e-06,0.8,0.7413902040744441,True,0.6666666666666666,,3.493719027845567,0.008538305530318153,0.008538932473939009,,739,1107,6,5.133819322465209e-06,3.2920452621728155e-06,True,6.987438055691134,3.493719027845567,1.0,6.578542550620334e-17,B,0.0017055580001397175,0.003974705999553407,0.005680263999693125,1e-05,3.8826468006319613e-17,True,0.5
45,91125,15,A and B,True,B,3.595479635896615e-07,1.189114145049806e-06,3.3978462669147725e-06,7.296116498008621e-06,6.624036523795179e-06,0.8,0.7413902040744441,True,0.6666666666666666,0.6666666666666666,3.493719027845567,0.00853839440870539,0.008538932473939009,B (dense reference),19549,423136,5,1.2875707588387522e-05,7.642818515898791e-06,True,6.987438055691134,3.493719027845567,1.0,6.475813243571196e-17,C,0.04468925999981366,0.11924127800011775,0.1639305379999314,1e-05,3.483798040243294e-17,True,0.5
12,1728,,A and B,True,A,9.350409478384969e-07,1.9334850979761947e-06,2.976975574960372e-06,5.953398450194441e-06,1.1719082036348894e-05,0.8,0.7784597142781663,True,0.5,,4.891206638983793,0.11899370250555998,0.11899757291769097,,437,1054,6,8.832721760324299e-06,5.97819234610282e-06,True,4.9910271826365245,3.493719027845567,1.0,4.3520865910002196e-17,A,0.0013863439999113325,0.0024262829997496738,0.0038126269996610063,1e-05,4.444992215818934e-17,True,0.7
20,8000,,A and B,True,B,1.25076238684061e-06,1.6051252608148597e-06,3.9675739832439574e-06,7.3469270968675955e-06,7.734709845990424e-06,0.8,0.7784597142781663,True,0.5,,4.891206638983793,0.008538670977451205,0.008538932473939009,,1935,444,6,1.1459288046912682e-05,8.100465614577046e-06,True,4.9910271826365245,3.493719027845567,1.0,5.262848732654644e-17,B,0.0021631360000355926,0.00023061399997459375,0.0023937500000101863,1e-05,3.933301153190533e-17,True,0.7
64,262144,24,A and B,True,B,3.2523557857330294e-07,5.017185403012219e-07,3.6254891261984416e-06,6.508076874748479e-06,7.067821938385277e-06,0.8,0.7662962812425701,True,0.46875,0.4166666666666667,5.135766970932984,0.008538972298083805,0.008538932473939009,B (dense reference),61805,178576,5,1.0283850319859856e-05,6.795768483489684e-06,True,5.240578541768351,3.6684049792378457,1.05,6.66526777094998e-17,C,0.07599361099983071,0.05263184200020987,0.12862545300004058,1e-05,5.591350173174316e-17,True,0.7
20,8000,,A and B,True,A,1.4486263938203407e-06,2.1710333881417303e-06,5.649399051491615e-06,9.96884932174964e-06,2.223927246745488e-05,0.7,0.6672511836669998,True,0.3,,6.987438055691134,0.11899645459451189,0.11899757291769097,,1237,347,5,1.503653745515472e-05,1.055304302921986e-05,True,3.493719027845567,3.493719027845567,1.0,5.648851757744783e-17,A,0.0018627120002747688,0.0023759539999446133,0.004238666000219382,1e-05,4.1052833488502296e-17,True,1.0
30,27000,,A and B,True,B,2.107724814425155e-06,2.383266315575167e-06,5.912638942943555e-06,7.713236479284157e-06,1.152657690591574e-05,0.8,0.7413902040744441,True,0.3333333333333333,,6.987438055691134,0.008538819317314766,0.008538932473939009,,5743,168,6,1.2789059813184708e-05,8.00601163588763e-06,True,3.493719027845567,3.493719027845567,1.0,4.80292261443536e-17,B,0.005018179999751737,0.00022061799973016605,0.005238797999481903,1e-05,3.0769737864567134e-17,True,1.0
90,729000,30,A and B,True,B,2.107724814425155e-06,2.383266315575167e-06,5.912638942943555e-06,7.713236479284157e-06,1.152657690591574e-05,0.8,0.7413902040744441,True,0.3333333333333333,0.3333333333333333,6.987438055691134,0.008538819317314766,0.008538932473939009,B (dense reference),155691,52942,6,1.4854375230435548e-05,7.66127510424888e-06,True,3.493719027845567,3.493719027845567,1.0,4.80292261443536e-17,C,0.2488992209996468,0.020936775000336638,0.2698359959999834,1e-05,3.0769737864567134e-17,True,1.0
25,15625,,A and B,True,A,6.707998018251528e-07,7.633721232722893e-07,4.770086669069073e-06,5.640378220897472e-06,1.877779497605009e-05,0.8,0.7846873919923918,True,0.24,,10.271533941865968,0.11899736018635663,0.11899757291769097,,3911,149,6,1.1714793777749351e-05,5.688316853187289e-06,True,2.6202892708841756,3.6684049792378457,1.05,6.087062414415142e-17,A,0.0031388699999297387,0.00018412600002193358,0.0033229959999516723,1e-05,4.072348831535992e-17,True,1.4
40,64000,,A and B,True,B,2.0524214753493834e-06,4.195818150607457e-06,4.0367497518659e-06,5.53729018877496e-06,7.86956668821284e-06,0.8,0.7784597142781663,True,0.25,,9.782413277967587,0.008538839897055062,0.008538932473939009,,15791,77,7,9.664465565010695e-06,5.883812026625986e-06,True,2.4955135913182622,3.493719027845567,1.0,5.552089738767588e-17,B,0.01086869700020543,0.00030801200000496465,0.011176709000210394,1e-05,2.699233913088078e-17,True,1.4
120,1728000,40,A and B,True,B,2.0524214753493834e-06,4.195818150607457e-06,4.0367497518659e-06,5.53729018877496e-06,7.86956668821284e-06,0.8,0.7784597142781663,True,0.25,0.25,9.782413277967587,0.008538839897055062,0.008538932473939009,B (dense reference),426953,19348,7,8.998766734672798e-06,5.908008536230543e-06,True,2.4955135913182622,3.493719027845567,1.0,5.552089738767588e-17,C,0.6503494789994875,0.012169221000021935,0.6625186999995094,1e-05,2.699233913088078e-17,True,1.4
36,46656,,A and B,True,A,1.7810067907190997e-06,3.5167540372298487e-06,8.467377849173562e-06,7.572603631548665e-06,3.3332452063718835e-05,0.8,0.7413902040744441,True,0.16666666666666666,,13.974876111382269,0.11899790544762295,0.11899757291769097,,9939,55,6,1.6610868678326373e-05,7.1793882620860545e-06,True,1.7468595139227836,3.493719027845567,1.0,1.012380813069784e-16,A,0.008263095000074827,0.0002504320000298321,0.00851352700010466,1e-05,3.353461437559045e-17,True,2.0
60,216000,,A and B,True,B,2.206229851374585e-06,4.542133609668143e-06,6.932447812508129e-06,6.779902107806384e-06,1.3514674856391808e-05,0.8,0.7413902040744441,True,0.16666666666666666,,13.974876111382269,0.008539011290051923,0.008538932473939009,,46297,24,6,1.3612044218147238e-05,6.789147792296681e-06,True,1.7468595139227836,3.493719027845567,1.0,8.496963302451281e-17,B,0.034179583999957686,0.00030948700032240595,0.03448907100028009,1e-05,3.1627906872418073e-17,True,2.0
180,5832000,60,A and B,True,B,2.206229851374585e-06,4.542133609668143e-06,6.932447812508129e-06,6.779902107806384e-06,1.3514674856391808e-05,0.8,0.7413902040744441,True,0.16666666666666666,0.16666666666666666,13.974876111382269,0.008539011290051923,0.008538932473939009,B (dense reference),1244753,6645,6,1.576904909670784e-05,6.815994781891098e-06,True,1.7468595139227836,3.493719027845567,1.0,8.496963302451281e-17,C,1.9902952660004303,0.008878740999989532,1.9991740070004198,1e-05,3.1627906872418073e-17,True,2.0
18,5832,,A and B,True,A,1.6762167139891815e-09,2.165817563992935e-09,4.374845144630779e-08,7.712268139497333e-08,1.7221897813835173e-07,0.5,0.4567915719647792,True,0.3333333333333333,,4.305159140118851,0.11899755637762433,0.11899757291769097,,257,5333,5,1.259580766704463e-07,8.048723664451307e-08,True,8.610318280237703,4.305159140118851,1.05,3.8420247378872006e-17,A,0.0018030659998657939,0.006720728999880521,0.008523794999746315,1e-07,3.324082490710621e-17,True,0.5
20,8000,,A and B,True,B,4.643632703160453e-09,1.1249282255980215e-08,9.969887262527615e-08,2.0601778224949217e-07,1.9436105161128452e-07,0.7,0.6525593885211132,True,0.5,,4.100151562017953,0.008538923820968294,0.008538932473939009,,1189,1767,6,3.567545183455784e-07,2.2126597735391436e-07,True,8.200303124035907,4.100151562017953,1.0,6.315234012071974e-17,B,0.0024079449999589997,0.004612751999957254,0.007020696999916254,1e-07,3.0793212547777704e-17,True,0.5
60,216000,20,A and B,True,B,4.643632703160453e-09,1.1249282255980215e-08,9.969887262527615e-08,2.0601778224949217e-07,1.9436105161128452e-07,0.7,0.6525593885211132,True,0.5,0.5,4.100151562017953,0.008538923820968294,0.008538932473939009,B (dense reference),31439,684026,6,3.4231177664872457e-07,2.1927182085431787e-07,True,8.200303124035907,4.100151562017953,1.0,6.315234012071974e-17,C,0.12134327500007203,0.21068398899979002,0.33202726399986204,1e-07,3.0793212547777704e-17,True,0.5
16,4096,,A and B,True,A,3.4739108619538872e-09,1.8595390027636648e-08,5.433044568865447e-08,9.749055141704838e-08,2.1387577226098514e-07,0.7,0.6851873579471689,True,0.375,,5.740212186825135,0.11899753276272894,0.11899757291769097,,739,1737,7,1.661616706172069e-07,9.903214690775114e-08,True,5.857359374311362,4.100151562017953,1.0,4.1494952618515614e-17,A,0.0021231400000942813,0.002534218000164401,0.004657358000258682,1e-07,3.4359346110375095e-17,True,0.7
27,19683,,A and B,True,B,1.2156579839347054e-08,2.0895453231067605e-08,9.691334895436545e-08,1.2054017958926113e-07,1.8893072631561943e-07,0.7,0.6767282547626358,True,0.37037037037037035,,5.740212186825135,0.008538928247642996,0.008538932473939009,,3191,670,7,2.0505160227603333e-07,1.1792896369491658e-07,True,5.857359374311362,4.100151562017953,1.0,3.6801978034533144e-17,B,0.004370828999981313,0.003987684000094305,0.008358513000075618,1e-07,3.976037961626326e-17,True,0.7
80,512000,27,A and B,True,B,1.2156579839347054e-08,2.0895453231067605e-08,9.691334895436545e-08,1.2054017958926113e-07,1.8893072631561943e-07,0.7,0.6851873579471689,True,0.375,0.37037037037037035,5.740212186825135,0.008538928247642996,0.008538932473939009,B (dense reference),86407,248993,7,1.8590720998393808e-07,1.2590047742110028e-07,True,5.857359374311362,4.100151562017953,1.0,3.6801978034533144e-17,C,0.2342410410001321,0.07688052599996809,0.3111215670001002,1e-07,3.976037961626326e-17,True,0.7
20,8000,,A and B,True,A,1.521469254458558e-08,2.0590026202061532e-08,8.182495859982444e-08,1.3917106365595906e-07,3.2210993281829633e-07,0.8,0.7830712662253357,True,0.3,,8.200303124035907,0.11899755096452827,0.11899757291769097,,2007,557,8,2.707188343878474e-07,1.4844193726929092e-07,True,4.100151562017953,4.100151562017953,1.0,4.740681988626761e-17,A,0.003478090000044176,0.002352395999878354,0.00583048599992253,1e-07,4.065890690322134e-17,True,1.0
36,46656,,A and B,True,B,1.7509131537583033e-08,3.555184099441389e-08,5.051174416938296e-08,9.304945263636816e-08,9.847168234671148e-08,0.8,0.7250659872456813,True,0.2777777777777778,,8.200303124035907,0.008538934111006074,0.008538932473939009,,9315,251,8,1.5885131355231402e-07,9.946608304812921e-08,True,4.100151562017953,4.100151562017953,1.0,5.8379555013784e-17,B,0.009282786000312626,0.0002865849996851466,0.009569370999997773,1e-07,3.51552297672286e-17,True,1.0
100,1000000,36,A and B,True,B,1.7509131537583033e-08,3.555184099441389e-08,5.051174416938296e-08,9.304945263636816e-08,9.847168234671148e-08,0.8,0.7830712662253357,True,0.3,0.2777777777777778,8.200303124035907,0.008538934111006074,0.008538932473939009,B (dense reference),251727,85566,8,1.5456007318572053e-07,9.321140178165078e-08,True,4.100151562017953,4.100151562017953,1.0,5.8379555013784e-17,C,0.5008412259999204,0.0314578900001834,0.5322991160001038,1e-07,3.51552297672286e-17,True,1.0
30,27000,,A and B,True,A,1.3131668082968512e-09,1.736751728351679e-09,6.119909626555797e-08,6.839041254081994e-08,2.409147175136074e-07,0.8,0.7856815037794203,True,0.2,,12.341456201674038,0.11899757153437834,0.11899757291769097,,6859,252,8,1.7523952569140708e-07,7.05712592339168e-08,True,3.148330663692357,4.4076629291693,1.075,6.110001923649764e-17,A,0.0069900550006423146,0.002620652000132395,0.00961070700077471,1e-07,3.8481956428534887e-17,True,1.4
50,125000,,A and B,True,B,2.1551253645193734e-09,2.84552509778252e-09,9.930898002691022e-08,1.0326308079351366e-07,1.9360096342334e-07,0.8,0.7856815037794203,True,0.2,,12.341456201674038,0.00853893230324454,0.008538932473939009,,31559,130,8,2.1523379289192473e-07,1.0404838226927973e-07,True,3.148330663692357,4.4076629291693,1.075,6.167908192600198e-17,B,0.02291798399937761,0.0003478610001366178,0.02326584499951423,1e-07,4.0116875294310705e-17,True,1.4
150,3375000,50,A and B,True,B,2.1551253645193734e-09,2.84552509778252e-09,9.930898002691022e-08,1.0326308079351366e-07,1.9360096342334e-07,0.8,0.7856815037794203,True,0.2,0.2,12.341456201674038,0.00853893230324454,0.008538932473939009,B (dense reference),856905,38724,8,2.0080090989855085e-07,9.92700213827854e-08,True,3.148330663692357,4.4076629291693,1.075,6.167908192600198e-17,C,1.348671743000068,0.017590127999937977,1.366261871000006,1e-07,4.0116875294310705e-17,True,1.4
48,110592,,A and B,True,A,8.214831590907904e-09,1.568930921163006e-08,2.5943934139511504e-08,3.363217962791227e-08,1.0213019383963715e-07,0.7,0.668873373234141,True,0.125,,16.810621404273608,0.11899757258350879,0.11899757291769097,,17269,86,8,5.114586838570369e-08,3.54147094359037e-08,True,2.101327675534201,4.202655351068402,1.025,1.0161977978116974e-16,A,0.02015156599918555,0.00031873699936113553,0.020470302998546686,1e-07,4.450830354625544e-17,True,2.0
80,512000,,A and B,True,B,1.1705432601073932e-08,3.132626836041241e-08,5.8886570743358164e-08,5.107722328049149e-08,1.1479824710234222e-07,0.7,0.668873373234141,True,0.125,,16.810621404273608,0.008538932837867367,0.008538932473939009,,80269,46,8,9.231055217415605e-08,4.973879649801287e-08,True,2.101327675534201,4.202655351068402,1.025,8.881002484124369e-17,B,0.1187313959999301,0.00034273300025233766,0.11907412900018244,1e-07,4.5939445859379075e-17,True,2.0
240,13824000,80,A and B,True,B,1.1705432601073932e-08,3.132626836041241e-08,5.8886570743358164e-08,5.107722328049149e-08,1.1479824710234222e-07,0.7,0.668873373234141,True,0.125,0.125,16.810621404273608,0.008538932837867367,0.008538932473939009,B (dense reference),2166081,11522,8,8.53636735225295e-08,5.306668271265096e-08,True,2.101327675534201,4.202655351068402,1.025,8.881002484124369e-17,C,8.135037408999779,0.01016237700059719,8.145199786000376,1e-07,4.5939445859379075e-17,True,2.0
18,5832,,A and B,True,A,4.482807761781714e-11,1.2944088462088e-10,6.497213804911134e-10,1.0911837902230028e-09,2.5576757239086742e-09,0.5,0.4910234568177092,True,0.3333333333333333,,4.627787054036341,0.11899757261640392,0.11899757291769097,,365,6637,7,1.7072315098604637e-09,1.1515938600991725e-09,True,9.255574108072683,4.627787054036341,1.0,4.402521927083985e-17,A,0.002765958999589202,0.007420279000143637,0.010186237999732839,1e-09,4.451462305824673e-17,True,0.5
24,13824,,A and B,True,B,3.508492461252842e-11,1.1890042624847446e-10,7.493161955177436e-10,1.3852224909889242e-09,1.4607776388563966e-09,0.7,0.6137793210221366,True,0.4166666666666667,,4.627787054036341,0.00853893240501921,0.008538932473939009,,1743,2544,8,2.5139459040954336e-09,1.4252525017982272e-09,True,9.255574108072683,4.627787054036341,1.0,7.385994192765644e-17,B,0.004739774999507063,0.004841007000322861,0.009580781999829924,1e-09,3.816693858749317e-17,True,0.5
64,262144,24,A and B,True,B,3.508492461252842e-11,1.1890042624847446e-10,7.493161955177436e-10,1.3852224909889242e-09,1.4607776388563966e-09,0.7,0.6905017361499036,True,0.46875,0.4166666666666667,4.627787054036341,0.00853893240501921,0.008538932473939009,B (dense reference),45145,984593,8,2.18285990642837e-09,1.3782737641577496e-09,True,9.255574108072683,4.627787054036341,1.0,7.385994192765644e-17,C,0.27971098699981667,0.31227609500001563,0.5919870819998323,1e-09,3.816693858749317e-17,True,0.5
24,13824,,A and B,True,A,4.9135003492616165e-11,1.7732600785511238e-10,3.250767539141862e-10,6.109052349911699e-10,1.2796884123851305e-09,0.6,0.5155746296585947,True,0.25,,6.478901875650878,0.11899757258891189,0.11899757291769097,,1021,2484,8,9.623827755070408e-10,6.270269336323716e-10,True,6.6111243629090595,4.627787054036341,1.0,4.4161811519265066e-17,A,0.004600019000463362,0.007080725999912829,0.011680745000376191,1e-09,3.473520331894883e-17,True,0.7
36,46656,,A and B,True,B,1.1644290904178987e-10,1.7738386364731647e-10,8.674929217934439e-10,1.6503361710726186e-09,1.6911609139136197e-09,0.6,0.5728606996206608,True,0.2777777777777778,,6.478901875650878,0.008538932337748342,0.008538932473939009,,4625,937,8,3.050015804039962e-09,1.646193114813373e-09,True,6.6111243629090595,4.627787054036341,1.0,3.8160925404376146e-17,B,0.009876756999801728,0.0042536670007393695,0.014130424000541097,1e-09,4.4120790590361194e-17,True,0.7
108,1259712,36,A and B,True,B,1.1644290904178987e-10,1.7738386364731647e-10,8.674929217934439e-10,1.6503361710726186e-09,1.6911609139136197e-09,0.6,0.5728606996206608,True,0.2777777777777778,0.2777777777777778,6.478901875650878,0.008538932337748342,0.008538932473939009,B (dense reference),123905,358120,8,2.5262784057546934e-09,1.7141651080280933e-09,True,6.6111243629090595,4.627787054036341,1.0,3.8160925404376146e-17,C,0.6335814889998801,0.1053727489997982,0.7389542379996783,1e-09,4.4120790590361194e-17,True,0.7
36,46656,,A and B,True,A,1.1065210372068652e-10,3.0964215876689744e-10,4.026568794115595e-10,6.991377228215041e-10,1.5850882493005082e-09,0.5,0.4910234568177092,True,0.16666666666666666,,9.255574108072683,0.1189975726177678,0.11899757291769097,,2945,805,8,9.656387256679756e-10,7.057964240197933e-10,True,4.627787054036341,4.627787054036341,1.0,4.5205582241540774e-17,A,0.009277246999772615,0.00246976100061147,0.011747008000384085,1e-09,3.6309085843903875e-17,True,1.0
60,216000,,A and B,True,B,1.5248956749897039e-10,2.9173819409965344e-10,5.847359335586169e-10,8.610480471112556e-10,1.1399315555805582e-09,0.5,0.4910234568177092,True,0.16666666666666666,,9.255574108072683,0.008538932430337123,0.008538932473939009,,13301,352,8,1.335359467529225e-09,8.898642905591739e-10,True,4.627787054036341,4.627787054036341,1.0,4.928826968366715e-17,B,0.034619693999957235,0.0003879649993905332,0.03500765899934777,1e-09,3.060785510565367e-17,True,1.0
180,5832000,60,A and B,True,B,1.5248956749897039e-10,2.9173819409965344e-10,5.847359335586169e-10,8.610480471112556e-10,1.1399315555805582e-09,0.5,0.4910234568177092,True,0.16666666666666666,0.16666666666666666,9.255574108072683,0.008538932430337123,0.008538932473939009,B (dense reference),361389,123110,8,1.4279041024253267e-09,8.569308608597289e-10,True,4.627787054036341,4.627787054036341,1.0,4.928826968366715e-17,C,2.751170339000055,0.04008764300033363,2.7912579820003884,1e-09,3.060785510565367e-17,True,1.0
50,125000,,A and B,True,A,1.3805424179155714e-10,2.709054981784466e-10,5.910938745258769e-10,7.28804192557967e-10,2.3268842596547945e-09,0.5,0.49495164447225093,True,0.12,,12.957803751301755,0.118997572758684,0.11899757291769097,,8025,285,8,1.1599343023634302e-09,7.090465328271079e-10,True,3.3055621814545297,4.627787054036341,1.0,6.934128101759739e-17,A,0.02295688499998505,0.0024817039993649814,0.02543858899935003,1e-09,4.059019716803317e-17,True,1.4
90,729000,,A and B,True,B,2.829342279646895e-10,4.663304844561024e-10,5.135147775329153e-10,7.593006102084316e-10,1.0010872696059818e-09,0.5,0.4582885596965286,True,0.1111111111111111,,12.957803751301755,0.00853893247738519,0.008538932473939009,,36785,144,8,1.4599160868106207e-09,7.851846554034467e-10,True,3.3055621814545297,4.627787054036341,1.0,6.008534556533592e-17,B,0.16548854499978916,0.00036488000023382483,0.16585342500002298,1e-09,3.382296302926896e-17,True,1.4
250,15625000,90,A and B,True,B,2.829342279646895e-10,4.663304844561024e-10,5.135147775329153e-10,7.593006102084316e-10,1.0010872696059818e-09,0.5,0.49495164447225093,True,0.12,0.1111111111111111,12.957803751301755,0.00853893247738519,0.008538932473939009,B (dense reference),992315,44891,8,1.2637385161044118e-09,7.757534244092548e-10,True,3.3055621814545297,4.627787054036341,1.0,6.008534556533592e-17,C,12.685668770999655,0.01857066100001248,12.704239431999667,1e-09,3.382296302926896e-17,True,1.4
75,421875,,A and B,True,A,7.962979424121997e-11,1.6346549786147778e-10,4.622478001186312e-10,4.0390737473405584e-10,1.8196722661334414e-09,0.5,0.48316708150862586,True,0.08,,18.973926921548998,0.11899757290994062,0.11899757291769097,,24885,114,8,9.924045570393968e-10,3.922815143135864e-10,True,2.3717408651936247,4.743481730387249,1.025,9.54580993787521e-17,A,0.08224536600027932,0.00034056700042128796,0.0825859330007006,1e-09,3.347146334457734e-17,True,2.0
125,1953125,,A and B,True,B,1.0337230451095722e-10,1.569547444984239e-10,4.393329755805604e-10,4.473482098790765e-10,8.564712608365464e-10,0.5,0.48316708150862586,True,0.08,,18.973926921548998,0.008538932481569006,0.008538932473939009,,115313,70,8,7.740490434028927e-10,4.4198965305747227e-10,True,2.3717408651936247,4.743481730387249,1.025,9.052516751605849e-17,B,0.5334718020003493,0.0003910890000042855,0.5338628910003536,1e-09,5.724464876949339e-17,True,2.0
,,,,,,,,,,,,,False,,,,,,,,,,,,,,,,,C,,,,1e-09,,,2.0
