M_A,M_B,M_C,err_A,err_B,eta_N,p,s,s_factor,tol,xi
18,30,90,7.713916939255873e-06,8.993260087777306e-06,0.4,3,3.493719027845567,1.0,1e-05,0.5
12,20,60,2.8029955792391316e-06,4.602808923781663e-06,0.6,4,3.493719027845567,1.0,1e-05,0.5
9,15,45,3.044266058724749e-06,3.3978462669147725e-06,0.8,5,3.493719027845567,1.0,1e-05,0.5
9,15,45,1.4131500120552261e-06,1.3647556250974549e-06,0.8,6,3.493719027845567,1.0,1e-05,0.5
9,15,45,1.1019228610675492e-06,1.2165578860822103e-06,0.8,7,3.493719027845567,1.0,1e-05,0.5
9,15,45,1.0655287299171871e-06,1.20761021054784e-06,0.8,8,3.493719027845567,1.0,1e-05,0.5
18,30,90,7.464282902326593e-06,8.853218437320095e-06,0.4,3,3.5810620035417062,1.025,1e-05,0.5
10,18,50,5.563194056071621e-06,7.314858992951788e-06,0.7,4,3.5810620035417062,1.025,1e-05,0.5
9,15,45,2.8283558517685244e-06,3.2286394559960917e-06,0.8,5,3.5810620035417062,1.025,1e-05,0.5
9,15,45,1.1432511780457324e-06,9.555787987834036e-07,0.8,6,3.5810620035417062,1.025,1e-05,0.5
9,15,45,7.345587369881999e-07,6.354199915734549e-07,0.8,7,3.5810620035417062,1.025,1e-05,0.5
9,15,45,6.473358310735182e-07,6.254805672433249e-07,0.8,8,3.5810620035417062,1.025,1e-05,0.5
18,30,90,7.308626355602079e-06,8.748658027021874e-06,0.4,3,3.6684049792378457,1.05,1e-05,0.5
12,18,54,2.435306397687694e-06,7.3913486236350415e-06,0.7,4,3.6684049792378457,1.05,1e-05,0.5
9,15,45,2.584927594983937e-06,3.1065129017317555e-06,0.8,5,3.6684049792378457,1.05,1e-05,0.5
9,15,45,8.879738837631126e-07,8.150101437085763e-07,0.8,6,3.6684049792378457,1.05,1e-05,0.5
9,15,45,4.438446044970132e-07,4.1307316536462447e-07,0.8,7,3.6684049792378457,1.05,1e-05,0.5
9,15,45,3.7845751941526565e-07,3.485932505727332e-07,0.8,8,3.6684049792378457,1.05,1e-05,0.5
18,30,90,7.2064366569688305e-06,8.684109455953397e-06,0.4,3,3.7557479549339847,1.075,1e-05,0.5
12,18,54,2.355811323645624e-06,7.42461312706666e-06,0.7,4,3.7557479549339847,1.075,1e-05,0.5
9,15,45,2.4748760879809603e-06,3.1397630888160573e-06,0.8,5,3.7557479549339847,1.075,1e-05,0.5
9,15,45,7.701093168636817e-07,7.772767131983621e-07,0.8,6,3.7557479549339847,1.075,1e-05,0.5
9,15,45,3.2597132392512667e-07,2.976699736346679e-07,0.8,7,3.7557479549339847,1.075,1e-05,0.5
9,15,45,2.2836256110942338e-07,1.9496178989569276e-07,0.8,8,3.7557479549339847,1.075,1e-05,0.5
20,32,96,4.623150169632429e-06,8.878856602851343e-06,0.4,3,3.843090930630124,1.1,1e-05,0.5
12,18,54,2.31977073597307e-06,7.4140607330635584e-06,0.7,4,3.843090930630124,1.1,1e-05,0.5
10,16,48,1.2337305392126735e-06,2.2680450289948906e-06,0.8,5,3.843090930630124,1.1,1e-05,0.5
10,16,48,3.229065501895453e-07,4.861044810831994e-07,0.8,6,3.843090930630124,1.1,1e-05,0.5
10,16,48,1.4159745444495382e-07,1.6523098178799988e-07,0.8,7,3.843090930630124,1.1,1e-05,0.5
10,16,48,1.1422334288094054e-07,1.017028723441237e-07,0.8,8,3.843090930630124,1.1,1e-05,0.5
20,32,96,4.0190869772669745e-06,6.535528455131599e-06,0.5,4,3.493719027845567,1.0,1e-05,0.7
15,24,72,2.9142418188038214e-06,3.960495719040295e-06,0.7,5,3.493719027845567,1.0,1e-05,0.7
12,20,60,2.976975574960372e-06,3.9675739832439574e-06,0.8,6,3.493719027845567,1.0,1e-05,0.7
12,20,60,2.147257152729952e-06,1.9658052751370496e-06,0.8,7,3.493719027845567,1.0,1e-05,0.7
12,20,60,2.04603186891709e-06,1.8528169805132063e-06,0.8,8,3.493719027845567,1.0,1e-05,0.7
20,32,96,3.409126704515489e-06,6.603085799042827e-06,0.5,4,3.5810620035417062,1.025,1e-05,0.7
15,24,72,2.4975649485084408e-06,3.816289121622614e-06,0.7,5,3.5810620035417062,1.025,1e-05,0.7
12,20,60,2.4398405069533916e-06,3.7294273797821203e-06,0.8,6,3.5810620035417062,1.025,1e-05,0.7
12,20,60,1.240780989272639e-06,1.5401534306845902e-06,0.8,7,3.5810620035417062,1.025,1e-05,0.7
12,20,60,1.1266351850501534e-06,1.141375888412433e-06,0.8,8,3.5810620035417062,1.025,1e-05,0.7
36,60,180,5.006227897109868e-06,9.400223585934953e-06,0.3,3,3.6684049792378457,1.05,1e-05,0.7
18,30,90,4.672317363917059e-06,9.447110485927295e-06,0.6,4,3.6684049792378457,1.05,1e-05,0.7
15,24,64,2.348238120691602e-06,3.6254891261984416e-06,0.8,5,3.6684049792378457,1.05,1e-05,0.7
15,24,64,6.791791866853923e-07,9.253998419675055e-07,0.8,6,3.6684049792378457,1.05,1e-05,0.7
15,24,64,5.545965701344957e-07,6.169586148454685e-07,0.8,7,3.6684049792378457,1.05,1e-05,0.7
15,24,64,5.422514062327504e-07,5.784800107705248e-07,0.8,8,3.6684049792378457,1.05,1e-05,0.7
36,60,180,4.930860334606795e-06,9.35555143909832e-06,0.3,3,3.7557479549339847,1.075,1e-05,0.7
18,30,90,4.616913994215188e-06,9.502642319679066e-06,0.6,4,3.7557479549339847,1.075,1e-05,0.7
15,24,64,2.2037068891523953e-06,3.6636465081779448e-06,0.8,5,3.7557479549339847,1.075,1e-05,0.7
15,24,64,5.125986012014745e-07,9.004273785288644e-07,0.8,6,3.7557479549339847,1.075,1e-05,0.7
15,24,64,3.253685120679622e-07,3.0780846420995314e-07,0.8,7,3.7557479549339847,1.075,1e-05,0.7
15,24,64,3.289314933265718e-07,2.9545119715289153e-07,0.8,8,3.7557479549339847,1.075,1e-05,0.7
36,60,180,4.882494871623914e-06,9.338560589272984e-06,0.3,3,3.843090930630124,1.1,1e-05,0.7
18,30,90,4.596533107679306e-06,9.462903631196271e-06,0.6,4,3.843090930630124,1.1,1e-05,0.7
15,24,72,2.1396289748929782e-06,3.6183724372042622e-06,0.8,5,3.843090930630124,1.1,1e-05,0.7
15,24,72,4.3895090149875596e-07,8.544579356371008e-07,0.8,6,3.843090930630124,1.1,1e-05,0.7
15,24,72,1.7841069459721701e-07,2.2763027296157792e-07,0.8,7,3.843090930630124,1.1,1e-05,0.7
15,24,72,1.4982539826701787e-07,1.5432141676854946e-07,0.8,8,3.843090930630124,1.1,1e-05,0.7
36,60,180,3.0803598589965275e-06,4.152601749131003e-06,0.4,4,3.493719027845567,1.0,1e-05,1.0
20,32,96,5.649399051491615e-06,9.08442874250446e-06,0.7,5,3.493719027845567,1.0,1e-05,1.0
18,30,90,4.333316687747143e-06,5.912638942943555e-06,0.8,6,3.493719027845567,1.0,1e-05,1.0
18,30,90,2.7804052843262557e-06,3.3350859720473724e-06,0.8,7,3.493719027845567,1.0,1e-05,1.0
18,30,90,2.462045871868441e-06,2.7324151641439357e-06,0.8,8,3.493719027845567,1.0,1e-05,1.0
36,60,180,2.8309567283464405e-06,4.112698431206301e-06,0.4,4,3.5810620035417062,1.025,1e-05,1.0
20,36,100,5.518366484250111e-06,5.159720663431244e-06,0.7,5,3.5810620035417062,1.025,1e-05,1.0
18,30,90,3.147087384534259e-06,5.022273418542502e-06,0.8,6,3.5810620035417062,1.025,1e-05,1.0
18,30,90,1.3378868290695767e-06,2.2649707234572713e-06,0.8,7,3.5810620035417062,1.025,1e-05,1.0
18,30,90,1.080581219079785e-06,1.7394188987286268e-06,0.8,8,3.5810620035417062,1.025,1e-05,1.0
36,60,180,2.5421985796190566e-06,3.963177924876771e-06,0.4,4,3.6684049792378457,1.05,1e-05,1.0
24,36,108,2.382051809796049e-06,5.315423352307741e-06,0.7,5,3.6684049792378457,1.05,1e-05,1.0
18,30,90,3.0395693235703533e-06,4.9801685953967865e-06,0.8,6,3.6684049792378457,1.05,1e-05,1.0
18,30,90,1.2379777700450404e-06,1.6120139726766045e-06,0.8,7,3.6684049792378457,1.05,1e-05,1.0
18,30,90,8.1408768867934e-07,9.183010758186487e-07,0.8,8,3.6684049792378457,1.05,1e-05,1.0
36,60,180,2.4737806143202192e-06,3.9999539696077606e-06,0.4,4,3.7557479549339847,1.075,1e-05,1.0
24,36,108,2.472190217061835e-06,5.288261081670301e-06,0.7,5,3.7557479549339847,1.075,1e-05,1.0
18,30,90,2.849149021655835e-06,4.989149115048984e-06,0.8,6,3.7557479549339847,1.075,1e-05,1.0
18,30,90,9.777664876996251e-07,1.3265952534911012e-06,0.8,7,3.7557479549339847,1.075,1e-05,1.0
18,30,90,4.7452852775656825e-07,5.91878008145887e-07,0.8,8,3.7557479549339847,1.075,1e-05,1.0
40,64,192,2.3602016024171662e-06,3.0305816740467067e-06,0.4,4,3.843090930630124,1.1,1e-05,1.0
20,32,96,5.554423636624898e-06,9.042561273786555e-06,0.8,5,3.843090930630124,1.1,1e-05,1.0
20,32,96,1.4960778857742018e-06,2.215971231885683e-06,0.8,6,3.843090930630124,1.1,1e-05,1.0
20,32,96,4.004801113170977e-07,5.876551441488933e-07,0.8,7,3.843090930630124,1.1,1e-05,1.0
20,32,96,3.040911782506994e-07,2.697078322844547e-07,0.8,8,3.843090930630124,1.1,1e-05,1.0
64,108,320,3.831210601401013e-06,4.081951191786245e-06,0.3,4,3.493719027845567,1.0,1e-05,1.4
32,54,160,5.560798717926184e-06,5.952131977690283e-06,0.6,5,3.493719027845567,1.0,1e-05,1.4
27,45,135,4.762381132443096e-06,4.78371028269425e-06,0.7,6,3.493719027845567,1.0,1e-05,1.4
24,40,120,3.556904964586426e-06,4.0367497518659e-06,0.8,7,3.493719027845567,1.0,1e-05,1.4
24,40,120,3.665026735545827e-06,4.047026308165696e-06,0.8,8,3.493719027845567,1.0,1e-05,1.4
64,108,320,1.8514007618168357e-06,2.590440850113187e-06,0.3,4,3.5810620035417062,1.025,1e-05,1.4
32,54,160,3.964657952006992e-06,6.0299737558764915e-06,0.6,5,3.5810620035417062,1.025,1e-05,1.4
30,48,144,1.932141821803481e-06,3.855050860880834e-06,0.7,6,3.5810620035417062,1.025,1e-05,1.4
24,40,120,2.921404729778802e-06,3.6852420610984594e-06,0.8,7,3.5810620035417062,1.025,1e-05,1.4
24,40,120,1.7973271663610099e-06,2.711199476152506e-06,0.8,8,3.5810620035417062,1.025,1e-05,1.4
50,90,250,3.884932434634291e-06,6.956605325066522e-06,0.4,4,3.6684049792378457,1.05,1e-05,1.4
36,60,180,2.339475645928117e-06,3.38478738423161e-06,0.6,5,3.6684049792378457,1.05,1e-05,1.4
25,45,125,4.770086669069073e-06,4.046941930658151e-06,0.8,6,3.6684049792378457,1.05,1e-05,1.4
25,45,125,1.7968157544012635e-06,1.2220638183768572e-06,0.8,7,3.6684049792378457,1.05,1e-05,1.4
25,45,125,1.027319084358668e-06,9.878691407564813e-07,0.8,8,3.6684049792378457,1.05,1e-05,1.4
45,72,216,5.0227985238860755e-06,8.093964422422418e-06,0.5,4,3.7557479549339847,1.075,1e-05,1.4
36,60,180,2.130175485917362e-06,3.5091002359508043e-06,0.6,5,3.7557479549339847,1.075,1e-05,1.4
27,45,128,2.2622291828001127e-06,3.953019150248736e-06,0.8,6,3.7557479549339847,1.075,1e-05,1.4
27,45,128,9.565019448060964e-07,1.146845024952378e-06,0.8,7,3.7557479549339847,1.075,1e-05,1.4
27,45,128,6.311522423315145e-07,8.891524953513698e-07,0.8,8,3.7557479549339847,1.075,1e-05,1.4
45,72,216,4.986434489040017e-06,8.281357829244036e-06,0.5,4,3.843090930630124,1.1,1e-05,1.4
36,60,180,1.94844232119354e-06,3.5581954916330673e-06,0.6,5,3.843090930630124,1.1,1e-05,1.4
27,45,135,2.0608991375788862e-06,3.866057024380588e-06,0.8,6,3.843090930630124,1.1,1e-05,1.4
27,45,135,6.777888518725702e-07,1.0225950987703517e-06,0.8,7,3.843090930630124,1.1,1e-05,1.4
27,45,135,3.011672820267432e-07,4.778947125597974e-07,0.8,8,3.843090930630124,1.1,1e-05,1.4
90,150,450,3.5368223535843895e-06,4.064558129309159e-06,0.3,4,3.493719027845567,1.0,1e-05,2.0
54,90,270,3.5876439754547463e-06,4.110657413963178e-06,0.5,5,3.493719027845567,1.0,1e-05,2.0
36,60,180,8.467377849173562e-06,6.932447812508129e-06,0.8,6,3.493719027845567,1.0,1e-05,2.0
36,60,180,3.546633663493773e-06,3.963981081732269e-06,0.8,7,3.493719027845567,1.0,1e-05,2.0
36,60,180,3.5172198648086768e-06,3.7627352197953787e-06,0.8,8,3.493719027845567,1.0,1e-05,2.0
72,120,360,6.378398460604237e-06,9.888568113948726e-06,0.4,4,3.5810620035417062,1.025,1e-05,2.0
48,80,240,7.308918552734181e-06,5.266048556142985e-06,0.6,5,3.5810620035417062,1.025,1e-05,2.0
36,60,180,8.261267800593126e-06,7.075946398070715e-06,0.8,6,3.5810620035417062,1.025,1e-05,2.0
36,60,180,2.5104103136327266e-06,3.95712361171638e-06,0.8,7,3.5810620035417062,1.025,1e-05,2.0
36,60,180,1.873126292678966e-06,3.7616971525560925e-06,0.8,8,3.5810620035417062,1.025,1e-05,2.0
72,120,360,6.6211358780156844e-06,9.383419323450804e-06,0.4,4,3.6684049792378457,1.05,1e-05,2.0
48,80,240,7.142533936474197e-06,5.6619202088013715e-06,0.6,5,3.6684049792378457,1.05,1e-05,2.0
36,60,180,8.208012438760857e-06,6.5671277987936635e-06,0.8,6,3.6684049792378457,1.05,1e-05,2.0
36,60,180,2.461202427081622e-06,3.031929372075475e-06,0.8,7,3.6684049792378457,1.05,1e-05,2.0
36,60,180,1.053106909329758e-06,2.76289698525444e-06,0.8,8,3.6684049792378457,1.05,1e-05,2.0
72,120,360,6.621093922197928e-06,9.095174216815402e-06,0.4,4,3.7557479549339847,1.075,1e-05,2.0
48,80,240,7.065283736704288e-06,5.944978223758747e-06,0.6,5,3.7557479549339847,1.075,1e-05,2.0
36,60,180,8.185007289301584e-06,5.889893821148662e-06,0.8,6,3.7557479549339847,1.075,1e-05,2.0
36,60,180,2.4400960927651197e-06,1.5175563808353674e-06,0.8,7,3.7557479549339847,1.075,1e-05,2.0
36,60,180,1.0169162596914035e-06,8.152308817967181e-07,0.8,8,3.7557479549339847,1.075,1e-05,2.0
75,125,375,3.1769717872942826e-06,4.758805876063306e-06,0.4,4,3.843090930630124,1.1,1e-05,2.0
50,90,250,4.547923527273967e-06,2.8715034769171227e-06,0.6,5,3.843090930630124,1.1,1e-05,2.0
40,64,192,2.983845882574493e-06,3.3708115465969915e-06,0.8,6,3.843090930630124,1.1,1e-05,2.0
40,64,192,7.369149432343538e-07,1.0028161711792267e-06,0.8,7,3.843090930630124,1.1,1e-05,2.0
40,64,192,2.490372089016797e-07,6.176039285992252e-07,0.8,8,3.843090930630124,1.1,1e-05,2.0
20,36,100,3.2032199517426155e-08,2.8441496498124322e-08,0.4,5,4.100151562017953,1.0,1e-07,0.5
12,20,60,8.862074198044926e-08,9.969887262527615e-08,0.7,6,4.100151562017953,1.0,1e-07,0.5
10,18,50,7.71979853261044e-08,4.878820436504792e-08,0.8,7,4.100151562017953,1.0,1e-07,0.5
10,18,50,2.5464965488198936e-08,1.5659952877939718e-08,0.8,8,4.100151562017953,1.0,1e-07,0.5
24,36,108,1.3499435084633822e-08,2.5791475969839405e-08,0.4,5,4.202655351068402,1.025,1e-07,0.5
15,24,72,1.958166696582037e-08,3.426018784320708e-08,0.6,6,4.202655351068402,1.025,1e-07,0.5
12,18,54,1.923947606470129e-08,5.059589138567425e-08,0.8,7,4.202655351068402,1.025,1e-07,0.5
12,18,54,7.321444293249319e-09,1.1305355347266551e-08,0.8,8,4.202655351068402,1.025,1e-07,0.5
18,30,90,4.374845144630779e-08,6.843191781342024e-08,0.5,5,4.305159140118851,1.05,1e-07,0.5
15,24,72,1.7619726521637307e-08,3.2476263877048215e-08,0.6,6,4.305159140118851,1.05,1e-07,0.5
12,18,54,1.7281968096740214e-08,5.2178828256060765e-08,0.8,7,4.305159140118851,1.05,1e-07,0.5
12,18,54,4.947228861624381e-09,1.1813702196708629e-08,0.8,8,4.305159140118851,1.05,1e-07,0.5
18,30,90,4.259239739214948e-08,6.803854559508286e-08,0.5,5,4.4076629291693,1.075,1e-07,0.5
15,24,64,1.681784496613944e-08,3.2162250573649994e-08,0.7,6,4.4076629291693,1.075,1e-07,0.5
12,18,54,1.639737502624139e-08,5.281784798548511e-08,0.8,7,4.4076629291693,1.075,1e-07,0.5
12,18,54,3.9857577999870685e-09,1.2473245806870278e-08,0.8,8,4.4076629291693,1.075,1e-07,0.5
18,30,90,4.2228255215069975e-08,6.778313093545137e-08,0.5,5,4.510166718219749,1.1,1e-07,0.5
15,24,64,1.654878258201893e-08,3.198004238596817e-08,0.7,6,4.510166718219749,1.1,1e-07,0.5
12,18,54,1.6295727379879336e-08,5.299199434058799e-08,0.8,7,4.510166718219749,1.1,1e-07,0.5
12,18,54,3.5453042662191315e-09,1.2647501531429502e-08,0.8,8,4.510166718219749,1.1,1e-07,0.5
30,48,144,4.8006101744293484e-08,9.798045768241132e-08,0.4,5,4.100151562017953,1.0,1e-07,0.7
24,40,120,2.6904586757990566e-08,3.273739310642748e-08,0.5,6,4.100151562017953,1.0,1e-07,0.7
16,27,80,5.433044568865447e-08,9.691334895436545e-08,0.7,7,4.100151562017953,1.0,1e-07,0.7
15,24,72,3.0681200817827965e-08,5.871901967739125e-08,0.8,8,4.100151562017953,1.0,1e-07,0.7
30,48,144,4.381325850318692e-08,9.315471312668825e-08,0.4,5,4.202655351068402,1.025,1e-07,0.7
24,40,120,2.1350268698104304e-08,2.783539000162322e-08,0.5,6,4.202655351068402,1.025,1e-07,0.7
18,27,81,2.0126069855778718e-08,9.07485338618381e-08,0.7,7,4.202655351068402,1.025,1e-07,0.7
15,24,72,2.3275021162873492e-08,5.4169302555306036e-08,0.8,8,4.202655351068402,1.025,1e-07,0.7
30,48,144,4.088102989127117e-08,9.2756181321509e-08,0.4,5,4.305159140118851,1.05,1e-07,0.7
24,40,120,1.7939109350323845e-08,2.6587692396927604e-08,0.5,6,4.305159140118851,1.05,1e-07,0.7
18,30,90,1.837411332940982e-08,3.0434743552223476e-08,0.7,7,4.305159140118851,1.05,1e-07,0.7
15,24,72,2.1622403512722327e-08,5.424759127644252e-08,0.8,8,4.305159140118851,1.05,1e-07,0.7
30,50,150,4.0353378868081695e-08,8.26114521228836e-08,0.4,5,4.4076629291693,1.075,1e-07,0.7
20,36,100,5.943780705130452e-08,3.9810277759518915e-08,0.6,6,4.4076629291693,1.075,1e-07,0.7
18,30,90,1.800901629695314e-08,2.982804605790029e-08,0.7,7,4.4076629291693,1.075,1e-07,0.7
15,25,75,2.0926018691659726e-08,3.8913237545618694e-08,0.8,8,4.4076629291693,1.075,1e-07,0.7
32,54,160,3.161024611259636e-08,5.231972192712737e-08,0.4,5,4.510166718219749,1.1,1e-07,0.7
24,36,108,1.689909014933498e-08,3.9376984553568844e-08,0.6,6,4.510166718219749,1.1,1e-07,0.7
16,27,80,4.932963705735619e-08,8.729623703866516e-08,0.8,7,4.510166718219749,1.1,1e-07,0.7
16,27,80,1.1065892081655981e-08,1.9240813905489345e-08,0.8,8,4.510166718219749,1.1,1e-07,0.7
54,90,270,4.04789533358787e-08,6.065392766384624e-08,0.3,5,4.100151562017953,1.0,1e-07,1.0
32,54,160,4.7585272146118596e-08,8.888131872130777e-08,0.5,6,4.100151562017953,1.0,1e-07,1.0
27,45,135,3.421756608501248e-08,6.097354267454526e-08,0.6,7,4.100151562017953,1.0,1e-07,1.0
20,36,100,8.182495859982444e-08,5.051174416938296e-08,0.8,8,4.100151562017953,1.0,1e-07,1.0
54,90,270,3.416735158056038e-08,4.229760893015386e-08,0.3,5,4.202655351068402,1.025,1e-07,1.0
36,54,162,2.5312367117560308e-08,9.251302033592162e-08,0.5,6,4.202655351068402,1.025,1e-07,1.0
27,45,135,2.853243721216329e-08,3.949954805011925e-08,0.6,7,4.202655351068402,1.025,1e-07,1.0
24,36,108,2.3440630687912834e-08,5.240017126614315e-08,0.8,8,4.202655351068402,1.025,1e-07,1.0
60,96,288,2.012959228575401e-08,4.4106451106102324e-08,0.3,5,4.305159140118851,1.05,1e-07,1.0
36,60,180,2.1814334107256546e-08,3.840582736398479e-08,0.5,6,4.305159140118851,1.05,1e-07,1.0
30,48,144,1.0110203122853914e-08,2.40159076085721e-08,0.6,7,4.305159140118851,1.05,1e-07,1.0
24,36,108,1.6443202932800776e-08,5.479357393802654e-08,0.8,8,4.305159140118851,1.05,1e-07,1.0
60,96,288,1.827713173853785e-08,4.574532465554176e-08,0.3,5,4.4076629291693,1.075,1e-07,1.0
36,60,180,2.097517225303553e-08,3.7160511822116815e-08,0.5,6,4.4076629291693,1.075,1e-07,1.0
25,45,125,5.320312881257903e-08,3.6623532839055525e-08,0.7,7,4.4076629291693,1.075,1e-07,1.0
24,36,108,1.4700556840088215e-08,5.481928161719693e-08,0.8,8,4.4076629291693,1.075,1e-07,1.0
60,96,288,1.7419739501198824e-08,4.6611138897035794e-08,0.3,5,4.510166718219749,1.1,1e-07,1.0
36,60,180,2.0533379481855836e-08,3.662284445653673e-08,0.5,6,4.510166718219749,1.1,1e-07,1.0
25,45,125,5.2390575378615346e-08,3.63738657344638e-08,0.7,7,4.510166718219749,1.1,1e-07,1.0
24,36,108,1.3982588322241328e-08,5.5414789888422967e-08,0.8,8,4.510166718219749,1.1,1e-07,1.0
75,125,375,4.118956851384349e-08,7.12162066714944e-08,0.3,5,4.100151562017953,1.0,1e-07,1.4
60,96,288,3.036699451071939e-08,3.8951094491685466e-08,0.4,6,4.100151562017953,1.0,1e-07,1.4
40,64,192,3.607638646675078e-08,5.2670792713946445e-08,0.6,7,4.100151562017953,1.0,1e-07,1.4
32,54,160,4.44685399259609e-08,4.461624457101869e-08,0.7,8,4.100151562017953,1.0,1e-07,1.4
75,125,375,4.934294069265711e-08,6.80555297504207e-08,0.3,5,4.202655351068402,1.025,1e-07,1.4
60,96,288,1.5804420687008302e-08,2.6883912898682786e-08,0.4,6,4.202655351068402,1.025,1e-07,1.4
40,64,192,3.090177155303099e-08,5.211865511018977e-08,0.6,7,4.202655351068402,1.025,1e-07,1.4
36,54,162,1.7577978074689933e-08,3.967676273486089e-08,0.7,8,4.202655351068402,1.025,1e-07,1.4
80,128,384,3.520673415446406e-08,3.990615086077322e-08,0.3,5,4.305159140118851,1.05,1e-07,1.4
48,80,240,4.444439510913905e-08,8.036668033601758e-08,0.5,6,4.305159140118851,1.05,1e-07,1.4
36,60,180,4.946308241811209e-08,8.735365415506447e-08,0.7,7,4.305159140118851,1.05,1e-07,1.4
36,60,180,1.2242280297320553e-08,1.7153724558029267e-08,0.7,8,4.305159140118851,1.05,1e-07,1.4
80,135,400,3.430410210689835e-08,3.947301679078436e-08,0.3,5,4.4076629291693,1.075,1e-07,1.4
48,80,240,4.3148059880301807e-08,8.136471939165524e-08,0.5,6,4.4076629291693,1.075,1e-07,1.4
36,60,180,4.783591573379971e-08,8.821117658394308e-08,0.7,7,4.4076629291693,1.075,1e-07,1.4
30,50,150,6.119909626555797e-08,9.930898002691022e-08,0.8,8,4.4076629291693,1.075,1e-07,1.4
81,135,405,3.862227772913254e-08,4.032449537836432e-08,0.3,5,4.510166718219749,1.1,1e-07,1.4
45,72,216,6.338680890322138e-08,9.245072731932273e-08,0.6,6,4.510166718219749,1.1,1e-07,1.4
36,60,180,4.697905383962851e-08,8.821253703951092e-08,0.7,7,4.510166718219749,1.1,1e-07,1.4
32,54,160,3.622033661286536e-08,3.954137383449162e-08,0.8,8,4.510166718219749,1.1,1e-07,1.4
81,135,405,3.288489035391984e-08,3.481250737295426e-08,0.4,6,4.202655351068402,1.025,1e-07,2.0
54,90,270,4.352508811719014e-08,4.5824368266558653e-08,0.6,7,4.202655351068402,1.025,1e-07,2.0
48,80,240,2.5943934139511504e-08,5.8886570743358164e-08,0.7,8,4.202655351068402,1.025,1e-07,2.0
120,192,576,4.49602639633272e-08,5.165629205255618e-08,0.3,5,4.305159140118851,1.05,1e-07,2.0
72,120,360,7.419289615411664e-08,7.103312747700589e-08,0.5,6,4.305159140118851,1.05,1e-07,2.0
60,96,288,1.864110518925771e-08,6.017299570736002e-08,0.6,7,4.305159140118851,1.05,1e-07,2.0
48,80,240,2.6013635604293094e-08,5.347258727238728e-08,0.7,8,4.305159140118851,1.05,1e-07,2.0
120,192,576,4.5498518067525984e-08,5.006049382687239e-08,0.3,5,4.4076629291693,1.075,1e-07,2.0
72,120,360,7.314540992221323e-08,7.537772203646994e-08,0.5,6,4.4076629291693,1.075,1e-07,2.0
60,96,288,2.0177992605006446e-08,5.661245597322471e-08,0.6,7,4.4076629291693,1.075,1e-07,2.0
50,81,243,2.2548920528985975e-08,3.285716072635013e-08,0.7,8,4.4076629291693,1.075,1e-07,2.0
120,192,576,4.58726540603221e-08,4.983037903416396e-08,0.3,5,4.510166718219749,1.1,1e-07,2.0
72,120,360,7.247959407258258e-08,7.670509747174221e-08,0.5,6,4.510166718219749,1.1,1e-07,2.0
60,96,288,1.985071609913342e-08,5.5354462975143354e-08,0.6,7,4.510166718219749,1.1,1e-07,2.0
50,90,250,2.2480109730554818e-08,8.164585243769184e-09,0.7,8,4.510166718219749,1.1,1e-07,2.0
30,50,150,2.3773877053557515e-10,3.5885084340225427e-10,0.3,6,4.627787054036341,1.0,1e-09,0.5
18,30,90,6.497213804911134e-10,8.112125283936136e-10,0.5,7,4.627787054036341,1.0,1e-09,0.5
15,24,64,4.826228817428552e-10,7.493161955177436e-10,0.7,8,4.627787054036341,1.0,1e-09,0.5
32,54,160,1.4445157797211158e-10,1.591584369413956e-10,0.3,6,4.743481730387249,1.025,1e-09,0.5
20,32,96,2.9398528325612436e-10,5.469431443385479e-10,0.5,7,4.743481730387249,1.025,1e-09,0.5
15,24,72,4.2096509805197217e-10,7.105311712020589e-10,0.7,8,4.743481730387249,1.025,1e-09,0.5
32,54,160,1.4861588620843387e-10,1.4888306204126396e-10,0.3,6,4.859176406738158,1.05,1e-09,0.5
20,32,96,2.7339471987444464e-10,5.380697769671832e-10,0.5,7,4.859176406738158,1.05,1e-09,0.5
15,24,72,4.0245055901346904e-10,7.11033953056724e-10,0.7,8,4.859176406738158,1.05,1e-09,0.5
32,54,160,1.5381310163755673e-10,1.4475066271271942e-10,0.3,6,4.974871083089067,1.075,1e-09,0.5
20,32,96,2.662539507026449e-10,5.350374328223444e-10,0.5,7,4.974871083089067,1.075,1e-09,0.5
15,24,72,3.9520349896446766e-10,7.156580493590052e-10,0.7,8,4.974871083089067,1.075,1e-09,0.5
25,45,125,5.749610799653381e-10,6.212333919256945e-10,0.4,6,5.090565759439976,1.1,1e-09,0.5
18,30,90,5.671296507488434e-10,7.642115907563583e-10,0.6,7,5.090565759439976,1.1,1e-09,0.5
15,24,64,3.929098032374721e-10,7.164792386522746e-10,0.8,8,5.090565759439976,1.1,1e-09,0.5
45,72,216,4.256262381659834e-10,5.952746075214001e-10,0.3,6,4.627787054036341,1.0,1e-09,0.7
32,54,160,3.1484915500940775e-10,3.944388266418082e-10,0.4,7,4.627787054036341,1.0,1e-09,0.7
24,36,108,3.250767539141862e-10,8.674929217934439e-10,0.6,8,4.627787054036341,1.0,1e-09,0.7
45,72,216,3.845950228514705e-10,6.037891630588826e-10,0.3,6,4.743481730387249,1.025,1e-09,0.7
32,54,160,2.381166332402939e-10,3.1130423729031923e-10,0.4,7,4.743481730387249,1.025,1e-09,0.7
24,36,108,2.741728602416482e-10,8.438497239513561e-10,0.6,8,4.743481730387249,1.025,1e-09,0.7
45,75,225,3.682399547675292e-10,5.805958983658062e-10,0.3,6,4.859176406738158,1.05,1e-09,0.7
36,60,180,8.694614796112354e-11,1.6691948654089816e-10,0.4,7,4.859176406738158,1.05,1e-09,0.7
24,40,120,2.6009373395896106e-10,4.3914312085021686e-10,0.6,8,4.859176406738158,1.05,1e-09,0.7
45,75,225,3.592261617609636e-10,5.840288615135839e-10,0.3,6,4.974871083089067,1.075,1e-09,0.7
36,60,180,8.496352614592113e-11,1.6342665541503814e-10,0.4,7,4.974871083089067,1.075,1e-09,0.7
24,40,120,2.642130052289933e-10,4.4689882307774777e-10,0.6,8,4.974871083089067,1.075,1e-09,0.7
48,80,240,1.861405661656199e-10,3.50587350477043e-10,0.3,6,5.090565759439976,1.1,1e-09,0.7
30,48,144,3.169586673431989e-10,7.914502043610751e-10,0.5,7,5.090565759439976,1.1,1e-09,0.7
24,40,120,2.656036351640719e-10,4.502828790434566e-10,0.6,8,5.090565759439976,1.1,1e-09,0.7
45,75,225,5.310122868539414e-10,8.638398335569761e-10,0.4,7,4.627787054036341,1.0,1e-09,1.0
36,60,180,4.026568794115595e-10,5.847359335586169e-10,0.5,8,4.627787054036341,1.0,1e-09,1.0
48,80,240,3.486282600007493e-10,4.282021578744336e-10,0.4,7,4.743481730387249,1.025,1e-09,1.0
40,64,192,1.3353059501176012e-10,2.843250004884318e-10,0.5,8,4.743481730387249,1.025,1e-09,1.0
48,80,240,3.060643832235751e-10,4.4383888707405213e-10,0.4,7,4.859176406738158,1.05,1e-09,1.0
40,64,192,1.2312022125271105e-10,2.72580490714656e-10,0.5,8,4.859176406738158,1.05,1e-09,1.0
48,80,240,3.0076761585996753e-10,4.4606869101438875e-10,0.4,7,4.974871083089067,1.075,1e-09,1.0
40,64,192,1.2972810387978e-10,2.734831835759804e-10,0.5,8,4.974871083089067,1.075,1e-09,1.0
72,120,360,1.9945396176850463e-10,4.6306030852278114e-10,0.3,6,5.090565759439976,1.1,1e-09,1.0
50,90,250,2.455453315372159e-10,1.9195782236720848e-10,0.4,7,5.090565759439976,1.1,1e-09,1.0
36,60,180,2.675098620076313e-10,4.794786496711106e-10,0.6,8,5.090565759439976,1.1,1e-09,1.0
64,108,320,6.424999874293566e-10,9.015418482532239e-10,0.4,7,4.627787054036341,1.0,1e-09,1.4
50,90,250,5.910938745258769e-10,5.135147775329153e-10,0.5,8,4.627787054036341,1.0,1e-09,1.4
64,108,320,6.048707455176253e-10,8.587460513305483e-10,0.4,7,4.743481730387249,1.025,1e-09,1.4
54,90,256,2.170611584186898e-10,3.675495368508632e-10,0.5,8,4.743481730387249,1.025,1e-09,1.4
72,120,360,2.96985768229723e-10,3.8743286972845355e-10,0.4,7,4.859176406738158,1.05,1e-09,1.4
54,90,270,2.0207013478130737e-10,3.4584819600485267e-10,0.5,8,4.859176406738158,1.05,1e-09,1.4
72,120,360,3.0563093677185043e-10,3.936430066969149e-10,0.4,7,4.974871083089067,1.075,1e-09,1.4
54,90,270,2.0585215820609643e-10,3.4201591471377584e-10,0.5,8,4.974871083089067,1.075,1e-09,1.4
96,160,480,6.61120899353616e-10,8.586857570052821e-10,0.3,6,5.090565759439976,1.1,1e-09,1.4
72,120,360,3.0655410952158536e-10,3.9369153533561905e-10,0.4,7,5.090565759439976,1.1,1e-09,1.4
60,96,288,9.615964466667457e-11,2.2781101253442883e-10,0.5,8,5.090565759439976,1.1,1e-09,1.4
96,160,480,8.068369715820949e-10,5.17829493265784e-10,0.4,7,4.743481730387249,1.025,1e-09,2.0
75,125,375,4.622478001186312e-10,4.393329755805604e-10,0.5,8,4.743481730387249,1.025,1e-09,2.0
96,160,480,7.701071598897183e-10,4.723995048207658e-10,0.4,7,4.859176406738158,1.05,1e-09,2.0
75,125,375,4.54153718916721e-10,4.092523026855074e-10,0.5,8,4.859176406738158,1.05,1e-09,2.0
96,160,480,7.661931839892101e-10,4.531254372669501e-10,0.4,7,4.974871083089067,1.075,1e-09,2.0
80,128,384,2.6282186691676356e-10,3.2242726764738815e-10,0.5,8,4.974871083089067,1.075,1e-09,2.0
135,225,675,8.019228894114942e-10,9.776996207333184e-10,0.3,6,5.090565759439976,1.1,1e-09,2.0
100,180,500,5.489030042413539e-10,4.06339276773936e-10,0.4,7,5.090565759439976,1.1,1e-09,2.0
80,135,400,2.652897217907777e-10,2.766969333387828e-10,0.5,8,5.090565759439976,1.1,1e-09,2.0
