M3_C,M_A,M_B,M_C,err_A,err_B,eta_N,n_modes_C,neighbors_C,p,s,s_factor,t_A,t_B,t_C,t_mesh_A,t_mesh_B,t_mesh_C,t_real_A,t_real_B,t_real_C,tol,xi
729000,18,30,90,7.713916939255873e-06,8.993260087777306e-06,0.4,19549,423136,3,3.493719027845567,1.0,0.009200411000165332,0.008619935999831796,0.3172895420002533,0.0016752850001466868,0.00439507400005823,0.19104151999999885,0.007525126000018645,0.004224861999773566,0.12624802200025442,1e-05,0.5
125000,10,18,50,5.563194056071621e-06,7.314858992951788e-06,0.7,20863,455737,4,3.5810620035417062,1.025,0.007590207000248483,0.005708165000214649,0.17376113599993914,0.0010626210000737046,0.0016333319999830564,0.03916703400000188,0.006527586000174779,0.0040748330002315925,0.13459410199993727,1e-05,0.5
91125,9,15,45,3.044266058724749e-06,3.3978462669147725e-06,0.8,19549,423136,5,3.493719027845567,1.0,0.007754305000162276,0.005949775999852136,0.1639305379999314,0.001070636000349623,0.0015983439998308313,0.04468925999981366,0.006683668999812653,0.004351432000021305,0.11924127800011775,1e-05,0.5
91125,9,15,45,1.4131500120552261e-06,1.3647556250974549e-06,0.8,19549,423136,6,3.493719027845567,1.0,0.007713401000273734,0.005680263999693125,0.22433670600003097,0.0013095379999867873,0.0017055580001397175,0.07507359999999608,0.006403863000286947,0.003974705999553407,0.1492631060000349,1e-05,0.5
91125,9,15,45,1.1019228610675492e-06,1.2165578860822103e-06,0.8,19549,423136,7,3.493719027845567,1.0,0.008914248000110092,0.006599387999813189,0.24004449099993508,0.0017833679999057495,0.002305462000094849,0.12179959099967164,0.007130880000204343,0.00429392599971834,0.11824490000026344,1e-05,0.5
91125,9,15,45,1.0655287299171871e-06,1.20761021054784e-06,0.8,19549,423136,8,3.493719027845567,1.0,0.010059498000373424,0.00786660199992184,0.33615943099994183,0.002747663000263856,0.0032767160000730655,0.2141343240000424,0.007311835000109568,0.004589885999848775,0.12202510699989944,1e-05,0.5
5832000,36,60,180,5.006227897109868e-06,9.400223585934953e-06,0.3,61805,178576,3,3.6684049792378457,1.05,0.009784770000351273,0.03623782700014999,2.4709987879996334,0.0072648350001145445,0.03213366399995721,2.417904953999823,0.0025199350002367282,0.004104163000192784,0.05309383399981016,1e-05,0.7
729000,18,30,90,4.672317363917059e-06,9.447110485927295e-06,0.6,61805,178576,4,3.6684049792378457,1.05,0.0039048319999892556,0.008541849000266666,0.25627218800036644,0.0014888440000504488,0.004533435000212194,0.19816504100026577,0.0024159879999388068,0.004008414000054472,0.05810714700010067,1e-05,0.7
262144,15,24,64,2.348238120691602e-06,3.6254891261984416e-06,0.8,61805,178576,5,3.6684049792378457,1.05,0.0038577810000788304,0.006554549999691517,0.12862545300004058,0.0014261910000641365,0.0027322749997438223,0.07599361099983071,0.002431590000014694,0.0038222749999476946,0.05263184200020987,1e-05,0.7
216000,12,20,60,2.976975574960372e-06,3.9675739832439574e-06,0.8,53355,154213,6,3.493719027845567,1.0,0.0038126269996610063,0.0023937500000101863,0.15034440699992047,0.0013863439999113325,0.0021631360000355926,0.10296756800016738,0.0024262829997496738,0.00023061399997459375,0.04737683899975309,1e-05,0.7
216000,12,20,60,2.147257152729952e-06,1.9658052751370496e-06,0.8,53355,154213,7,3.493719027845567,1.0,0.004352089000349224,0.003136481000638014,0.206212109000262,0.001903274000142119,0.0028689510004369367,0.15819059800014657,0.002448815000207105,0.0002675300002010772,0.048021511000115424,1e-05,0.7
216000,12,20,60,2.04603186891709e-06,1.8528169805132063e-06,0.8,53355,154213,8,3.493719027845567,1.0,0.005338116000530135,0.004125263999867457,0.3168638770002872,0.002753729000232852,0.0038472310002362065,0.2676247500003228,0.0025843870002972835,0.0002780329996312503,0.049239126999964355,1e-05,0.7
5832000,36,60,180,3.0803598589965275e-06,4.152601749131003e-06,0.4,155691,52942,4,3.493719027845567,1.0,0.010131305000413704,0.0343811110005845,2.7814955310004734,0.007788121000430692,0.03402906400060601,2.7602967100006026,0.0023431839999830117,0.00035204699997848365,0.021198820999870804,1e-05,1.0
884736,20,32,96,5.649399051491615e-06,9.08442874250446e-06,0.7,155691,52942,5,3.493719027845567,1.0,0.004238666000219382,0.005841816000156541,0.29266588299969953,0.0018627120002747688,0.005546954000237747,0.2715513789999022,0.0023759539999446133,0.000294861999918794,0.021114503999797307,1e-05,1.0
729000,18,30,90,4.333316687747143e-06,5.912638942943555e-06,0.8,155691,52942,6,3.493719027845567,1.0,0.004501186999732454,0.005238797999481903,0.2698359959999834,0.002089134999550879,0.005018179999751737,0.2488992209996468,0.002412052000181575,0.00022061799973016605,0.020936775000336638,1e-05,1.0
729000,18,30,90,2.7804052843262557e-06,3.3350859720473724e-06,0.8,155691,52942,7,3.493719027845567,1.0,0.004798677000053431,0.005725678000089829,0.37025189200039677,0.0024851210000633728,0.005472388000271167,0.34903052400022716,0.002313555999990058,0.0002532899998186622,0.021221368000169605,1e-05,1.0
729000,18,30,90,2.462045871868441e-06,2.7324151641439357e-06,0.8,155691,52942,8,3.493719027845567,1.0,0.005940528000337508,0.006735478999871702,0.4309758930003227,0.0033949800003938435,0.006477982999967935,0.40970497900025293,0.0025455479999436648,0.00025749599990376737,0.02127091400006975,1e-05,1.0
10077696,45,72,216,5.0227985238860755e-06,8.093964422422418e-06,0.5,529953,24022,4,3.7557479549339847,1.075,0.014844609000192577,0.07058135999977821,6.802202328000021,0.01455589700026394,0.07023913600005471,6.789007717000004,0.00028871199992863694,0.00034222399972350104,0.013194611000017176,1e-05,1.4
4096000,32,54,160,5.560798717926184e-06,5.952131977690283e-06,0.6,426953,19348,5,3.493719027845567,1.0,0.005651912000303128,0.02874426200014568,1.3334824319999825,0.005367269000089436,0.02842283000018142,1.3213868119996732,0.00028464300021369127,0.0003214319999642612,0.012095620000309282,1e-05,1.4
1953125,25,45,125,4.770086669069073e-06,4.046941930658151e-06,0.8,493959,22408,6,3.6684049792378457,1.05,0.0033229959999516723,0.015530862000559864,0.6748258340003304,0.0031388699999297387,0.015238228000271192,0.6621765750001032,0.00018412600002193358,0.0002926340002886718,0.012649259000227175,1e-05,1.4
1728000,24,40,120,3.556904964586426e-06,4.0367497518659e-06,0.8,426953,19348,7,3.493719027845567,1.0,0.0036474270000326214,0.011176709000210394,0.6625186999995094,0.00345005700000911,0.01086869700020543,0.6503494789994875,0.00019737000002351124,0.00030801200000496465,0.012169221000021935,1e-05,1.4
1728000,24,40,120,3.665026735545827e-06,4.047026308165696e-06,0.8,426953,19348,8,3.493719027845567,1.0,0.0048398199996881885,0.012477613000100973,0.902845153000726,0.00461624599984134,0.012186180999833596,0.8907016800003476,0.0002235739998468489,0.0002914320002673776,0.012143473000378435,1e-05,1.4
46656000,72,120,360,6.378398460604237e-06,9.888568113948726e-06,0.4,nan,nan,4,3.5810620035417062,1.025,0.06452577699974427,0.4174260330000834,nan,0.06421938099992985,0.4170538119997218,nan,0.0003063959998144128,0.00037222100036160555,nan,1e-05,2.0
13824000,48,80,240,7.308918552734181e-06,5.266048556142985e-06,0.6,1340497,7160,5,3.5810620035417062,1.025,0.018454761000157305,0.1066309280004134,9.858860409000044,0.018150857999899017,0.10630557200011026,9.84997228200018,0.00030390300025828765,0.00032535600030314527,0.008888126999863744,1e-05,2.0
5832000,36,60,180,8.467377849173562e-06,6.932447812508129e-06,0.8,1244753,6645,6,3.493719027845567,1.0,0.00851352700010466,0.03448907100028009,1.9991740070004198,0.008263095000074827,0.034179583999957686,1.9902952660004303,0.0002504320000298321,0.00030948700032240595,0.008878740999989532,1e-05,2.0
5832000,36,60,180,3.546633663493773e-06,3.963981081732269e-06,0.8,1244753,6645,7,3.493719027845567,1.0,0.0086245229999804,0.03583025499983705,2.3811230420001266,0.00838026399969749,0.035518636999768205,2.372732905000248,0.00024425900028290926,0.0003116180000688473,0.00839013699987845,1e-05,2.0
5832000,36,60,180,3.5172198648086768e-06,3.7627352197953787e-06,0.8,1244753,6645,8,3.493719027845567,1.0,0.009842007000315789,0.04033200699996087,2.663851858000271,0.009578239000347821,0.04000210899994272,2.6554715279999073,0.0002637679999679676,0.0003298980000181473,0.008380330000363756,1e-05,2.0
729000,18,30,90,4.374845144630779e-08,6.843191781342024e-08,0.5,36377,792168,5,4.305159140118851,1.05,0.008523794999746315,0.009134630000062316,0.516212144000292,0.0018030659998657939,0.004744669000046997,0.23639755400017748,0.006720728999880521,0.004389961000015319,0.27981459000011455,1e-07,0.5
216000,12,20,60,8.862074198044926e-08,9.969887262527615e-08,0.7,31439,684026,6,4.100151562017953,1.0,0.00882739999997284,0.007020696999916254,0.33202726399986204,0.0015293530000235478,0.0024079449999589997,0.12134327500007203,0.0072980469999492925,0.004612751999957254,0.21068398899979002,1e-07,0.5
125000,10,18,50,7.71979853261044e-08,4.878820436504792e-08,0.8,31439,684026,7,4.100151562017953,1.0,0.00881059700031983,0.00728775899960965,0.40029307799977687,0.001905289000205812,0.002829132999522699,0.16191510999988168,0.006905308000114019,0.0044586260000869515,0.2383779679998952,1e-07,0.5
125000,10,18,50,2.5464965488198936e-08,1.5659952877939718e-08,0.8,31439,684026,8,4.100151562017953,1.0,0.010846435000075871,0.008702713000275253,0.4865753749995747,0.0029664460003004933,0.003966433000186953,0.26304435399970316,0.007879988999775378,0.0047362800000883,0.22353102099987154,1e-07,0.5
2985984,30,48,144,4.8006101744293484e-08,9.798045768241132e-08,0.4,86407,248993,5,4.100151562017953,1.0,0.007162597999922582,0.02149328499990588,0.9734773979998863,0.004583421999996062,0.017409421000138536,0.9043892949998735,0.0025791759999265196,0.004083863999767345,0.06908810300001278,1e-07,0.7
1000000,20,36,100,5.943780705130452e-08,3.9810277759518915e-08,0.6,107207,309630,6,4.4076629291693,1.075,0.008964367999851675,0.012523093999789126,0.4262386359996526,0.002368967000165867,0.008216553999773168,0.3331522449998374,0.006595400999685808,0.004306540000015957,0.0930863909998152,1e-07,0.7
512000,16,27,80,5.433044568865447e-08,9.691334895436545e-08,0.7,86407,248993,7,4.100151562017953,1.0,0.004657358000258682,0.008358513000075618,0.3111215670001002,0.0021231400000942813,0.004370828999981313,0.2342410410001321,0.002534218000164401,0.003987684000094305,0.07688052599996809,1e-07,0.7
373248,15,24,72,3.0681200817827965e-08,5.871901967739125e-08,0.8,86407,248993,8,4.100151562017953,1.0,0.005464833000132785,0.008701413000380853,0.38547618800021155,0.002959864999866113,0.004562231000363681,0.31380072299998574,0.002504968000266672,0.004139182000017172,0.07167546500022581,1e-07,0.7
19683000,54,90,270,4.04789533358787e-08,6.065392766384624e-08,0.3,251727,85566,5,4.100151562017953,1.0,0.029510167999887926,0.15722351199974582,14.20322648499996,0.026862620999963838,0.15683463999994274,14.171612128000106,0.0026475469999240886,0.0003888719998030865,0.031614356999853044,1e-07,1.0
4096000,32,54,160,4.7585272146118596e-08,8.888131872130777e-08,0.5,251727,85566,6,4.100151562017953,1.0,0.008192513000267354,0.025630256999647827,1.1678700829997979,0.0056463089999851945,0.025266962999921816,1.1370892410000124,0.0025462040002821595,0.00036329399972601095,0.03078084199978548,1e-07,1.0
1953125,25,45,125,5.320312881257903e-08,3.6623532839055525e-08,0.7,312553,106139,7,4.4076629291693,1.075,0.005947364999883575,0.016092211999421124,0.7165760150001006,0.003573340000002645,0.015737950999664463,0.6817431009999382,0.0023740249998809304,0.0003542609997566615,0.03483291400016242,1e-07,1.0
1000000,20,36,100,8.182495859982444e-08,5.051174416938296e-08,0.8,251727,85566,8,4.100151562017953,1.0,0.00583048599992253,0.009569370999997773,0.5322991160001038,0.003478090000044176,0.009282786000312626,0.5008412259999204,0.002352395999878354,0.0002865849996851466,0.0314578900001834,1e-07,1.0
52734375,75,125,375,4.118956851384349e-08,7.12162066714944e-08,0.3,nan,nan,5,4.100151562017953,1.0,0.08065422499976194,0.4963985749996027,nan,0.08030428799975198,0.49601617199959946,nan,0.00034993700000995887,0.0003824030000032508,nan,1e-07,1.4
10077696,45,72,216,6.338680890322138e-08,9.245072731932273e-08,0.6,918153,41527,6,4.510166718219749,1.1,0.017610588000025018,0.07148115799964216,6.765751431999888,0.015175452000221412,0.07113217100004476,6.7474888380002085,0.002435135999803606,0.0003489869995974004,0.018262593999679666,1e-07,1.4
5832000,36,60,180,4.946308241811209e-08,8.735365415506447e-08,0.7,798295,36089,7,4.305159140118851,1.05,0.01092019599991545,0.03978139899982125,2.7617764669998905,0.008529563000138296,0.039426781999736704,2.7453520549997847,0.0023906329997771536,0.000354617000084545,0.016424412000105804,1e-07,1.4
3375000,30,50,150,6.119909626555797e-08,9.930898002691022e-08,0.8,856905,38724,8,4.4076629291693,1.075,0.00961070700077471,0.02326584499951423,1.366261871000006,0.0069900550006423146,0.02291798399937761,1.348671743000068,0.002620652000132395,0.0003478610001366178,0.017590127999937977,1e-07,1.4
191102976,120,192,576,4.49602639633272e-08,5.165629205255618e-08,0.3,nan,nan,5,4.305159140118851,1.05,0.44641014199987694,2.9086399870002424,nan,0.44605193799998233,2.90826622700024,nan,0.00035820399989461293,0.0003737600000022212,nan,1e-07,2.0
46656000,72,120,360,7.419289615411664e-08,7.103312747700589e-08,0.5,nan,nan,6,4.305159140118851,1.05,0.07809570500103291,0.4300431159990694,nan,0.07777505500052939,0.42966218299898173,nan,0.00032065000050351955,0.00038093300008767983,nan,1e-07,2.0
19683000,54,90,270,4.352508811719014e-08,4.5824368266558653e-08,0.6,2166081,11522,7,4.202655351068402,1.025,0.026155251000091084,0.15613007999945694,13.79116105400044,0.025849806000223907,0.15580873299950326,13.78098731099999,0.0003054449998671771,0.00032134699995367555,0.010173743000450486,1e-07,2.0
13824000,48,80,240,2.5943934139511504e-08,5.8886570743358164e-08,0.7,2166081,11522,8,4.202655351068402,1.025,0.020470302998546686,0.11907412900018244,8.145199786000376,0.02015156599918555,0.1187313959999301,8.135037408999779,0.00031873699936113553,0.00034273300025233766,0.01016237700059719,1e-07,2.0
1953125,25,45,125,5.749610799653381e-10,6.212333919256945e-10,0.4,60245,1310828,6,5.090565759439976,1.1,0.011211075000574056,0.027629291000266676,1.1501805400012017,0.0034057220009344746,0.015311461000237614,0.6922390220006491,0.007805352999639581,0.012317830000029062,0.4579415180005526,1e-09,0.5
729000,18,30,90,6.497213804911134e-10,8.112125283936136e-10,0.5,45145,984593,7,4.627787054036341,1.0,0.010186237999732839,0.010347849000027054,0.6368524030003755,0.002765958999589202,0.005771938999714621,0.345429590999629,0.007420279000143637,0.004575910000312433,0.2914228120007465,1e-09,0.5
262144,15,24,64,4.826228817428552e-10,7.493161955177436e-10,0.7,45145,984593,8,4.627787054036341,1.0,0.010980562000440841,0.009580781999829924,0.5919870819998323,0.0031923000005917856,0.004739774999507063,0.27971098699981667,0.007788261999849055,0.004841007000322861,0.31227609500001563,1e-09,0.5
10077696,45,72,216,4.256262381659834e-10,5.952746075214001e-10,0.3,123905,358120,6,4.627787054036341,1.0,0.022742902999198122,0.0747330950007381,7.2570585169996775,0.01592452499880892,0.0701443960006145,7.156644493000385,0.0068183780003892025,0.004588699000123597,0.10041402399929211,1e-09,0.7
2985984,30,48,144,3.169586673431989e-10,7.914502043610751e-10,0.5,164853,476929,7,5.090565759439976,1.1,0.014002253000398923,0.022990409998783434,1.171304088999932,0.006354418000228179,0.01871833099903597,1.030710456999259,0.007647835000170744,0.004272078999747464,0.1405936320006731,1e-09,0.7
1259712,24,36,108,3.250767539141862e-10,8.674929217934439e-10,0.6,123905,358120,8,4.627787054036341,1.0,0.011680745000376191,0.014130424000541097,0.7389542379996783,0.004600019000463362,0.009876756999801728,0.6335814889998801,0.007080725999912829,0.0042536670007393695,0.1053727489997982,1e-09,0.7
46656000,72,120,360,1.9945396176850463e-10,4.6306030852278114e-10,0.3,nan,nan,6,5.090565759439976,1.1,0.0718997739995757,0.4098909790000107,nan,0.0689143919998969,0.4051927069995145,nan,0.0029853819996787934,0.0046982720004962175,nan,1e-09,1.0
11390625,45,75,225,5.310122868539414e-10,8.638398335569761e-10,0.4,361389,123110,7,4.627787054036341,1.0,0.01816938200045115,0.08486564600025304,8.028174056999887,0.015635325999937777,0.08447384999999485,7.987786806000258,0.002534056000513374,0.0003917960002581822,0.04038725099962903,1e-09,1.0
5832000,36,60,180,4.026568794115595e-10,5.847359335586169e-10,0.5,361389,123110,8,4.627787054036341,1.0,0.011747008000384085,0.03500765899934777,2.7912579820003884,0.009277246999772615,0.034619693999957235,2.751170339000055,0.00246976100061147,0.0003879649993905332,0.04008764300033363,1e-09,1.0
110592000,96,160,480,6.61120899353616e-10,8.586857570052821e-10,0.3,nan,nan,6,5.090565759439976,1.1,0.1845407909995629,1.1420273960002305,nan,0.18171837400041113,1.1416008480000528,nan,0.0028224169991517556,0.00042654800017771777,nan,1e-09,1.4
32768000,64,108,320,6.424999874293566e-10,9.015418482532239e-10,0.4,nan,nan,7,4.627787054036341,1.0,0.047047416000168596,0.3023614710000402,nan,0.04429607100064459,0.3019791760007138,nan,0.002751344999524008,0.00038229499932640465,nan,1e-09,1.4
15625000,50,90,250,5.910938745258769e-10,5.135147775329153e-10,0.5,992315,44891,8,4.627787054036341,1.0,0.02543858899935003,0.16585342500002298,12.704239431999667,0.02295688499998505,0.16548854499978916,12.685668770999655,0.0024817039993649814,0.00036488000023382483,0.01857066100001248,1e-09,1.4
307546875,135,225,675,8.019228894114942e-10,9.776996207333184e-10,0.3,nan,nan,6,5.090565759439976,1.1,0.6352468000004592,5.1608568319998085,nan,0.6348525069997777,5.160436455999843,nan,0.0003942930006815004,0.00042037599996547215,nan,1e-09,2.0
110592000,96,160,480,8.068369715820949e-10,5.17829493265784e-10,0.4,nan,nan,7,4.743481730387249,1.025,0.18663379600002372,1.097804807999637,nan,0.18629088099987712,1.097418499000014,nan,0.00034291500014660414,0.00038630899962299736,nan,1e-09,2.0
52734375,75,125,375,4.622478001186312e-10,4.393329755805604e-10,0.5,nan,nan,8,4.743481730387249,1.025,0.0825859330007006,0.5338628910003536,nan,0.08224536600027932,0.5334718020003493,nan,0.00034056700042128796,0.0003910890000042855,nan,1e-09,2.0
