task_id	potential	kernel	N	seed	config	burn_in	production	save_every	out_rel
1	double_well	A	256	101	costopt_hiacc	140.0	60.0	0.1	costopt_hiacc/double_well_A_N256_s101
2	double_well	A	256	102	costopt_hiacc	140.0	60.0	0.1	costopt_hiacc/double_well_A_N256_s102
3	double_well	A	256	103	costopt_hiacc	140.0	60.0	0.1	costopt_hiacc/double_well_A_N256_s103
4	double_well	A	256	104	costopt_hiacc	140.0	60.0	0.1	costopt_hiacc/double_well_A_N256_s104
5	double_well	A	256	105	costopt_hiacc	140.0	60.0	0.1	costopt_hiacc/double_well_A_N256_s105
6	lj	A	256	101	costopt_hiacc	140.0	60.0	0.1	costopt_hiacc/lj_A_N256_s101
7	lj	A	256	102	costopt_hiacc	140.0	60.0	0.1	costopt_hiacc/lj_A_N256_s102
8	lj	A	256	103	costopt_hiacc	140.0	60.0	0.1	costopt_hiacc/lj_A_N256_s103
9	lj	A	256	104	costopt_hiacc	140.0	60.0	0.1	costopt_hiacc/lj_A_N256_s104
10	lj	A	256	105	costopt_hiacc	140.0	60.0	0.1	costopt_hiacc/lj_A_N256_s105
11	double_well	B	256	101	costopt_hiacc	140.0	60.0	0.1	costopt_hiacc/double_well_B_N256_s101
12	double_well	B	256	102	costopt_hiacc	140.0	60.0	0.1	costopt_hiacc/double_well_B_N256_s102
13	double_well	B	256	103	costopt_hiacc	140.0	60.0	0.1	costopt_hiacc/double_well_B_N256_s103
14	double_well	B	256	104	costopt_hiacc	140.0	60.0	0.1	costopt_hiacc/double_well_B_N256_s104
15	double_well	B	256	105	costopt_hiacc	140.0	60.0	0.1	costopt_hiacc/double_well_B_N256_s105
16	lj	B	256	101	costopt_hiacc	140.0	60.0	0.1	costopt_hiacc/lj_B_N256_s101
17	lj	B	256	102	costopt_hiacc	140.0	60.0	0.1	costopt_hiacc/lj_B_N256_s102
18	lj	B	256	103	costopt_hiacc	140.0	60.0	0.1	costopt_hiacc/lj_B_N256_s103
19	lj	B	256	104	costopt_hiacc	140.0	60.0	0.1	costopt_hiacc/lj_B_N256_s104
20	lj	B	256	105	costopt_hiacc	140.0	60.0	0.1	costopt_hiacc/lj_B_N256_s105
21	double_well	A	512	101	costopt_hiacc	140.0	60.0	0.1	costopt_hiacc/double_well_A_N512_s101
22	double_well	A	512	102	costopt_hiacc	140.0	60.0	0.1	costopt_hiacc/double_well_A_N512_s102
23	double_well	A	512	103	costopt_hiacc	140.0	60.0	0.1	costopt_hiacc/double_well_A_N512_s103
24	double_well	A	512	104	costopt_hiacc	140.0	60.0	0.1	costopt_hiacc/double_well_A_N512_s104
25	double_well	A	512	105	costopt_hiacc	140.0	60.0	0.1	costopt_hiacc/double_well_A_N512_s105
26	lj	A	512	101	costopt_hiacc	140.0	60.0	0.1	costopt_hiacc/lj_A_N512_s101
27	lj	A	512	102	costopt_hiacc	140.0	60.0	0.1	costopt_hiacc/lj_A_N512_s102
28	lj	A	512	103	costopt_hiacc	140.0	60.0	0.1	costopt_hiacc/lj_A_N512_s103
29	lj	A	512	104	costopt_hiacc	140.0	60.0	0.1	costopt_hiacc/lj_A_N512_s104
30	lj	A	512	105	costopt_hiacc	140.0	60.0	0.1	costopt_hiacc/lj_A_N512_s105
31	double_well	B	512	101	costopt_hiacc	140.0	60.0	0.1	costopt_hiacc/double_well_B_N512_s101
32	double_well	B	512	102	costopt_hiacc	140.0	60.0	0.1	costopt_hiacc/double_well_B_N512_s102
33	double_well	B	512	103	costopt_hiacc	140.0	60.0	0.1	costopt_hiacc/double_well_B_N512_s103
34	double_well	B	512	104	costopt_hiacc	140.0	60.0	0.1	costopt_hiacc/double_well_B_N512_s104
35	double_well	B	512	105	costopt_hiacc	140.0	60.0	0.1	costopt_hiacc/double_well_B_N512_s105
36	lj	B	512	101	costopt_hiacc	140.0	60.0	0.1	costopt_hiacc/lj_B_N512_s101
37	lj	B	512	102	costopt_hiacc	140.0	60.0	0.1	costopt_hiacc/lj_B_N512_s102
38	lj	B	512	103	costopt_hiacc	140.0	60.0	0.1	costopt_hiacc/lj_B_N512_s103
39	lj	B	512	104	costopt_hiacc	140.0	60.0	0.1	costopt_hiacc/lj_B_N512_s104
40	lj	B	512	105	costopt_hiacc	140.0	60.0	0.1	costopt_hiacc/lj_B_N512_s105
