lag_time,VACF,VCCF_bin_0,VCCF_bin_1,VCCF_bin_2,VCCF_bin_3,VCCF_bin_4
0.000000000000000000e+00,1.000000000000000000e+00,nan,1.605618365242754073e-02,4.901479418839314178e-03,-2.686587437776438020e-02,-2.625155535221255360e-02
1.000000000000000056e-01,4.012268357813512099e-01,nan,1.462501504724937618e-01,8.226011982639193365e-02,-1.325018207650332722e-02,-2.016146177306479825e-02
1.799999999999999933e-01,6.216666583291082654e-02,nan,1.837140680836562567e-01,1.091067808370077968e-01,2.588612773728460326e-03,-1.461495308660906191e-02
2.800000000000000266e-01,-3.033558298843225254e-02,nan,1.364409017389424383e-01,7.913136715378740749e-02,2.178095146336463464e-02,-1.129617474012318060e-02
3.599999999999999867e-01,3.515626432689564294e-03,nan,6.806734987083355726e-02,4.685722384946788832e-02,2.299645635719315545e-02,-1.079241824095663639e-02
4.600000000000000200e-01,1.769229064892361911e-02,nan,9.359918872654394983e-03,3.122148480122269310e-02,2.347444414209926000e-02,-7.754148636671977929e-03
5.400000000000000355e-01,-1.110860994424478498e-03,nan,4.789794895764559746e-03,2.620279185658397000e-02,9.531757275555616596e-03,2.960415317107407702e-03
6.400000000000000133e-01,-3.938369261516209453e-03,nan,-2.301486327775199153e-02,1.751939514622991370e-02,2.855409614725895780e-03,6.503087128558932874e-03
7.199999999999999734e-01,-7.058291272076340148e-03,nan,-2.016850220796333887e-02,1.140413159575830865e-02,-2.292458559955277714e-03,4.890955330689661200e-03
8.200000000000000622e-01,-7.270792161373254049e-03,nan,-4.454371662359663691e-04,-9.103873939115346425e-03,6.234474397112120580e-04,3.371471877123988475e-03
9.000000000000000222e-01,-1.919946683694269407e-02,nan,1.328102140756445490e-02,-1.151095252359421450e-02,-8.432789709773799193e-04,-7.197289865437548825e-04
1.000000000000000000e+00,-1.627191825327739538e-02,nan,-1.770512144970682114e-02,-1.149932751360049910e-02,2.187168677260080234e-03,5.013483289259528658e-04
1.100000000000000089e+00,5.633883081917750481e-03,nan,-3.034534408263089497e-02,-8.127374912370853924e-03,-8.697644902022604865e-04,2.508439056954032530e-03
1.179999999999999938e+00,-7.576299006307424949e-03,nan,-2.970720285448929729e-02,-5.004909242355232331e-03,5.470512782797036467e-04,2.195314483760744863e-03
1.280000000000000027e+00,-2.080736508782875596e-02,nan,-2.422601261656415900e-02,6.288222620533166080e-03,-1.181219666671032981e-02,4.490163722160704640e-03
1.360000000000000098e+00,-8.898258093875278246e-03,nan,-2.104403729883599222e-02,1.223297528651862880e-03,-1.484307970979134583e-02,6.318983422654521863e-03
1.459999999999999964e+00,-1.184892480699337516e-02,nan,-5.754109012558347898e-03,3.212434742678902441e-03,-1.159219721263727090e-02,-5.209187770220312548e-03
1.540000000000000036e+00,-3.902214165505837537e-03,nan,-2.505016158759821102e-02,1.052884636383964734e-02,-2.120541740279573411e-03,-1.356119599164740293e-02
1.640000000000000124e+00,-3.535311020936864404e-03,nan,-2.168735514802528491e-02,9.859825727801505707e-03,-5.823086334203583965e-03,-7.540291070807230052e-03
1.719999999999999973e+00,-7.849521851489994057e-05,nan,2.237322051482425883e-03,1.250355509293515216e-02,-1.221077255772268916e-02,-1.879082766598785988e-03
1.820000000000000062e+00,-9.832141771283671450e-03,nan,1.868393913869786926e-02,-5.591868206838926251e-04,-1.043105468755943163e-02,3.741823629507292671e-03
1.900000000000000133e+00,-1.736199878152472342e-02,nan,1.107748176592983184e-02,-1.193505483072483664e-02,-7.003090657084017415e-03,3.118860781621569326e-03
2.000000000000000000e+00,-9.716353300593645950e-03,nan,-6.801930343155609970e-05,-4.525966128357783794e-03,-7.727053762673554739e-03,-6.012350245177914936e-03
2.100000000000000089e+00,5.888650857682862713e-03,nan,-1.084159160901734635e-02,-1.098372118874293459e-02,-6.751434476129680555e-03,3.720272737636856381e-04
2.180000000000000160e+00,1.272172549953846932e-02,nan,-1.066108733565134708e-03,-6.624290423992469298e-03,-1.750308203181130673e-02,5.420673150791026351e-03
2.280000000000000249e+00,1.996249307027050252e-02,nan,-9.174779363483410999e-03,-6.985700659249170080e-03,-1.374030229592936372e-02,4.541410973446082487e-03
2.359999999999999876e+00,-4.718401177092827921e-03,nan,-3.947711030458408814e-03,1.575931131927223302e-03,-8.864362014209231644e-03,7.954166303492042189e-04
2.459999999999999964e+00,-1.536910231604998733e-02,nan,2.080787450745183453e-02,2.237029260754586080e-02,-8.863072315579270666e-03,-1.249728335158122559e-02
2.540000000000000036e+00,-1.126800989401449335e-02,nan,2.631208362055647773e-02,2.020706527347495424e-02,-2.390357460738775329e-03,-1.395072890330375202e-02
2.640000000000000124e+00,1.112504561336888874e-02,nan,1.200218133411742535e-02,9.022582123246074282e-03,2.453538454461264961e-03,-6.040803650321897866e-03
2.720000000000000195e+00,1.331421919563261121e-02,nan,3.890543178040740350e-03,-4.101419500419995617e-03,8.153624157693883934e-03,1.874209263191150188e-04
2.819999999999999840e+00,3.771104708471283758e-03,nan,-4.338295986044857569e-03,3.378631264896028285e-03,1.599358848968192781e-03,7.705697882331802306e-03
2.899999999999999911e+00,-3.666681928700972221e-03,nan,6.527638911906634943e-03,1.851089478470309760e-02,-6.641722242779330571e-03,2.697838724522618695e-03
3.000000000000000000e+00,1.340233505397237478e-02,nan,-3.159845071440721062e-03,1.796883057385755336e-02,-1.195240878559985891e-02,2.891989332552984474e-03
3.100000000000000089e+00,1.641555452752980690e-02,nan,-1.255522228124886577e-02,5.780572109396312636e-03,-2.210641124162751863e-03,8.537341234709925480e-03
3.180000000000000160e+00,6.978194456044555481e-03,nan,1.453892542831442328e-02,-4.863604330670565795e-04,5.439121583969305958e-03,2.610757964348339472e-03
3.280000000000000249e+00,-1.859663616404184927e-02,nan,3.255513915946266212e-02,1.826113136228443151e-02,3.790810752781864114e-03,1.070071776886684454e-03
3.359999999999999876e+00,-1.167993249535218166e-02,nan,1.398820732149999579e-02,1.812510587218777933e-02,1.070172545873513195e-02,5.906409328982943369e-04
3.459999999999999964e+00,-2.172834189363526385e-03,nan,1.367345845445232765e-02,5.059141404360523002e-03,1.125239513017379199e-02,6.054473915806074524e-03
3.540000000000000036e+00,7.565600279396103925e-03,nan,-6.442080183766301423e-04,2.839967262423922102e-03,2.156011931160179557e-03,7.908862323231678412e-03
3.640000000000000124e+00,1.552962253822401904e-02,nan,-1.548490889777309580e-02,1.366568181283455904e-02,4.750966148835488552e-04,2.981985252886866760e-03
3.720000000000000195e+00,2.732597693065157846e-02,nan,-1.942034189869809926e-02,-4.985078193030518211e-03,1.806227396460730744e-02,-4.176362876845767305e-03
3.820000000000000284e+00,1.844218618977577079e-02,nan,7.222258650635598846e-03,-7.148653295739660664e-03,1.334856617968419035e-02,-7.307061047431864971e-03
3.899999999999999911e+00,9.916820938801380186e-03,nan,1.348812655976388587e-02,-6.751868862012050561e-03,1.674600775937484451e-02,-5.314673847039328228e-03
4.000000000000000000e+00,-4.400415583950324262e-03,nan,-2.737083347030196210e-03,6.839577314988594383e-06,-9.523712858105102749e-04,9.188959416688451121e-03
