time,T,U_per_particle,KE_per_particle,total_momentum_norm,min_distance
0.000000000000000000e+00,7.306478834052227977e-01,-9.654660043303300299e-01,1.078847265340524331e+00,2.440321286437458345e-15,1.332557223444839289e+00
2.000000000000000042e-02,7.417443173274005375e-01,-1.020966979349304804e+00,1.095231843553739814e+00,8.276980706137051998e-15,1.288083044283322876e+00
4.000000000000000083e-02,8.889445406786534720e-01,-1.213619041879150817e+00,1.312582173345824277e+00,4.645743634960452597e-15,1.220142348077795758e+00
5.999999999999999778e-02,1.058680476208755605e+00,-1.536273255106743507e+00,1.563207890651990617e+00,2.057952403714950125e-15,1.142811997952036807e+00
8.000000000000000167e-02,1.156235657181766907e+00,-1.927015439612785208e+00,1.707254212557452799e+00,6.702382469453932543e-15,1.080533503083057845e+00
1.000000000000000056e-01,1.336359185744622424e+00,-2.309186894126017187e+00,1.973217860201043949e+00,4.023314056419886080e-15,1.001413917458932046e+00
1.199999999999999956e-01,1.439486526605404215e+00,-2.619064041965755596e+00,2.125491824440792321e+00,1.526031735906833863e-14,9.175419595421754337e-01
1.400000000000000133e-01,1.488306684726329543e+00,-2.808559128358245616e+00,2.197577839166220848e+00,8.623590790883644937e-15,8.501089924488319793e-01
1.600000000000000033e-01,1.382009792871359277e+00,-2.893731642096563306e+00,2.040623834786616353e+00,6.930284334219548631e-15,7.998689590306300445e-01
1.799999999999999933e-01,1.344538856786136050e+00,-2.943451862319706791e+00,1.985295655723279040e+00,4.588330149012205064e-15,7.818811959536708933e-01
2.000000000000000111e-01,1.246799741496813940e+00,-2.954733171451613849e+00,1.840977743303889191e+00,1.119799033590937074e-14,7.842838629977850751e-01
2.200000000000000011e-01,1.179630166252936929e+00,-2.926556961618308250e+00,1.741797667357852131e+00,6.010091621013068101e-15,8.103501372400174763e-01
2.399999999999999911e-01,1.128015571387445792e+00,-2.877426437565467232e+00,1.665585492126775424e+00,8.751064938889354595e-15,7.838370200482138728e-01
2.600000000000000089e-01,1.033426498035344476e+00,-2.841933177689769607e+00,1.525918813505313221e+00,3.250129314192761737e-15,7.649142590248060314e-01
2.800000000000000266e-01,9.888571309125134823e-01,-2.836571251820314998e+00,1.460109357363008176e+00,7.260934972139191317e-15,7.736590349158176672e-01
2.999999999999999889e-01,1.035455738892517852e+00,-2.853178532806107004e+00,1.528915114458483382e+00,5.546950224360272358e-15,7.712633410462126360e-01
3.200000000000000067e-01,1.015292331591302277e+00,-2.880389833703311808e+00,1.499142583365282277e+00,2.637217893002242368e-15,7.497596592566975193e-01
3.400000000000000244e-01,9.995623821078954974e-01,-2.974042640216534750e+00,1.475916329831189477e+00,2.257775758751106724e-15,7.463897812852532399e-01
3.599999999999999867e-01,1.090156112524315768e+00,-3.098963769314271310e+00,1.609683634899184979e+00,3.774098536881219281e-15,7.671448712735334796e-01
3.800000000000000044e-01,1.143241053205878544e+00,-3.185982079741584094e+00,1.688066867624304912e+00,9.462331253057294969e-15,8.040048296135294814e-01
4.000000000000000222e-01,1.040739581841576777e+00,-3.206163001907020860e+00,1.536717038812953184e+00,1.175224955741701784e-14,7.740542973846687991e-01
4.199999999999999845e-01,1.022844287147582465e+00,-3.205131034629544295e+00,1.510293517741352343e+00,1.188561028272345414e-14,7.537268346272546493e-01
4.400000000000000022e-01,1.065955560010872327e+00,-3.211655746769765507e+00,1.573950006578553662e+00,1.194486599456043360e-14,7.536229245012988631e-01
4.600000000000000200e-01,1.026595388993197577e+00,-3.231084501304275935e+00,1.515832254060268447e+00,1.017415067251166818e-14,7.773890978430735288e-01
4.799999999999999822e-01,9.815829541707189465e-01,-3.243341426913302072e+00,1.449368580767702142e+00,1.134072576787853131e-14,8.066029095499224200e-01
5.000000000000000000e-01,9.722122744450899523e-01,-3.261014820750748555e+00,1.435532186485328099e+00,6.289195403694124151e-15,8.092163350225473062e-01
5.200000000000000178e-01,8.962994797863511609e-01,-3.289488397541594278e+00,1.323442200622034104e+00,9.372388423635771876e-16,8.309929587895630299e-01
5.400000000000000355e-01,8.831800537403323714e-01,-3.308590862754384965e+00,1.304070548100959570e+00,5.444410214897024870e-15,8.541944061489206153e-01
5.600000000000000533e-01,9.426517970526103740e-01,-3.301165647034578043e+00,1.391884294085494966e+00,5.902813086158558598e-15,8.629872075009804577e-01
5.799999999999999600e-01,8.871205552806010752e-01,-3.271434794726645556e+00,1.309888944906512531e+00,1.256073966947020133e-15,8.623975504541093740e-01
5.999999999999999778e-01,8.347712435232143013e-01,-3.244536268238059407e+00,1.232591914264746125e+00,1.724423333794196835e-15,8.585783654618787120e-01
6.199999999999999956e-01,8.438229290915466585e-01,-3.245702978847696318e+00,1.245957293736736915e+00,1.241267076623636559e-15,8.722001511551757957e-01
6.400000000000000133e-01,8.725255348678759848e-01,-3.266885500315278801e+00,1.288338485078348139e+00,2.551647919199445748e-15,8.519690374148969347e-01
6.600000000000000311e-01,8.021867232780364176e-01,-3.280576176839273828e+00,1.184478833590225655e+00,1.029297849219271634e-15,8.295125527115889685e-01
6.800000000000000488e-01,8.054512371280035943e-01,-3.292998939408639636e+00,1.189299092321817852e+00,1.832919036670494603e-15,8.320451183853122545e-01
7.000000000000000666e-01,8.172823510888143073e-01,-3.304555060510506515e+00,1.206768471529577447e+00,3.224428664396229589e-15,8.401772709138217721e-01
7.199999999999999734e-01,7.860436159432896419e-01,-3.299303187147637928e+00,1.160642526666263663e+00,2.277353013311811303e-15,8.357402622448285578e-01
7.399999999999999911e-01,7.323643564545220253e-01,-3.274981868660294726e+00,1.081381745077380163e+00,3.925623650199914916e-15,8.387044337271626349e-01
7.600000000000000089e-01,6.970665486850836645e-01,-3.240917142822854480e+00,1.029262325792818844e+00,7.417959937009405780e-15,8.387206438606144010e-01
7.800000000000000266e-01,5.999087019167210766e-01,-3.222331817494798578e+00,8.858026926739085427e-01,2.642507180570149746e-15,8.405228785051075402e-01
8.000000000000000444e-01,5.765541930431159479e-01,-3.217518712614515941e+00,8.513183006652258467e-01,2.931598503177677688e-15,8.470191982287126331e-01
8.200000000000000622e-01,5.821654964845507374e-01,-3.217791202886822965e+00,8.596037409029694265e-01,3.990250140591033995e-15,8.393260137613786087e-01
8.399999999999999689e-01,5.689898615217275912e-01,-3.220859435369208157e+00,8.401490924031759233e-01,9.463959405116604062e-15,8.392280088447959807e-01
8.599999999999999867e-01,5.597639869089590103e-01,-3.242901461444860800e+00,8.265265119202598321e-01,1.363092680102179239e-14,8.248799776675133089e-01
8.800000000000000044e-01,5.772990742835727440e-01,-3.307912749970680633e+00,8.524181643718378165e-01,1.772049502933084087e-14,8.137759496722187791e-01
9.000000000000000222e-01,6.141996968838941973e-01,-3.378162907197315157e+00,9.069042399301250335e-01,1.837553266781108231e-14,8.201824126031231899e-01
9.200000000000000400e-01,6.715119815785073332e-01,-3.445795292929819453e+00,9.915294102995148018e-01,1.661870739597519566e-14,8.426629182778446747e-01
9.400000000000000577e-01,7.263219518096734051e-01,-3.504322070193187866e+00,1.072459756968970890e+00,1.789589032298067595e-14,8.713496670989974158e-01
9.599999999999999645e-01,7.586082379661014397e-01,-3.545972486500882148e+00,1.120132476371821673e+00,1.245282287813286223e-14,8.982401540310175347e-01
9.799999999999999822e-01,7.619021778033913117e-01,-3.565221065919210286e+00,1.124996184412820011e+00,8.999828317315257508e-15,8.966601720502074269e-01
1.000000000000000000e+00,7.774391761865012684e-01,-3.574734530952180744e+00,1.147937533587880754e+00,1.521056191753811859e-14,8.766744222410087772e-01
1.020000000000000018e+00,7.602027472312911094e-01,-3.578527511012047135e+00,1.122486868958703310e+00,1.756294223338047898e-14,8.567963672348734017e-01
1.040000000000000036e+00,7.114074584112171085e-01,-3.567497556610832454e+00,1.050437575310312788e+00,2.359716945451706341e-14,8.381653999705322988e-01
1.060000000000000053e+00,6.650480833672927083e-01,-3.546241625575895284e+00,9.819850605970181778e-01,2.844815166310271251e-14,8.204536643883811875e-01
1.080000000000000071e+00,7.057862733396769173e-01,-3.532807786176418219e+00,1.042137544228116663e+00,2.798312673731530734e-14,8.135269062454454359e-01
1.100000000000000089e+00,6.693543387751519358e-01,-3.523863544576849360e+00,9.883435158476853166e-01,2.519649870255405881e-14,8.162713290342232808e-01
1.120000000000000107e+00,6.980270248812091571e-01,-3.504491663214891251e+00,1.030680528926160466e+00,2.495153693283299172e-14,8.457418206628509738e-01
1.140000000000000124e+00,6.285174532852356721e-01,-3.471570772868873611e+00,9.280453021164808414e-01,2.759278360555660015e-14,8.205866327911343072e-01
1.159999999999999920e+00,6.335186007111581752e-01,-3.462365789952063899e+00,9.354298088625694341e-01,3.096850660039505229e-14,8.124345982855666337e-01
1.179999999999999938e+00,6.648429758088680863e-01,-3.474102850748315596e+00,9.816822064677818149e-01,2.733702989932766807e-14,8.239422807589648068e-01
1.199999999999999956e+00,6.323778845228835710e-01,-3.488820062084446505e+00,9.337454701158203196e-01,2.867805144223817626e-14,8.484756371370164585e-01
1.219999999999999973e+00,6.882491096671395914e-01,-3.496883633021678150e+00,1.016242825992885734e+00,2.923071959373406076e-14,8.181245456310171082e-01
1.239999999999999991e+00,6.853963549278395684e-01,-3.502450962366160603e+00,1.012030555323138126e+00,2.662832155998777432e-14,7.954510021405755138e-01
1.260000000000000009e+00,7.109791083551986191e-01,-3.511553542924564120e+00,1.049805089680722947e+00,2.954220857767536214e-14,7.896237062136681750e-01
1.280000000000000027e+00,7.334054033363109903e-01,-3.518985637272254330e+00,1.082918915863771758e+00,2.755730324758893434e-14,7.940572938003082060e-01
1.300000000000000044e+00,6.880921354958294822e-01,-3.521017143043587705e+00,1.016011043818060733e+00,2.621349179819578238e-14,8.237945980066568863e-01
1.320000000000000062e+00,6.566031363726776426e-01,-3.522529962651219648e+00,9.695155685502818699e-01,3.111502777392367568e-14,8.149687936129640375e-01
1.340000000000000080e+00,6.211858088873871697e-01,-3.537374922199712834e+00,9.172196709352825605e-01,2.842291557972785166e-14,8.137006759973153258e-01
1.360000000000000098e+00,7.306981066236540867e-01,-3.567990048446810114e+00,1.078921423061489193e+00,2.745462793298566553e-14,8.327356697136443220e-01
1.380000000000000115e+00,7.506215701617806602e-01,-3.602831986493160166e+00,1.108339662192004305e+00,2.737901834521088936e-14,7.791219831421162256e-01
1.400000000000000133e+00,7.939694539221853198e-01,-3.641174779678822748e+00,1.172345521806976709e+00,2.824077648837499583e-14,7.453232187730851610e-01
1.419999999999999929e+00,8.708825051204808210e-01,-3.707359013399389447e+00,1.285912448966959998e+00,2.644714603662895729e-14,7.635458554718368429e-01
1.439999999999999947e+00,8.818548949859370545e-01,-3.741180413531885129e+00,1.302113868377672734e+00,2.694939188130934851e-14,8.218973752646014930e-01
1.459999999999999964e+00,8.140757115779189146e-01,-3.703497358089793856e+00,1.202033667876770906e+00,2.979640869251387683e-14,7.994817933540314669e-01
1.479999999999999982e+00,7.443758001274113356e-01,-3.650785286617675762e+00,1.099117392375630775e+00,3.007507135309165512e-14,7.854509786302229513e-01
1.500000000000000000e+00,7.299583461339478330e-01,-3.628525694565103876e+00,1.077829120463407397e+00,2.828482453363389204e-14,7.936535585035904283e-01
1.520000000000000018e+00,7.755952208593657193e-01,-3.637962281027705913e+00,1.145214818300157145e+00,2.811142809616458478e-14,8.152674096954455329e-01
1.540000000000000036e+00,8.453162195160063286e-01,-3.651726080968733079e+00,1.248162230379103121e+00,2.840089868226817697e-14,8.150204352353612736e-01
1.560000000000000053e+00,8.311082887747013315e-01,-3.643166419358340402e+00,1.227183332643895008e+00,2.727857735001806540e-14,8.191033288756652819e-01
1.580000000000000071e+00,7.618872825402414062e-01,-3.638697191125679797e+00,1.124974190625825265e+00,2.997047003566875096e-14,7.925806104868656776e-01
1.600000000000000089e+00,8.200084913323452129e-01,-3.664642220072832579e+00,1.210793787982916037e+00,2.737803000429280481e-14,8.033597800499214792e-01
1.620000000000000107e+00,8.347720931711034575e-01,-3.707426788347249147e+00,1.232593168822957441e+00,2.949810553852677783e-14,8.263887660363000709e-01
1.640000000000000124e+00,8.820243629725732504e-01,-3.752173023883936587e+00,1.302364098451690211e+00,2.987831958410933186e-14,8.264879597237121400e-01
1.660000000000000142e+00,8.459981215872821592e-01,-3.772647549962079516e+00,1.249169101406221394e+00,2.933449219775274859e-14,8.073658032821496855e-01
1.679999999999999938e+00,8.922543685100255972e-01,-3.778951397217348074e+00,1.317469341003084660e+00,2.810395002926137558e-14,8.041851836755746774e-01
1.699999999999999956e+00,8.705754744890865648e-01,-3.773601343795232488e+00,1.285459099050291876e+00,2.886155492780608205e-14,8.076353259263255868e-01
1.719999999999999973e+00,8.940558964236758888e-01,-3.759059456493297091e+00,1.320129409563084000e+00,3.085391483023309852e-14,8.333006161704354930e-01
1.739999999999999991e+00,8.730361147551103373e-01,-3.750432173071959419e+00,1.289092388193092686e+00,3.476213823513025592e-14,7.901181044544579590e-01
1.760000000000000009e+00,8.817229285564461838e-01,-3.759249196773712942e+00,1.301919011696627493e+00,3.501645278692408140e-14,7.611506915790581251e-01
1.780000000000000027e+00,8.834839024284883990e-01,-3.786658813457595585e+00,1.304519199679564867e+00,3.307829166226500054e-14,7.658945209172592916e-01
1.800000000000000044e+00,8.951211481585101826e-01,-3.815374066434984446e+00,1.321702320327800217e+00,2.822025321599673956e-14,7.800365582764562378e-01
1.820000000000000062e+00,8.755747097610369067e-01,-3.851283008262556429e+00,1.292840782381531106e+00,2.729677607911306249e-14,7.980925218727821235e-01
1.840000000000000080e+00,9.463834823287353704e-01,-3.897823681614434488e+00,1.397394360626023291e+00,3.284822831147576194e-14,8.285843875848465379e-01
1.860000000000000098e+00,9.768899745289466585e-01,-3.938566312639966149e+00,1.442439103015397794e+00,2.907306454644799433e-14,8.504997061923564861e-01
1.880000000000000115e+00,1.037059756568444735e+00,-3.957232867832713552e+00,1.531283546808094309e+00,2.667707914225356908e-14,8.598957584981155033e-01
1.900000000000000133e+00,9.654362358900526742e-01,-3.947770688025091346e+00,1.425526942056405844e+00,2.845557057749331413e-14,8.642390485659595667e-01
1.919999999999999929e+00,8.423726584844848375e-01,-3.910686491047473012e+00,1.243815878543497178e+00,2.985158287361468145e-14,8.486430758364644777e-01
1.939999999999999947e+00,7.659853688094765412e-01,-3.858281911070843506e+00,1.131025271132742649e+00,2.784248104604496477e-14,8.098238261469348220e-01
1.959999999999999964e+00,7.234166108391656413e-01,-3.815892537617849634e+00,1.068169839442205449e+00,2.875477633779155440e-14,7.901878308213812208e-01
1.979999999999999982e+00,6.993762829947558490e-01,-3.818390208195328039e+00,1.032672792859444133e+00,3.157564847451602567e-14,8.158195097986337130e-01
2.000000000000000000e+00,6.750202317760028992e-01,-3.853063983458494768e+00,9.967095609817543389e-01,2.841287180868593544e-14,8.411999188451981802e-01
2.020000000000000018e+00,6.587103125852949992e-01,-3.891842645797001676e+00,9.726269459267247175e-01,2.554351614284186400e-14,8.202493890462320136e-01
2.040000000000000036e+00,6.245290906499443295e-01,-3.925632129096845446e+00,9.221562354128084449e-01,3.052209866223732603e-14,8.090924306884357264e-01
2.060000000000000053e+00,7.080367259529717350e-01,-3.963299352955688803e+00,1.045460478164934814e+00,3.000355899511948299e-14,8.222708484031476805e-01
2.080000000000000071e+00,6.532281157702602981e-01,-3.985958236442672664e+00,9.645321396920250034e-01,2.969088809132902898e-14,8.388212234688179336e-01
2.100000000000000089e+00,6.543868655894754527e-01,-3.990470154457819163e+00,9.662431062219598576e-01,3.249266417359010022e-14,8.132765559753090123e-01
2.120000000000000107e+00,6.773548585272640699e-01,-3.998763115842471905e+00,1.000156783294163354e+00,2.900562563355652056e-14,8.035130919678581396e-01
2.140000000000000124e+00,7.348085077196706560e-01,-4.011888821078195555e+00,1.084990687179826274e+00,2.758814860780727541e-14,8.167785991624176845e-01
2.160000000000000142e+00,7.054651311614670295e-01,-4.001745179275865816e+00,1.041663357730603590e+00,2.929158869014527997e-14,8.006219333402585514e-01
2.180000000000000160e+00,6.463855140258183418e-01,-3.986490820853447303e+00,9.544286105537473919e-01,2.749192216632923540e-14,7.927091686129708048e-01
2.200000000000000178e+00,6.248943918831165734e-01,-3.987835097865499279e+00,9.226956255149142416e-01,3.272447103910417079e-14,8.015983509065883750e-01
2.220000000000000195e+00,6.137321217192693856e-01,-3.970135376970100882e+00,9.062138359761087170e-01,3.748367622638891427e-14,8.214916216503705959e-01
2.240000000000000213e+00,5.813559041449748443e-01,-3.935660089866427569e+00,8.584083272140643484e-01,3.973839535327351702e-14,8.197217886613300530e-01
2.260000000000000231e+00,5.830330322188561620e-01,-3.915777834344023045e+00,8.608847116356548312e-01,3.716246662977458969e-14,8.104768278482886723e-01
2.280000000000000249e+00,6.477735885646515035e-01,-3.925631378274408778e+00,9.564781893649932920e-01,4.161204168160659777e-14,8.155485155595396662e-01
2.300000000000000266e+00,6.890525622584996457e-01,-3.971465111330780395e+00,1.017429173959815802e+00,4.775643407625438874e-14,8.441171871675777760e-01
2.319999999999999840e+00,6.771863996612776937e-01,-4.027409855777375647e+00,9.999080432498552717e-01,5.220133158276765643e-14,8.194724657872223261e-01
2.339999999999999858e+00,6.865849741284412167e-01,-4.075315438748775776e+00,1.013785625861526540e+00,5.286308598992697319e-14,8.101645631186867869e-01
2.359999999999999876e+00,7.568018051194269624e-01,-4.102039527987189516e+00,1.117465165371653857e+00,5.503179667157601155e-14,8.077949427551115447e-01
2.379999999999999893e+00,7.772388705666822828e-01,-4.093120407947403727e+00,1.147641769821116764e+00,5.669881921341353716e-14,8.063056398488106513e-01
2.399999999999999911e+00,7.564217825537509210e-01,-4.068249491407696539e+00,1.116904038302022784e+00,5.516825451206029034e-14,8.191273581540434723e-01
2.419999999999999929e+00,7.667943439521685001e-01,-4.043879143834868906e+00,1.132219773491873749e+00,5.926854674356570418e-14,8.164562616683158636e-01
2.439999999999999947e+00,7.146997718371238539e-01,-4.031179733840828838e+00,1.055298881853253157e+00,6.011509121769625850e-14,8.026779595486966956e-01
2.459999999999999964e+00,6.548899262715836000e-01,-4.016964734789478797e+00,9.669859067603852054e-01,6.033783810639216462e-14,8.080461020147806650e-01
2.479999999999999982e+00,6.494438628427414706e-01,-4.011189320917274870e+00,9.589444537287354908e-01,6.304642191089829395e-14,7.936299839425686731e-01
2.500000000000000000e+00,6.519051690379903397e-01,-4.008550896578903178e+00,9.625787261576576048e-01,6.278674396684816069e-14,7.928954890946490197e-01
2.520000000000000018e+00,7.180169655991919253e-01,-4.014260924718414003e+00,1.060196925767556753e+00,6.577066522042816565e-14,8.178863513983692934e-01
2.540000000000000036e+00,7.179470025907629394e-01,-4.014798484260492017e+00,1.060093621012923482e+00,6.018801532028294649e-14,8.225494425853584479e-01
2.560000000000000053e+00,7.313135051056783853e-01,-4.011746384740448867e+00,1.079830097382603160e+00,5.496198301578486336e-14,8.229576828636322450e-01
2.580000000000000071e+00,6.880808006419344425e-01,-4.022691784974522733e+00,1.015994307197856328e+00,5.623508571164992313e-14,8.148971644525806468e-01
2.600000000000000089e+00,6.951387421578933967e-01,-4.043766361491943684e+00,1.026415798967514448e+00,5.648027768261745628e-14,8.173731324330500980e-01
2.620000000000000107e+00,7.527315020382474575e-01,-4.039742109427493233e+00,1.111455108478349718e+00,5.365031612691729129e-14,8.286434246627746303e-01
2.640000000000000124e+00,7.583819542888350362e-01,-4.021734358687218958e+00,1.119798354379607952e+00,5.640656559600225117e-14,8.025726758910683989e-01
2.660000000000000142e+00,7.304174388247347549e-01,-3.999458699555622943e+00,1.078506999514647458e+00,6.058044628645530007e-14,7.981560362773361117e-01
2.680000000000000160e+00,7.202491673331095079e-01,-4.004706125174358533e+00,1.063492911140294428e+00,6.286122570189282447e-14,7.845609906929917887e-01
2.700000000000000178e+00,7.971685653457457610e-01,-4.023529904684435721e+00,1.177069209768327740e+00,6.640313803522185967e-14,7.884945128762615996e-01
2.720000000000000195e+00,8.986490478039993457e-01,-4.044365970909065133e+00,1.326911484648092721e+00,6.370518275173895099e-14,7.863039694134218438e-01
2.740000000000000213e+00,9.400581202707849471e-01,-4.063089069731669056e+00,1.388054568212330864e+00,6.820873977280556657e-14,7.924535101887842936e-01
2.760000000000000231e+00,9.659972873879150157e-01,-4.074557174353073741e+00,1.426355369658718342e+00,5.785862984714571629e-14,8.173406576732534790e-01
2.780000000000000249e+00,9.509947535311576994e-01,-4.081777130637507689e+00,1.404203190760850095e+00,6.693510987045217660e-14,8.323182057226048425e-01
2.800000000000000266e+00,9.050961467566731589e-01,-4.071010824997436828e+00,1.336431029195400244e+00,6.604600622691431813e-14,8.416859309026962777e-01
2.819999999999999840e+00,8.777305992802854062e-01,-4.049212146519625577e+00,1.296024087999796404e+00,6.005315891990599261e-14,8.418672569968340680e-01
2.839999999999999858e+00,7.897076044729085531e-01,-4.027474011964227607e+00,1.166052634729529025e+00,6.215392506622252447e-14,8.314915334898377308e-01
2.859999999999999876e+00,8.223766190280351607e-01,-4.000336686566511091e+00,1.214290476533583130e+00,5.622863133671825117e-14,8.103508506713749115e-01
2.879999999999999893e+00,7.928564034585076081e-01,-3.973870480986310572e+00,1.170702033231702632e+00,5.963344684722986454e-14,7.992860515990648507e-01
2.899999999999999911e+00,7.396832750570596637e-01,-3.971101158329322978e+00,1.092188585826439740e+00,6.448547326069312083e-14,7.953084018820488765e-01
2.919999999999999929e+00,7.942825838299477637e-01,-3.980263077143859185e+00,1.172807877686407263e+00,6.590848973525780119e-14,8.018188140001654141e-01
2.939999999999999947e+00,7.729709235582798987e-01,-3.962627903073535407e+00,1.141339879316522588e+00,6.714153989381730781e-14,7.700679518457417272e-01
2.959999999999999964e+00,7.498832919636145844e-01,-3.952576385708431062e+00,1.107249548290024643e+00,6.402137435461469276e-14,7.508234828518535187e-01
2.979999999999999982e+00,7.224414733534578748e-01,-3.971530298910051826e+00,1.066729987998465079e+00,6.257833532727589762e-14,7.569875402397583386e-01
3.000000000000000000e+00,7.425265594152397064e-01,-4.023319636406361255e+00,1.096386872886564889e+00,6.452795873322891229e-14,7.945376510004107384e-01
3.020000000000000018e+00,7.983415820749935055e-01,-4.069352369392685631e+00,1.178801242282607520e+00,6.658980819680188210e-14,8.561484824409180128e-01
3.040000000000000036e+00,8.252906671896198532e-01,-4.080017961332138121e+00,1.218593250772173064e+00,6.367896240823450604e-14,8.638990836154600839e-01
3.060000000000000053e+00,7.923581398012434773e-01,-4.061039737105447855e+00,1.169966315800273549e+00,6.744502075386203050e-14,8.595702729742380477e-01
3.080000000000000071e+00,7.536293807214072826e-01,-4.021782501508496033e+00,1.112780882471452903e+00,6.483491560780093664e-14,8.493640412817350382e-01
3.100000000000000089e+00,7.146366587621791888e-01,-3.980005719205253811e+00,1.055205691453530159e+00,6.546824613133519076e-14,7.948379947585156868e-01
3.120000000000000107e+00,6.859880812291315744e-01,-3.957109153189605433e+00,1.012904276189889652e+00,5.846178179984661904e-14,7.586438233850310020e-01
3.140000000000000124e+00,6.807877173853631447e-01,-3.966846277651768560e+00,1.005225613951825192e+00,5.083947387610446073e-14,7.594439319436681046e-01
3.160000000000000142e+00,6.720897740551401434e-01,-3.972838824376023759e+00,9.923825570032929200e-01,5.111609560120686575e-14,7.803333839339132716e-01
3.180000000000000160e+00,6.540522264815649134e-01,-3.989877195390333142e+00,9.657489906641856248e-01,5.071532316389373550e-14,8.029545293109207060e-01
3.200000000000000178e+00,7.338820016208397190e-01,-4.039890549975115874e+00,1.083622643018271159e+00,5.246837547973957340e-14,8.260026958894463034e-01
3.220000000000000195e+00,7.436061496616125366e-01,-4.102456601739855380e+00,1.097980955359724842e+00,5.234369690444381234e-14,8.524694416394559271e-01
3.240000000000000213e+00,8.156580576351847300e-01,-4.144275367786196540e+00,1.204370100726952497e+00,5.758890673657496970e-14,8.477735673909744252e-01
3.260000000000000231e+00,7.396308970887519596e-01,-4.145065218320712397e+00,1.092111246482610376e+00,6.264061404443446652e-14,8.553239415922058164e-01
3.280000000000000249e+00,6.701907635959964971e-01,-4.112210716656401921e+00,9.895785493722135673e-01,6.307044013151904097e-14,8.232432448433693040e-01
3.300000000000000266e+00,6.898762381874115057e-01,-4.062670284078495619e+00,1.018645382948599742e+00,6.314702721395835080e-14,7.794718463252948704e-01
3.320000000000000284e+00,7.158363080226317621e-01,-4.016780305253671912e+00,1.056977048564667232e+00,6.801092498829436068e-14,7.557421726172968146e-01
3.339999999999999858e+00,6.913291876077384268e-01,-3.988217397205404247e+00,1.020790753577051291e+00,6.434522428336229555e-14,7.652724584773523686e-01
3.359999999999999876e+00,6.580522094094650720e-01,-3.984166331021154583e+00,9.716552154561632904e-01,6.525127450487601290e-14,7.985804789105003243e-01
3.379999999999999893e+00,6.715948040636021688e-01,-3.992509123895442880e+00,9.916517028751625773e-01,6.027488632208640044e-14,8.209777088751480933e-01
3.399999999999999911e+00,7.402017297810771224e-01,-4.017038599689091605e+00,1.092954116629871741e+00,5.989537461321490520e-14,8.393160524468298300e-01
3.419999999999999929e+00,7.093846541314814402e-01,-4.045233448587177705e+00,1.047450778366015633e+00,6.116532918994172174e-14,8.573268263540081424e-01
3.439999999999999947e+00,8.028027926991628815e-01,-4.082069257856277389e+00,1.185388498594857731e+00,6.525213045140715693e-14,8.454232624384736550e-01
3.459999999999999964e+00,8.113218323893579553e-01,-4.121035457327950624e+00,1.197967393137411296e+00,6.166858601973269884e-14,8.155623280066802705e-01
3.479999999999999982e+00,9.422119058621317711e-01,-4.142344717119325281e+00,1.391234767249553972e+00,8.183467771577797895e-14,7.960068287725791114e-01
3.500000000000000000e+00,9.308003209831828828e-01,-4.121352594186403095e+00,1.374384848951730964e+00,8.013334150278724392e-14,7.678237515420546222e-01
3.520000000000000018e+00,9.297449105400594771e-01,-4.128354573294761742e+00,1.372826469469306643e+00,7.117949700257910973e-14,7.720206320022379165e-01
3.540000000000000036e+00,9.102551109616552338e-01,-4.144512605345534340e+00,1.344048562279319015e+00,7.129023784253065291e-14,7.792700318831764505e-01
3.560000000000000053e+00,9.091758778212556402e-01,-4.141441147490009911e+00,1.342455007095447739e+00,7.474680222365019988e-14,7.917114069581626667e-01
3.580000000000000071e+00,8.924072498790682761e-01,-4.122949471071226668e+00,1.317695079899561694e+00,7.543175658656740851e-14,8.199106365933873652e-01
3.600000000000000089e+00,9.435833407559536257e-01,-4.101107938148443210e+00,1.393259776584962806e+00,7.002453946537148743e-14,8.261844108424144517e-01
3.620000000000000107e+00,8.947507087553351335e-01,-4.097188251619681587e+00,1.321155343396549497e+00,7.367624879873223255e-14,8.148149198848957386e-01
3.640000000000000124e+00,8.407652875458130337e-01,-4.089176036901948308e+00,1.241442494891864534e+00,7.784652767618708624e-14,8.127386597984723737e-01
3.660000000000000142e+00,7.605020577182984853e-01,-4.084027989565226058e+00,1.122928819599675165e+00,7.454625754204578474e-14,7.814299769989864197e-01
3.680000000000000160e+00,7.572851024030486933e-01,-4.091875369661380546e+00,1.118178784017001659e+00,7.585586121094026871e-14,7.573735953794616949e-01
3.700000000000000178e+00,7.525171396306010729e-01,-4.111614640344195770e+00,1.111138588985809417e+00,7.307630120492742678e-14,7.817470563548862827e-01
3.720000000000000195e+00,7.731039422054837296e-01,-4.123614596605327698e+00,1.141536289662784531e+00,7.846741659164134066e-14,8.248827849068282037e-01
3.740000000000000213e+00,7.586975552078155660e-01,-4.120903685505518332e+00,1.120264358861540188e+00,7.367247925010214499e-14,8.152808665295279145e-01
3.760000000000000231e+00,6.833930278681337178e-01,-4.113536458601300794e+00,1.009072517711541161e+00,7.105813865163240056e-14,8.153413290040574246e-01
3.780000000000000249e+00,6.591098164844663154e-01,-4.117698383780078686e+00,9.732168384028447861e-01,6.792465344148647663e-14,8.073938150836980077e-01
3.800000000000000266e+00,6.997380576320952894e-01,-4.145335184184032684e+00,1.033206975722390730e+00,6.763783209628169944e-14,8.171792765831739080e-01
3.820000000000000284e+00,7.251979015689627994e-01,-4.190323365688117363e+00,1.070800026535421612e+00,7.125299016865118251e-14,8.273541308527936344e-01
3.839999999999999858e+00,7.851266588544218994e-01,-4.235276225380207649e+00,1.159288582214732299e+00,6.853242254882897718e-14,8.386546754690169525e-01
3.859999999999999876e+00,7.897100083066369569e-01,-4.280680783012904556e+00,1.166056184140268570e+00,6.766126226559223702e-14,8.565729789384807225e-01
3.879999999999999893e+00,7.800268810118196061e-01,-4.294844558447636018e+00,1.151758441494014962e+00,6.667111118904504143e-14,8.514134305844687223e-01
3.899999999999999911e+00,7.271601869983506106e-01,-4.290682507192554951e+00,1.073697463614752046e+00,7.585061717970167729e-14,8.458818393146674275e-01
3.919999999999999929e+00,6.802939266850861477e-01,-4.266359849981355090e+00,1.004496501120947460e+00,7.940301663898381544e-14,8.317417633681558620e-01
3.939999999999999947e+00,6.309447245713328822e-01,-4.235549462757936645e+00,9.316293198748586413e-01,7.383584112286460810e-14,8.226865114907045973e-01
3.959999999999999964e+00,6.454054346626966199e-01,-4.230661507381233477e+00,9.529814621191379231e-01,7.855594817971699691e-14,8.398124363661860770e-01
3.979999999999999982e+00,6.880276329543788538e-01,-4.253086835025309931e+00,1.015915801784200045e+00,7.664771431555138146e-14,8.412944488418695466e-01
4.000000000000000000e+00,7.114027170514867215e-01,-4.295782759151961727e+00,1.050430574396335803e+00,7.993212563641947616e-14,8.547198901431340978e-01
4.020000000000000462e+00,7.602836246476065707e-01,-4.346734502226089703e+00,1.122606289518731648e+00,7.694173974595565118e-14,8.513936554336686280e-01
4.040000000000000036e+00,7.935054514487209776e-01,-4.386805742633805849e+00,1.171660393154752011e+00,8.083508225242656735e-14,8.251437199744678930e-01
4.060000000000000497e+00,7.715480563271487346e-01,-4.393395771256365379e+00,1.139238926920555617e+00,8.248792733711925172e-14,8.125310692234809506e-01
4.080000000000000071e+00,7.271365543704709777e-01,-4.362544867037405183e+00,1.073662568562648634e+00,8.384711900316158902e-14,7.943209443326428865e-01
4.099999999999999645e+00,6.911382725375533331e-01,-4.304807443751876406e+00,1.020508855543731164e+00,8.612619068292405419e-14,7.667122491556401798e-01
4.120000000000000107e+00,6.630327678319014595e-01,-4.247435701828559118e+00,9.790093212517920751e-01,8.081859337871167087e-14,7.640849330572455633e-01
4.139999999999999680e+00,6.615800088690618752e-01,-4.219099960242181702e+00,9.768642318457241291e-01,8.627036238049945216e-14,7.855185438503246020e-01
4.160000000000000142e+00,6.178072268561689562e-01,-4.212843085282938382e+00,9.122309834048120125e-01,8.474664040145909368e-14,8.259182597065004572e-01
4.179999999999999716e+00,6.550928715098577326e-01,-4.225469406284472207e+00,9.672855680887743057e-01,7.644330971420570083e-14,8.371689899860095263e-01
4.200000000000000178e+00,7.202527886744987118e-01,-4.262586459329425814e+00,1.063498258277189468e+00,7.818421114804358889e-14,8.153428580241064427e-01
4.219999999999999751e+00,7.093977522186406537e-01,-4.299203544796599274e+00,1.047470118510336556e+00,7.914421049352947272e-14,7.974936236147126545e-01
4.240000000000000213e+00,7.292354535767513468e-01,-4.315997949661870337e+00,1.076761724421921862e+00,8.195198322170401522e-14,7.960165073933780366e-01
4.259999999999999787e+00,7.182002413406509689e-01,-4.314819799420201996e+00,1.060467543854554995e+00,8.221596925142362931e-14,7.790188250551427496e-01
4.280000000000000249e+00,7.644299357577363230e-01,-4.321013280193890083e+00,1.128728577017282575e+00,7.763920668170898379e-14,7.874828647131996151e-01
4.299999999999999822e+00,7.903327273184527213e-01,-4.314024193166908105e+00,1.166975667681152906e+00,8.058518185674950824e-14,7.552630861659217487e-01
4.320000000000000284e+00,8.143464207115729270e-01,-4.304369043525028360e+00,1.202433386831931905e+00,7.867402976254790813e-14,7.481830504320517994e-01
4.339999999999999858e+00,8.244483479215612975e-01,-4.311356445432253715e+00,1.217349513727930432e+00,7.460400079887524019e-14,7.860256784427153143e-01
4.360000000000000320e+00,7.936396014397969489e-01,-4.282819342208833646e+00,1.171858474000950112e+00,7.673922763232017088e-14,7.959679941988750951e-01
4.379999999999999893e+00,7.306020210739737619e-01,-4.215277768434766870e+00,1.078779546742039352e+00,8.613284527434521805e-14,7.793104507771186906e-01
4.400000000000000355e+00,6.955791770687886899e-01,-4.169003582407273534e+00,1.027066128640633291e+00,8.054413629468232649e-14,7.574637567329923771e-01
4.419999999999999929e+00,6.786841512423119616e-01,-4.193212051435034837e+00,1.002119567068726180e+00,8.143577173902091519e-14,7.832530477868047125e-01
4.440000000000000391e+00,7.708258039720076171e-01,-4.230377221372614294e+00,1.138172476177417458e+00,8.507548921249661067e-14,7.980511286712740349e-01
4.459999999999999964e+00,7.135744116956558303e-01,-4.237316994232170231e+00,1.053637217269366877e+00,8.899180747817695274e-14,7.757268452330962072e-01
4.480000000000000426e+00,7.283395689562289776e-01,-4.265122781275952235e+00,1.075438894786931776e+00,8.451290315099589011e-14,7.913641371652225809e-01
4.500000000000000000e+00,7.247456962714280415e-01,-4.307596328629403004e+00,1.070132317150780388e+00,7.950965302254447044e-14,8.179283130540886404e-01
4.520000000000000462e+00,6.986584335164147674e-01,-4.345108443692531353e+00,1.031612843239081201e+00,8.497994439491471716e-14,8.198493024049748890e-01
4.540000000000000036e+00,7.008788366583169616e-01,-4.378844220747276417e+00,1.034891407253296203e+00,8.545760989870918441e-14,8.364194731785713488e-01
4.560000000000000497e+00,7.016528924204814555e-01,-4.411579269359828359e+00,1.036034348964617102e+00,8.533925549771142363e-14,8.391590861229517584e-01
4.580000000000000071e+00,6.748577957323093068e-01,-4.421790001764305700e+00,9.964697140109879392e-01,8.955334214257914785e-14,8.010239988896810104e-01
4.600000000000000533e+00,7.266360630038980473e-01,-4.453026511083082895e+00,1.072923561779193236e+00,8.386983624843512358e-14,7.817086122099473622e-01
4.620000000000000107e+00,7.450127483099285852e-01,-4.495277220058806478e+00,1.100057886176379007e+00,8.249442687853920183e-14,7.981499601972291691e-01
4.639999999999999680e+00,7.373122223445811585e-01,-4.528435613415293659e+00,1.088687578305670645e+00,8.121538013123515770e-14,8.034092730555306705e-01
4.660000000000000142e+00,7.115862354177573401e-01,-4.532892567561098929e+00,1.050701550734032264e+00,8.278718979306497959e-14,8.044431713405965079e-01
4.679999999999999716e+00,6.622384989868890237e-01,-4.496362770179628043e+00,9.778365336603282998e-01,7.897143659352055234e-14,7.725792803456515978e-01
4.700000000000000178e+00,6.648815645006930231e-01,-4.462636709702199056e+00,9.817391850830545774e-01,8.054958792887152324e-14,7.629200098983550671e-01
4.719999999999999751e+00,6.685159651610617093e-01,-4.465722326229333738e+00,9.871056048081301437e-01,8.155447756531355122e-14,7.701783903461746350e-01
4.740000000000000213e+00,7.324256682831211673e-01,-4.532523819398701193e+00,1.081472275824296059e+00,7.623376937138665532e-14,7.862138191907043216e-01
4.759999999999999787e+00,8.416404366635128476e-01,-4.613878082880900067e+00,1.242734707260968241e+00,7.565858343450888974e-14,7.962675648914424587e-01
4.780000000000000249e+00,8.607592269785443451e-01,-4.624527894720715793e+00,1.270964796085506832e+00,7.873696681173464454e-14,7.791218142924383194e-01
4.799999999999999822e+00,8.381267892678767595e-01,-4.569062309891180007e+00,1.237546587278349319e+00,7.915010346684750140e-14,7.440533998984116826e-01
4.820000000000000284e+00,8.365031607540459602e-01,-4.510327383100387166e+00,1.235149198300895979e+00,7.934359360719132158e-14,7.390666877769914711e-01
4.839999999999999858e+00,7.711328657333257341e-01,-4.467202872615533948e+00,1.138625872059363831e+00,8.129691013505024086e-14,7.683383221647074324e-01
4.860000000000000320e+00,7.020927451553790055e-01,-4.434263536473123324e+00,1.036683819018489272e+00,7.737840327101967477e-14,7.901782955604621517e-01
4.879999999999999893e+00,6.356984569857562217e-01,-4.430327573086492166e+00,9.386485028930307006e-01,7.762730377766891833e-14,7.728419516807508716e-01
4.900000000000000355e+00,6.439028715935937175e-01,-4.443373549228265773e+00,9.507628338374156662e-01,8.055716341404259408e-14,7.849912421306520782e-01
4.919999999999999929e+00,6.105733755978166588e-01,-4.452801836820055925e+00,9.015497499061512210e-01,7.968741285796812265e-14,8.052436089881008785e-01
4.940000000000000391e+00,6.513966834696297559e-01,-4.433438580115611316e+00,9.618279154356251803e-01,7.444821502281185087e-14,7.793341695053142004e-01
4.959999999999999964e+00,6.693650953634505685e-01,-4.421395420853409419e+00,9.883593986225949202e-01,7.697329238172249636e-14,7.741963905091252540e-01
4.980000000000000426e+00,6.758375634180552316e-01,-4.454218804225098971e+00,9.979164022344721996e-01,7.637180529442459033e-14,7.655365215190311767e-01
5.000000000000000000e+00,7.393251981553258245e-01,-4.517549325820793271e+00,1.091659862901223299e+00,7.419039921998930746e-14,7.607873951927971445e-01
5.020000000000000462e+00,7.386484560632418095e-01,-4.588227811285502611e+00,1.090660610905880512e+00,7.207147682168380623e-14,7.851777615922975739e-01
5.040000000000000036e+00,7.819777386490761595e-01,-4.659215750465973471e+00,1.154639004724026474e+00,7.719467792655522023e-14,8.386612734829793636e-01
5.060000000000000497e+00,7.587605851933854062e-01,-4.691374835590686132e+00,1.120357426574608128e+00,7.879864132138096196e-14,8.278646411357610813e-01
5.080000000000000071e+00,7.306647390782771145e-01,-4.708401724935141530e+00,1.078872153795268574e+00,7.540846134587034314e-14,8.222749411822896093e-01
5.100000000000000533e+00,7.209314363134401438e-01,-4.700871425980677643e+00,1.064500323931564019e+00,8.578197310155605308e-14,8.112016879929165869e-01
5.120000000000000107e+00,6.459041577086430674e-01,-4.667854372828232457e+00,9.537178578666682949e-01,8.471918780866915731e-14,7.895199379500981163e-01
5.139999999999999680e+00,5.790243835169975872e-01,-4.608656893226734219e+00,8.549656912868167646e-01,7.901374275987335057e-14,7.822282543489228468e-01
5.160000000000000142e+00,5.789360788449187112e-01,-4.561321274711204410e+00,8.548353039194502845e-01,7.726960831257254289e-14,7.974071257009139879e-01
5.179999999999999716e+00,5.973602818871907028e-01,-4.536921214461893115e+00,8.820397912240549587e-01,7.662407115270644301e-14,7.820272672784599477e-01
5.200000000000000178e+00,6.276844828824906797e-01,-4.551626593543186772e+00,9.268153692561776902e-01,8.447338191253774392e-14,7.914520549671563154e-01
5.219999999999999751e+00,6.654136322792166824e-01,-4.589723969888137134e+00,9.825248164122808436e-01,8.167265714591521224e-14,8.052107924267359884e-01
5.240000000000000213e+00,6.566955703064870642e-01,-4.617492582825295955e+00,9.696520530306722563e-01,8.130155325726952455e-14,7.925846452280587151e-01
5.259999999999999787e+00,6.405678243267598493e-01,-4.626993236561201428e+00,9.458384281074814215e-01,8.135209875468015807e-14,7.931070674847324753e-01
5.280000000000000249e+00,6.411743468114677880e-01,-4.641227706192889713e+00,9.467339964638078476e-01,8.398755088223942112e-14,7.912886104613544580e-01
5.299999999999999822e+00,6.911228943903737765e-01,-4.688635493402877330e+00,1.020486148748286359e+00,9.106534674200153450e-14,7.893692120004071056e-01
5.320000000000000284e+00,7.228873744017576541e-01,-4.760986671725593311e+00,1.067388388765095231e+00,9.236463404713977404e-14,8.096053115671126843e-01
5.339999999999999858e+00,7.848455083473891980e-01,-4.833665982264198746e+00,1.158873445919191836e+00,9.318640935760447048e-14,8.267969444334963836e-01
5.360000000000000320e+00,7.883989515370315448e-01,-4.898205737688361872e+00,1.164120326878898215e+00,9.005589393701796790e-14,7.943420743671880668e-01
5.379999999999999893e+00,7.643714478135901214e-01,-4.894366816314416724e+00,1.128642215912254221e+00,9.317900183184458255e-14,7.686140597765440674e-01
5.400000000000000355e+00,7.748003986853035929e-01,-4.850505195679038373e+00,1.144041213683768543e+00,8.930012144843707464e-14,7.376967504364912998e-01
5.419999999999999929e+00,7.573642814473102725e-01,-4.829040247139023023e+00,1.118295696824544105e+00,8.985244208710390617e-14,7.609750703965130203e-01
5.440000000000000391e+00,7.335176342061355825e-01,-4.804387558832468486e+00,1.083084631757497140e+00,8.812408917191562081e-14,7.761500473789516574e-01
5.459999999999999964e+00,6.907469829706656128e-01,-4.746663025269105773e+00,1.019931092042623444e+00,9.374319828470559787e-14,7.646880229295390796e-01
5.480000000000000426e+00,6.544611460746353471e-01,-4.680267309968608735e+00,9.663527860008287451e-01,8.649492433571704000e-14,7.274297266333945577e-01
5.500000000000000000e+00,6.629606736531896694e-01,-4.707590234540832697e+00,9.789028696910379024e-01,8.602114392600559634e-14,7.653746746337100060e-01
5.520000000000000462e+00,6.682213862905775903e-01,-4.735573491422183423e+00,9.866706406946810226e-01,8.700261333450826090e-14,7.847102674655668242e-01
5.540000000000000036e+00,6.482048646024852756e-01,-4.730423135835172488e+00,9.571149953896072038e-01,8.762649298512412328e-14,7.747790051249073828e-01
5.560000000000000497e+00,6.252664690308248341e-01,-4.746451761453952756e+00,9.232450206783272550e-01,8.624568039472266568e-14,7.731365760165495038e-01
5.580000000000000071e+00,6.776786063545632288e-01,-4.772013614106652923e+00,1.000634817195409809e+00,8.938115910190185178e-14,7.766015976846383229e-01
5.600000000000000533e+00,7.274353212064058605e-01,-4.785478680281597619e+00,1.074103716468833625e+00,9.021639781053067898e-14,8.009756561131378128e-01
5.620000000000000107e+00,6.262135645832089814e-01,-4.762319161199584094e+00,9.246434664548944804e-01,9.056808915935011368e-14,8.053819459149380577e-01
5.639999999999999680e+00,5.729488660597259475e-01,-4.733779638907278375e+00,8.459948100413141603e-01,8.999905355652889359e-14,7.696493689242931424e-01
5.660000000000000142e+00,5.927264247335319869e-01,-4.733493093371418325e+00,8.751976115206058227e-01,9.187348763465422483e-14,7.589043212435716557e-01
5.679999999999999716e+00,6.322864577523166218e-01,-4.766197599289448306e+00,9.336104727749050536e-01,8.673998844126929641e-14,7.686866459979511124e-01
5.700000000000000178e+00,6.652890605243912958e-01,-4.801393700878488602e+00,9.823408784305465158e-01,8.512152336719772914e-14,7.972781639387646058e-01
5.719999999999999751e+00,6.461793414657939216e-01,-4.806453666642109823e+00,9.541241838830862854e-01,8.173323335593905219e-14,8.176788978473705782e-01
5.740000000000000213e+00,6.947821466600431206e-01,-4.783164860897807458e+00,1.025889263427719911e+00,9.337495833380221423e-14,7.891011299749469687e-01
5.759999999999999787e+00,7.423432796664196642e-01,-4.756304460399535472e+00,1.096116248882447852e+00,9.883942472435598993e-14,7.621024040596312554e-01
5.780000000000000249e+00,7.500495599122383172e-01,-4.753320617255244684e+00,1.107495053307914423e+00,9.554980565342213149e-14,7.666630028628588223e-01
5.799999999999999822e+00,7.340152309960635835e-01,-4.763298419546353912e+00,1.083819364517625061e+00,8.201557967277525947e-14,7.917335314643640931e-01
5.820000000000000284e+00,7.822314099446208147e-01,-4.754488101136820077e+00,1.155013566246354095e+00,8.669414833759600825e-14,7.826275898918739760e-01
5.839999999999999858e+00,7.898072291141929879e-01,-4.733819326589974175e+00,1.166199736738925630e+00,1.016090038353049128e-13,7.629520495629897869e-01
5.860000000000000320e+00,8.219141268237936115e-01,-4.718996576794172171e+00,1.213607577888257794e+00,1.048016722293963913e-13,7.576245049414345178e-01
5.879999999999999893e+00,7.690144870278425859e-01,-4.668734829728864000e+00,1.135497953502048851e+00,1.041699403786036790e-13,7.565373597724092125e-01
5.900000000000000355e+00,7.437120559431262823e-01,-4.633636781131285076e+00,1.098137332603522420e+00,1.042039977406861354e-13,7.881935469793913684e-01
5.919999999999999929e+00,6.921133300073245564e-01,-4.641025099227398698e+00,1.021948588838940131e+00,1.059431593772217046e-13,7.837133171540653365e-01
5.940000000000000391e+00,6.942427045558788867e-01,-4.666776707510743805e+00,1.025092743445789933e+00,1.046231247629787379e-13,7.826664227451706202e-01
5.959999999999999964e+00,7.933198624721062853e-01,-4.702369061724736454e+00,1.171386359431469515e+00,1.073676541102076744e-13,7.839532214022300050e-01
5.980000000000000426e+00,8.380803300722639015e-01,-4.721813948238774650e+00,1.237477987372327171e+00,1.013772731819773979e-13,7.826596720360837756e-01
6.000000000000000000e+00,7.916095285847576379e-01,-4.711914016996657573e+00,1.168860944550931258e+00,1.034536798373844122e-13,7.953510196468258631e-01
6.020000000000000462e+00,8.459788387487729988e-01,-4.687597556250127973e+00,1.249140629089985133e+00,1.034969649663862058e-13,7.967561098948851006e-01
6.040000000000000036e+00,8.375646778067366016e-01,-4.643016769012929146e+00,1.236716594574009509e+00,1.062901716053783036e-13,7.872969969075334085e-01
6.060000000000000497e+00,8.177077308596227834e-01,-4.593320772223765225e+00,1.207396571347411740e+00,1.080940099486649656e-13,7.793700669735104114e-01
6.080000000000000071e+00,8.124552884421543109e-01,-4.533320609222522890e+00,1.199641011840368421e+00,1.056340306810073820e-13,7.393602242692083326e-01
6.100000000000000533e+00,7.784970791557189740e-01,-4.514474184531336753e+00,1.149499593440866274e+00,1.027922824701494898e-13,7.515834267505251409e-01
6.120000000000000107e+00,8.132456452904287536e-01,-4.507704045298018158e+00,1.200808023124148693e+00,1.031492940674241896e-13,7.852241871421760111e-01
6.140000000000000568e+00,7.696596143419875968e-01,-4.483136906424563861e+00,1.136450524301841014e+00,1.054107285931979021e-13,7.670057339304778843e-01
6.160000000000000142e+00,7.688482439833973503e-01,-4.451656494061943192e+00,1.135252485256735167e+00,1.104969633794563393e-13,7.789749594566458546e-01
6.179999999999999716e+00,7.315704493411754328e-01,-4.424489557486785074e+00,1.080209491605329308e+00,1.107319081389181111e-13,7.578509419700489858e-01
6.200000000000000178e+00,7.614554196404816899e-01,-4.456905179105310033e+00,1.124336518062898804e+00,1.140479346190516252e-13,7.639058555091391423e-01
6.219999999999999751e+00,7.817806957544030100e-01,-4.499120022049855727e+00,1.154348058574860669e+00,1.200375355092286795e-13,7.882509839413204267e-01
6.240000000000000213e+00,7.397360729736316420e-01,-4.515982921067899447e+00,1.092266545250127896e+00,1.184711623441762056e-13,7.822707354403837243e-01
6.259999999999999787e+00,7.140893162900371349e-01,-4.512732188307817971e+00,1.054397506084507885e+00,1.202768838633735059e-13,8.018624334438864132e-01
6.280000000000000249e+00,6.828395504051122389e-01,-4.497368199152469437e+00,1.008255273645048522e+00,1.177095080586040076e-13,7.809170368199626067e-01
6.299999999999999822e+00,6.627767167782285807e-01,-4.476445294578585532e+00,9.786312458678531057e-01,1.200696962070003746e-13,7.732485710872228912e-01
6.320000000000000284e+00,6.976022406483519678e-01,-4.456310274536524396e+00,1.030053308457332228e+00,1.165505004619482664e-13,7.857360947497215031e-01
6.339999999999999858e+00,6.547836709815485490e-01,-4.452604495408971630e+00,9.668290141836928253e-01,1.207072113625567876e-13,7.785310353033334518e-01
6.360000000000000320e+00,6.980271920541367692e-01,-4.462455230417804231e+00,1.030680775767436330e+00,1.159678835540874365e-13,7.846216771004403956e-01
6.379999999999999893e+00,7.354289174652532957e-01,-4.482983367298476018e+00,1.085906760944788108e+00,1.190591940174924726e-13,7.878197533246452666e-01
6.400000000000000355e+00,7.023687868805458256e-01,-4.506817293567324079e+00,1.037091411878305891e+00,1.183180187039838497e-13,7.916243504362686645e-01
6.419999999999999929e+00,7.953293353636462504e-01,-4.542644008332661798e+00,1.174353471747883848e+00,1.184025872901071702e-13,7.997644677773123600e-01
6.440000000000000391e+00,8.224591991816527781e-01,-4.584837110010766992e+00,1.214412411291659222e+00,1.157508004609683016e-13,7.852178071569541062e-01
6.459999999999999964e+00,7.855482183719224576e-01,-4.617925029643563661e+00,1.159911041189791714e+00,1.165396301886005165e-13,7.793333037891235771e-01
6.480000000000000426e+00,7.620063876146997428e-01,-4.638048995547601194e+00,1.125150056712330038e+00,1.175411630228582566e-13,7.627222598054411717e-01
6.500000000000000000e+00,8.053184397563682984e-01,-4.637389446640352020e+00,1.189103008702762532e+00,1.165814897592505477e-13,7.735076729243388627e-01
6.520000000000000462e+00,7.803847171269359118e-01,-4.630796798022593919e+00,1.152286808882741376e+00,1.182274538907349730e-13,7.593916251180842236e-01
6.540000000000000036e+00,8.334787529273520734e-01,-4.616696163045853396e+00,1.230683471119293326e+00,1.239576436656529845e-13,7.615236395141118386e-01
6.560000000000000497e+00,7.460169368585473082e-01,-4.577864499935894393e+00,1.101540633330198693e+00,1.204371579726514511e-13,7.798426446002604262e-01
6.580000000000000071e+00,7.088726936368202614e-01,-4.509250753507256348e+00,1.046694836698117470e+00,1.178881733350003580e-13,7.225018986645377339e-01
6.600000000000000533e+00,6.799664303088851502e-01,-4.507596776109361159e+00,1.004012932252963175e+00,1.142269004859660973e-13,7.122183663255206021e-01
6.620000000000000107e+00,7.781380687906829241e-01,-4.588400171083389267e+00,1.148969492198742781e+00,1.178269168326322232e-13,7.665034927963911837e-01
6.640000000000000568e+00,8.786467551131394993e-01,-4.632456317718310679e+00,1.297376849346745020e+00,1.193577016975270309e-13,7.929260250102314611e-01
6.660000000000000142e+00,8.450739876281584406e-01,-4.628393803390371986e+00,1.247804559857202733e+00,1.174180001183538998e-13,7.696907487527214764e-01
6.679999999999999716e+00,7.715821446453008381e-01,-4.630468959466038648e+00,1.139289260452827079e+00,1.171322648599308337e-13,7.674714926008937566e-01
6.700000000000000178e+00,7.756776289551280401e-01,-4.627526118394159838e+00,1.145336499004056208e+00,1.175975275431904301e-13,7.681146886164138543e-01
6.719999999999999751e+00,7.896709680547449040e-01,-4.597481341577069891e+00,1.165998538768334258e+00,1.234271762247332581e-13,7.442598185862081550e-01
6.740000000000000213e+00,7.903544695871110859e-01,-4.609309249495271210e+00,1.167007771499718682e+00,1.173408575362422219e-13,7.394168963937405303e-01
6.759999999999999787e+00,7.681481414889449466e-01,-4.640094157488261928e+00,1.134218740167270312e+00,1.248130184349230991e-13,7.540043114757748466e-01
6.780000000000000249e+00,7.480407626528614573e-01,-4.613169906492204930e+00,1.104528938604615762e+00,1.322603707994245534e-13,7.634743217749172528e-01
6.799999999999999822e+00,7.435388862942818866e-01,-4.598256046423706778e+00,1.097881636793900606e+00,1.294580745733967302e-13,7.529409593148344015e-01
6.820000000000000284e+00,7.069734013488488955e-01,-4.644860467851337660e+00,1.043890412929159739e+00,1.282015015095385369e-13,7.588107022715970817e-01
6.839999999999999858e+00,7.436390137702695302e-01,-4.720826173525537683e+00,1.098029481270163643e+00,1.323728554395564948e-13,7.855820938775455176e-01
6.860000000000000320e+00,7.112320870102382120e-01,-4.775416493145897334e+00,1.050178628476054810e+00,1.404588009487720512e-13,8.039841549944780619e-01
6.879999999999999893e+00,6.378629216945697067e-01,-4.775283777315590505e+00,9.418444703146380270e-01,1.425991609707030808e-13,7.959618863683877166e-01
6.900000000000000355e+00,6.526497490117944000e-01,-4.733264491598180967e+00,9.636781450252277503e-01,1.504642458095067799e-13,7.747246999208557972e-01
6.919999999999999929e+00,6.534080992577149249e-01,-4.692559614441643490e+00,9.647978965602196366e-01,1.552271975780137126e-13,7.645799868122009624e-01
6.940000000000000391e+00,6.673043578777967388e-01,-4.689085774311151589e+00,9.853165909289341995e-01,1.557196262589345636e-13,7.677641998426696368e-01
6.959999999999999964e+00,6.995169556606887218e-01,-4.698203293367837041e+00,1.032880504842735636e+00,1.547987413906793117e-13,7.553334731979880479e-01
6.980000000000000426e+00,6.854833652859616544e-01,-4.686106754024617516e+00,1.012159031555052824e+00,1.531484361319157567e-13,7.265032679117375825e-01
7.000000000000000000e+00,6.995717785201314154e-01,-4.723929268798698899e+00,1.032961454221131614e+00,1.555653563445825118e-13,7.539827201147520919e-01
7.020000000000000462e+00,7.373160310926951677e-01,-4.779480259644858897e+00,1.088693202160307738e+00,1.545778751478763755e-13,7.775150923700968608e-01
7.040000000000000036e+00,7.310239911095369747e-01,-4.834567402966778893e+00,1.079402611872675610e+00,1.520284975711772463e-13,7.646184562772240234e-01
7.060000000000000497e+00,7.500905740415875211e-01,-4.889325393708467971e+00,1.107555613233281555e+00,1.605889922002847460e-13,7.507673464023730814e-01
7.080000000000000071e+00,7.361539151134255388e-01,-4.884800819943763805e+00,1.086977265284667427e+00,1.530869737134734852e-13,7.244220687124591773e-01
7.100000000000000533e+00,7.355911805264042647e-01,-4.876436247098387966e+00,1.086146352496018874e+00,1.559516020523884761e-13,7.264936588614216983e-01
7.120000000000000107e+00,7.334719986440779715e-01,-4.911462200049372839e+00,1.083017247997896337e+00,1.567404047779010141e-13,7.615601296855381008e-01
7.140000000000000568e+00,7.540666085448067824e-01,-4.894199012559004025e+00,1.113426476679441279e+00,1.569871256326619293e-13,7.821239909842382376e-01
7.160000000000000142e+00,7.343673140397718457e-01,-4.849579361731848337e+00,1.084339237136850542e+00,1.501036720877545601e-13,7.595488373101528801e-01
7.179999999999999716e+00,7.181969391530288460e-01,-4.830223175796071189e+00,1.060462667968144146e+00,1.442443912952781318e-13,7.500586519163845445e-01
7.200000000000000178e+00,8.106495324467039021e-01,-4.836125230643988360e+00,1.196974700253336188e+00,1.380483990823236754e-13,7.420403825580045298e-01
7.219999999999999751e+00,7.955593280775029585e-01,-4.835149342756777102e+00,1.174693070364438041e+00,1.358418552693779301e-13,7.572990402582198133e-01
7.240000000000000213e+00,7.945588709016109252e-01,-4.801526074403651201e+00,1.173215832815659887e+00,1.449414336256982163e-13,7.788423489262787935e-01
7.259999999999999787e+00,7.397096932711244577e-01,-4.754592040175531942e+00,1.092227593970644728e+00,1.409809266460522351e-13,7.655892019339993748e-01
7.280000000000000249e+00,7.259881582310470094e-01,-4.734602266198644216e+00,1.071966889888030350e+00,1.409132396364320576e-13,7.687980813440409289e-01
7.299999999999999822e+00,7.180552203619462448e-01,-4.741232876534736462e+00,1.060253411315686289e+00,1.406124525674725134e-13,7.643221308041628914e-01
7.320000000000000284e+00,7.620971949100645570e-01,-4.765368558348103356e+00,1.125284139359392199e+00,1.412937753707981286e-13,7.704403930987346882e-01
7.339999999999999858e+00,7.355071221869102782e-01,-4.782034134174197426e+00,1.086022235104109779e+00,1.419048123357229678e-13,7.950449959737484473e-01
7.360000000000000320e+00,6.983157565943182155e-01,-4.781380145138975024e+00,1.031106859346297977e+00,1.431039171995356249e-13,7.871907472793182592e-01
7.379999999999999893e+00,7.025271419935543715e-01,-4.802958342566485683e+00,1.037325233099857691e+00,1.431638230700782300e-13,7.758396834957176358e-01
7.400000000000000355e+00,7.155657114121767304e-01,-4.847606517413456828e+00,1.056577495757042184e+00,1.433267072986525399e-13,7.693866431572754516e-01
7.419999999999999929e+00,7.658784174748917151e-01,-4.904450920025282379e+00,1.130867350802769788e+00,1.412115202743620515e-13,7.711755776643585136e-01
7.440000000000000391e+00,8.148647745799125763e-01,-4.939112449038192132e+00,1.203198768715652234e+00,1.448890821545633753e-13,7.941619478522332631e-01
7.459999999999999964e+00,8.436378366156270792e-01,-4.946773503610897293e+00,1.245683993127761902e+00,1.370346962686443073e-13,7.952971741223253677e-01
7.480000000000000426e+00,8.708644424576023058e-01,-4.934538130139999978e+00,1.285885778316303352e+00,1.297216147497663990e-13,7.935094367195095755e-01
7.500000000000000000e+00,8.086023114886244922e-01,-4.893061886825806894e+00,1.193951850557422034e+00,1.294747065808600203e-13,7.831910206087551174e-01
7.520000000000000462e+00,7.772996291188953855e-01,-4.836106149343970095e+00,1.147731483620868964e+00,1.285544691901580534e-13,7.888413175995557802e-01
7.540000000000000036e+00,7.559857920701197331e-01,-4.807506844401286727e+00,1.116260271103536095e+00,1.305793525418613367e-13,7.944311145959294107e-01
7.560000000000000497e+00,8.239978035907116194e-01,-4.851289031395393359e+00,1.216684256864410063e+00,1.297905219683642692e-13,7.971844755765037371e-01
7.580000000000000071e+00,8.294473686377414889e-01,-4.934280179998154381e+00,1.224730880254165211e+00,1.329442383364702987e-13,7.849180815319599658e-01
7.600000000000000533e+00,8.994418855042822791e-01,-4.996399906631541654e+00,1.328082159064916778e+00,1.274199991072111778e-13,7.753385782911826896e-01
7.620000000000000107e+00,8.359459300529760162e-01,-4.981160601138807209e+00,1.234326412343847323e+00,1.297572655383724261e-13,7.754941818757724592e-01
7.640000000000000568e+00,7.344943953764895284e-01,-4.906747155310814179e+00,1.084526880673097882e+00,1.306283428631558534e-13,7.696384771911470857e-01
7.660000000000000142e+00,7.530634526462487432e-01,-4.815530453438436886e+00,1.111945254297976637e+00,1.298363064808355122e-13,7.605750799125255979e-01
7.679999999999999716e+00,7.923504551347597680e-01,-4.780538760097170936e+00,1.169954968909918680e+00,1.312380123896745515e-13,7.677065413222762258e-01
7.700000000000000178e+00,7.670786157915222558e-01,-4.746086361819173760e+00,1.132639518629669606e+00,1.284614986845352095e-13,7.803351595590354295e-01
7.719999999999999751e+00,7.485398368753216625e-01,-4.737504409450389531e+00,1.105265852886217148e+00,1.302792910076345417e-13,7.637831032231142681e-01
7.740000000000000213e+00,8.161358802162774762e-01,-4.774347562895943753e+00,1.205075635631847275e+00,1.282224564335165490e-13,7.615173830073718175e-01
7.759999999999999787e+00,8.792902933733227622e-01,-4.851995524985062147e+00,1.298327073809046883e+00,1.316857924961706565e-13,7.738611558039067972e-01
7.780000000000000249e+00,9.239920277547916116e-01,-4.909218189999757342e+00,1.364331978481684526e+00,1.310945875330120971e-13,7.615015770775287463e-01
7.799999999999999822e+00,9.172770465939138473e-01,-4.937143768510813935e+00,1.354416889111325961e+00,1.294306744441980611e-13,7.754269087762067914e-01
7.820000000000000284e+00,9.180392883999944909e-01,-4.933072470081815375e+00,1.355542386778116892e+00,1.305196433206047628e-13,8.087949065506805368e-01
7.839999999999999858e+00,8.366678115656752679e-01,-4.877403454906794167e+00,1.235392315514942441e+00,1.292995687083119377e-13,7.697452218376821254e-01
7.860000000000000320e+00,7.749772976370634670e-01,-4.833474813318426655e+00,1.144302416042226600e+00,1.288923030078982165e-13,7.614631352466046943e-01
7.879999999999999893e+00,7.883384605904781850e-01,-4.816485655730991411e+00,1.164031008215627994e+00,1.292600966276684549e-13,7.357596551994032286e-01
7.900000000000000355e+00,7.039148017390454148e-01,-4.822874277895894402e+00,1.039374199442809177e+00,1.297657143903480286e-13,6.981410120039174272e-01
7.919999999999999929e+00,8.381306754655967195e-01,-4.996050638461295712e+00,1.237552325492170091e+00,1.294452115852091584e-13,7.364106395944507444e-01
7.940000000000000391e+00,8.479247257811076688e-01,-5.145476676615173162e+00,1.252013852911166847e+00,1.269478739179057279e-13,7.793542169196961966e-01
7.959999999999999964e+00,8.778270360504102365e-01,-5.206293528552087935e+00,1.296166482918183815e+00,1.292645306868712637e-13,7.945681930434428386e-01
7.980000000000000426e+00,8.793816033627687156e-01,-5.192399534842202513e+00,1.298461898715338236e+00,1.277175036197344904e-13,7.720941741885199994e-01
8.000000000000000000e+00,7.560104161151207647e-01,-5.154525834587476929e+00,1.116296630044983029e+00,1.315572708716529009e-13,7.716161368461054160e-01
8.019999999999999574e+00,7.019332717325375004e-01,-5.125849044801055854e+00,1.036448346542574894e+00,1.288397862914390548e-13,7.777828377674704807e-01
8.040000000000000924e+00,7.195817701661277876e-01,-5.135295588035598158e+00,1.062507457510923015e+00,1.240709653575299044e-13,7.572154315335487551e-01
8.060000000000000497e+00,7.277055796376312724e-01,-5.177911356707638468e+00,1.074502769933689983e+00,1.265852662440909068e-13,7.802417130927877809e-01
8.080000000000000071e+00,7.215215078508165902e-01,-5.190542258654388341e+00,1.065371601435971316e+00,1.277695538535565803e-13,7.312117735544585440e-01
8.099999999999999645e+00,6.610962894163603387e-01,-5.200684793673957529e+00,9.761499898413446008e-01,1.285549096434828129e-13,7.296982180750573033e-01
8.120000000000000995e+00,6.579549465618054205e-01,-5.214422845859526312e+00,9.715116007826657407e-01,1.277230407319213724e-13,7.746343621856260908e-01
8.140000000000000568e+00,6.172870151101904623e-01,-5.183436308162910677e+00,9.114628582486405950e-01,1.304665734000469183e-13,7.770170474527594573e-01
8.160000000000000142e+00,6.618261345583806854e-01,-5.114927905655790141e+00,9.772276518088589548e-01,1.290525059731061349e-13,7.413332829367260679e-01
8.179999999999999716e+00,6.107968869430021597e-01,-5.065943971220868036e+00,9.018797783767766862e-01,1.299974126286767161e-13,7.380622527348068562e-01
8.199999999999999289e+00,6.643670474200700227e-01,-5.124590275426466945e+00,9.809794684561972122e-01,1.270110940613648950e-13,7.285040973039218493e-01
8.220000000000000639e+00,7.502834060573270181e-01,-5.215856433103039258e+00,1.107840341756521907e+00,1.269691843915217230e-13,7.751910261456852469e-01
8.240000000000000213e+00,7.553141757189952843e-01,-5.241024417513242994e+00,1.115268587585078963e+00,1.321754549135113753e-13,7.914265863374306820e-01
8.259999999999999787e+00,7.057683381252701782e-01,-5.204528584289408677e+00,1.042111061763094204e+00,1.314837132750827072e-13,7.788670981248558833e-01
8.279999999999999361e+00,6.597568215425592131e-01,-5.159059408759311793e+00,9.741721818089351670e-01,1.292143644977891376e-13,7.966769357474067226e-01
8.300000000000000711e+00,6.937447029062348003e-01,-5.144512017288787931e+00,1.024357412884987273e+00,1.306478265307280261e-13,8.096228751652866373e-01
8.320000000000000284e+00,6.694921762693542000e-01,-5.120585512344986157e+00,9.885470415227183283e-01,1.323306674396837953e-13,8.220008330551272779e-01
8.339999999999999858e+00,6.211936466413866542e-01,-5.079464848800652632e+00,9.172312438689225189e-01,1.374592857788741767e-13,7.915948531556404877e-01
8.359999999999999432e+00,5.955617106541958305e-01,-5.070794373442385705e+00,8.793840883878359937e-01,1.386650918742995499e-13,7.881348166868475946e-01
8.380000000000000782e+00,5.893184374215459931e-01,-5.091702535315370426e+00,8.701655052552514924e-01,1.412573385967003291e-13,7.706815570454373931e-01
8.400000000000000355e+00,5.829739379919218756e-01,-5.143826983430740185e+00,8.607974553161971132e-01,1.410716169508556358e-13,7.854392192359354041e-01
8.419999999999999929e+00,6.937194255416934130e-01,-5.193616608724842543e+00,1.024320089276406609e+00,1.421200067069371228e-13,7.789992232299826069e-01
8.439999999999999503e+00,7.126175830853970217e-01,-5.219188619091464254e+00,1.052224400024531548e+00,1.408050506924365591e-13,7.752798812144814367e-01
8.460000000000000853e+00,6.962020982701867533e-01,-5.203609504376526473e+00,1.027985910727072572e+00,1.438123057028130208e-13,7.733747974139976167e-01
8.480000000000000426e+00,6.071731162730769071e-01,-5.168112262369466414e+00,8.965290544969650721e-01,1.405310061102114578e-13,7.628821955672946409e-01
8.500000000000000000e+00,5.687034177419691972e-01,-5.147321030292387078e+00,8.397261402596263302e-01,1.416801729039044694e-13,7.510740880685158327e-01
8.519999999999999574e+00,5.808734480436879011e-01,-5.178568842486343193e+00,8.576959506270079858e-01,1.360953435191525245e-13,7.534131270517521184e-01
8.540000000000000924e+00,5.848880945567705991e-01,-5.215282161370414116e+00,8.636238271189815574e-01,1.367742723643837329e-13,7.714292666526082476e-01
8.560000000000000497e+00,5.448122493548533951e-01,-5.232738367828950743e+00,8.044493369380256720e-01,1.331012486290569071e-13,7.966459840484442223e-01
8.580000000000000071e+00,5.722821564709438258e-01,-5.267277777481843337e+00,8.450103716641279572e-01,1.350355506630360551e-13,8.067741025330347204e-01
8.599999999999999645e+00,6.031586952964095305e-01,-5.286552675560100667e+00,8.906015110236046306e-01,1.310760166069718637e-13,8.224037716395282693e-01
8.620000000000000995e+00,6.971250168719468343e-01,-5.285646005792580482e+00,1.029348657724983962e+00,1.351486864134738138e-13,8.082491029064130528e-01
8.640000000000000568e+00,6.843988084882133283e-01,-5.247089444194461549e+00,1.010557615658377539e+00,1.354329956122005484e-13,7.961007779583441080e-01
8.660000000000000142e+00,6.686130993199266292e-01,-5.179184498968009365e+00,9.872490294645791531e-01,1.325023883331730583e-13,7.623662837526615776e-01
8.679999999999999716e+00,6.672359470186659536e-01,-5.118187913993850202e+00,9.852155780197490165e-01,1.369239709270934089e-13,7.631468457349184220e-01
8.700000000000001066e+00,6.377874475816512900e-01,-5.091352391915608067e+00,9.417330280697819855e-01,1.358271096237503458e-13,7.559464379494502673e-01
8.720000000000000639e+00,6.122959115638884064e-01,-5.090221973233161279e+00,9.040931819185539231e-01,1.382772374710018146e-13,7.645731690459324215e-01
8.740000000000000213e+00,6.062032149128812053e-01,-5.119522254453592325e+00,8.950969345198011018e-01,1.325580519103279619e-13,7.775355433837848329e-01
8.759999999999999787e+00,7.099434281887794240e-01,-5.150668845219122716e+00,1.048275843184994560e+00,1.349172693361950244e-13,7.769039032276072732e-01
8.779999999999999361e+00,6.716622982684745669e-01,-5.177024841953299372e+00,9.917513622870445245e-01,1.315164496700984951e-13,7.782847919620826671e-01
8.800000000000000711e+00,6.875253535769605406e-01,-5.212587154683731683e+00,1.015174154890980729e+00,1.274259413588809579e-13,7.587870057767890364e-01
8.820000000000000284e+00,7.495896188892634537e-01,-5.247717838708933158e+00,1.106815921641178146e+00,1.312616663233589606e-13,7.608597543271377051e-01
8.839999999999999858e+00,7.642695505000757228e-01,-5.310862030013407065e+00,1.128491758160268033e+00,1.381109522008616412e-13,7.803673529954963106e-01
8.859999999999999432e+00,8.172843471831653384e-01,-5.350227501894345039e+00,1.206771418887642611e+00,1.340502814897043905e-13,7.816722267725467743e-01
8.880000000000000782e+00,8.166113820744007601e-01,-5.354369083596171919e+00,1.205777743844232308e+00,1.369319121846208787e-13,7.809138781419664443e-01
8.900000000000000355e+00,7.884716845607379065e-01,-5.282903582954914690e+00,1.164227721734214516e+00,1.305835264748208252e-13,7.600715549257548442e-01
8.919999999999999929e+00,7.563555815877899269e-01,-5.203719702139461667e+00,1.116806288438221051e+00,1.332480817236395502e-13,7.554950818875665330e-01
8.939999999999999503e+00,7.075785295989349688e-01,-5.144259487347833115e+00,1.044783922610927451e+00,1.308000460310403385e-13,7.811429662697013665e-01
8.960000000000000853e+00,7.172399922513437165e-01,-5.120401400309385842e+00,1.059049676058624767e+00,1.307914826907918524e-13,7.740830425998417308e-01
8.980000000000000426e+00,7.282444226670480303e-01,-5.128617445623268267e+00,1.075298405344313091e+00,1.347142789285227718e-13,7.960722990723080317e-01
9.000000000000000000e+00,7.337512799413119513e-01,-5.152975115953992713e+00,1.083429624288343440e+00,1.320054399829839779e-13,8.139539641613028342e-01
9.019999999999999574e+00,6.992993790012572708e-01,-5.181000409004161256e+00,1.032559239306543919e+00,1.337118557780767533e-13,7.846708027171708233e-01
9.040000000000000924e+00,6.709839277076988795e-01,-5.173011041891425243e+00,9.907497057558991571e-01,1.310190755064328505e-13,7.881505048950914194e-01
9.060000000000000497e+00,6.864621285231743419e-01,-5.145714477247972596e+00,1.013604236647499546e+00,1.358295739593957528e-13,8.077120293688891950e-01
9.080000000000000071e+00,6.216626110521354942e-01,-5.118263299635966490e+00,9.179236991316688243e-01,1.341951081669342473e-13,8.014410824246288589e-01
9.099999999999999645e+00,6.095163317773623080e-01,-5.101354574507456441e+00,8.999889586400116048e-01,1.342485641613901264e-13,7.730559667147295366e-01
9.120000000000000995e+00,6.341573363119261675e-01,-5.081859586787163430e+00,9.363729418980784036e-01,1.328298220046473825e-13,7.591108651632840765e-01
9.140000000000000568e+00,6.219715116766744156e-01,-5.057418262584670643e+00,9.183798102100896310e-01,1.315400720191117900e-13,7.771236306720520348e-01
9.160000000000000142e+00,6.383771069544852406e-01,-5.039916241084189785e+00,9.426036969874821425e-01,1.355058470277772610e-13,7.613490237017765949e-01
9.179999999999999716e+00,5.898479261615728886e-01,-5.015293964538308558e+00,8.709473284729474241e-01,1.395386603157069488e-13,7.428724084692599483e-01
9.200000000000001066e+00,5.703047746655501848e-01,-5.005304109572779936e+00,8.420906438421014162e-01,1.400828960778578738e-13,7.420212405724387894e-01
9.220000000000000639e+00,5.947195098103126298e-01,-5.038180530864961426e+00,8.781405262042897286e-01,1.387060502648095880e-13,7.511365911550726970e-01
9.240000000000000213e+00,6.472084897118225433e-01,-5.119290376422194200e+00,9.556437855901129819e-01,1.336635939366559634e-13,7.451612304249004559e-01
9.259999999999999787e+00,6.652473889484598057e-01,-5.246986535235468097e+00,9.822793477442102184e-01,1.437958379948463859e-13,7.815418196224910297e-01
9.279999999999999361e+00,6.972664876655716437e-01,-5.336864854077724374e+00,1.029557548193695604e+00,1.462294724090568356e-13,7.867485433382684912e-01
9.300000000000000711e+00,7.687367538284263224e-01,-5.401182011820774953e+00,1.135087863074785819e+00,1.474282958493842517e-13,7.680191066024130153e-01
9.320000000000000284e+00,7.830553127695284443e-01,-5.444233956732185575e+00,1.156230110261256883e+00,1.469313587561126070e-13,7.743816998023259623e-01
9.339999999999999858e+00,7.979425717037419430e-01,-5.430532230021333007e+00,1.178212078531306384e+00,1.505470608854880851e-13,7.693660284448812225e-01
9.359999999999999432e+00,7.034296950622080935e-01,-5.369205756474316971e+00,1.038657909115291655e+00,1.498740636549267662e-13,7.678617039386258503e-01
9.380000000000000782e+00,7.443008357720330981e-01,-5.354496958908228521e+00,1.099006702819642634e+00,1.534154311051359357e-13,7.660960587550144085e-01
9.400000000000000355e+00,7.505003374001155692e-01,-5.375841233523966700e+00,1.108160654442358117e+00,1.437949915229843390e-13,7.731126166906143737e-01
9.419999999999999929e+00,7.578632485146261644e-01,-5.400182768595971794e+00,1.119032452884877626e+00,1.483863640069594295e-13,7.805406978179959543e-01
9.439999999999999503e+00,7.376618846867246670e-01,-5.418542796059801603e+00,1.089203876607741872e+00,1.486437718212710166e-13,7.725489303695199927e-01
9.460000000000000853e+00,7.824659753959989361e-01,-5.429045179217219186e+00,1.155359916795654751e+00,1.558187237119813945e-13,7.709458050179726074e-01
9.480000000000000426e+00,7.718804103375634940e-01,-5.434048551130210569e+00,1.139729668389058537e+00,1.484711611659011180e-13,7.662225206686398282e-01
9.500000000000000000e+00,6.930917543455106244e-01,-5.416268881600958096e+00,1.023393293525793002e+00,1.398107606195008512e-13,7.880867332912602219e-01
9.519999999999999574e+00,6.209699435696597325e-01,-5.391626127760837051e+00,9.169009323020756996e-01,1.473241272552061385e-13,7.976341818125802785e-01
9.540000000000000924e+00,6.687157373864615062e-01,-5.382915076603877580e+00,9.874005809846970738e-01,1.487378593750970428e-13,7.865242153017143467e-01
9.560000000000000497e+00,6.301390910129089917e-01,-5.366937638194166027e+00,9.304397515737483637e-01,1.487990490978904898e-13,8.021364815774109092e-01
9.580000000000000071e+00,6.254451532171412254e-01,-5.342722544535923213e+00,9.235088590471851600e-01,1.538306149173668666e-13,7.932061680172074469e-01
9.599999999999999645e+00,6.437336500361959812e-01,-5.273978395700011035e+00,9.505129676315706710e-01,1.570438625910184819e-13,7.639932482974419736e-01
9.620000000000000995e+00,5.930383823423660550e-01,-5.210110481090474366e+00,8.756582364273999275e-01,1.533552394124175617e-13,7.432614424159589284e-01
9.640000000000000568e+00,6.584879115711903541e-01,-5.206971496031719937e+00,9.722985569293357555e-01,1.506163676106190811e-13,7.710110152169887821e-01
9.660000000000000142e+00,7.647327851635541407e-01,-5.212912359501671311e+00,1.129175753093060397e+00,1.487371344200251180e-13,7.730670574207054724e-01
9.679999999999999716e+00,8.172345904234281644e-01,-5.172069909800054432e+00,1.206697949922093116e+00,1.497385626203964858e-13,7.399898360048426937e-01
9.700000000000001066e+00,7.133142695361519570e-01,-5.127803578689634989e+00,1.053253101111974344e+00,1.461398955912573789e-13,7.460011160285169307e-01
9.720000000000000639e+00,7.900673845206737100e-01,-5.120189542089626400e+00,1.166583872456307347e+00,1.487212947506725433e-13,7.798631983054915562e-01
9.740000000000000213e+00,7.834020938379729904e-01,-5.112627945743548175e+00,1.156742154182631932e+00,1.459738103881387668e-13,7.731396657866557165e-01
9.759999999999999787e+00,7.420917589193382069e-01,-5.134658584465535469e+00,1.095744862779335360e+00,1.459144373638904879e-13,7.770164860825979902e-01
9.779999999999999361e+00,7.861870640866646109e-01,-5.164475031619040202e+00,1.160854336815465793e+00,1.410097345947611689e-13,7.906084877809498312e-01
9.800000000000000711e+00,7.715432373381621023e-01,-5.153551014514286877e+00,1.139231811382130033e+00,1.364442868261841694e-13,7.802228022181103562e-01
9.820000000000000284e+00,7.452392489714003698e-01,-5.103413760007946109e+00,1.100392328559333333e+00,1.367615537384505040e-13,7.583856713658728710e-01
9.839999999999999858e+00,7.177298455699608892e-01,-5.065976403473175793e+00,1.059772975099395387e+00,1.356365880418839692e-13,7.577457350846267259e-01
9.859999999999999432e+00,7.153148738453584121e-01,-5.048923893270609753e+00,1.056207118412286983e+00,1.387077497752532609e-13,7.718776384045124006e-01
9.880000000000000782e+00,7.240726897684989227e-01,-5.045777521641712227e+00,1.069138580986299214e+00,1.363151145145078581e-13,7.788511912350158939e-01
9.900000000000000355e+00,6.863122432722162936e-01,-5.041850829879483520e+00,1.013382921706631912e+00,1.359852356034477600e-13,7.668061647680100013e-01
9.919999999999999929e+00,7.846260388230296146e-01,-5.077437841094442739e+00,1.158549385449629598e+00,1.376899500407547388e-13,7.512689737397665324e-01
9.939999999999999503e+00,8.129765812027616168e-01,-5.125205845078553146e+00,1.200410733182202705e+00,1.393908357939533693e-13,7.743951008920756385e-01
9.960000000000000853e+00,7.557596265671610025e-01,-5.131522464778628390e+00,1.115926323603073644e+00,1.427575226050037763e-13,7.537784620165509653e-01
9.980000000000000426e+00,7.597966051578869395e-01,-5.150421768501633579e+00,1.121887174803442466e+00,1.426205176009980389e-13,7.648933076989671287e-01
1.000000000000000000e+01,7.115714976587874663e-01,-5.179563140021675949e+00,1.050679789511803408e+00,1.423939370149774307e-13,7.766429208750746938e-01
1.001999999999999957e+01,6.720442501185728279e-01,-5.201148546773173287e+00,9.923153380657051548e-01,1.451612810192133445e-13,7.842804328627125399e-01
1.004000000000000092e+01,7.321504108820338086e-01,-5.234324794543161019e+00,1.081065841068002964e+00,1.430777282225459284e-13,7.982206231614726866e-01
1.006000000000000050e+01,7.286740341206999760e-01,-5.227665451115596440e+00,1.075932753506346096e+00,1.392976437447913977e-13,7.944541145805685822e-01
1.008000000000000007e+01,7.139483931602810252e-01,-5.195957757322084980e+00,1.054189424275727482e+00,1.406089899930293587e-13,7.414946662856171100e-01
1.009999999999999964e+01,7.664690727675418369e-01,-5.176929382884727815e+00,1.131739490258323544e+00,1.368010125441598645e-13,7.328822485355965810e-01
1.012000000000000099e+01,7.791757353105013273e-01,-5.197715585205084921e+00,1.150501671669412085e+00,1.357172154879843619e-13,7.323894186446906485e-01
1.014000000000000057e+01,7.599632267894398385e-01,-5.223303249303646645e+00,1.122133202056282197e+00,1.369462688542889050e-13,7.699154990609073934e-01
1.016000000000000014e+01,7.492157108818009448e-01,-5.208959452323522754e+00,1.106263823098909249e+00,1.396290984126489542e-13,7.805977853033316816e-01
1.017999999999999972e+01,7.461846582627952307e-01,-5.178073402215144228e+00,1.101788284466158618e+00,1.360004625796456846e-13,7.619662189795300966e-01
1.020000000000000107e+01,7.131847799073871563e-01,-5.161438709270187886e+00,1.053061901582001303e+00,1.321324459498495902e-13,7.560375009077436870e-01
1.022000000000000064e+01,6.484776040443210876e-01,-5.164849340939035471e+00,9.575177122216929071e-01,1.276401278218234599e-13,7.606060004208977654e-01
1.024000000000000021e+01,6.020603237225263804e-01,-5.209619139540058619e+00,8.889796967465428690e-01,1.308804625393659344e-13,7.671415072405499691e-01
1.025999999999999979e+01,6.366371363365705971e-01,-5.265187622410961055e+00,9.400345216219675448e-01,1.316401876395247450e-13,7.952555684852984363e-01
1.027999999999999936e+01,6.790068906160344753e-01,-5.311945725388300232e+00,1.002596111925238453e+00,1.284365531951334053e-13,7.962328457083068800e-01
1.030000000000000071e+01,6.690701432923690239e-01,-5.333521994406045685e+00,9.879238834551387072e-01,1.281664127441974061e-13,7.774899362644013268e-01
1.032000000000000028e+01,6.395183240106753209e-01,-5.336092774372772851e+00,9.442887752970128279e-01,1.265478967996871829e-13,7.695581338298673746e-01
1.033999999999999986e+01,6.410871845651849865e-01,-5.303949452929250796e+00,9.466052959595310234e-01,1.269579865234099607e-13,7.748390921148260446e-01
1.035999999999999943e+01,6.531542568986146158e-01,-5.265727641364667200e+00,9.644230824518607026e-01,1.294667266673660001e-13,7.617364899769820674e-01
1.038000000000000078e+01,6.846269740902802825e-01,-5.266143708493459030e+00,1.010894516430179468e+00,1.286845949660204160e-13,7.725235012968652004e-01
1.040000000000000036e+01,7.237277030078442808e-01,-5.293214755187346299e+00,1.068629186472520143e+00,1.225741653661068402e-13,7.856470278002294361e-01
1.041999999999999993e+01,7.416510118737922319e-01,-5.321553119432254064e+00,1.095094072219896297e+00,1.268814931696976507e-13,7.792455038172336756e-01
1.043999999999999950e+01,6.987341048853834558e-01,-5.330662515927887313e+00,1.031724576744823985e+00,1.221835936469299534e-13,7.878543412299376936e-01
1.046000000000000085e+01,6.479649990889219113e-01,-5.313111374970323375e+00,9.567608189672361929e-01,1.253590766275333447e-13,7.741397056490397777e-01
1.048000000000000043e+01,6.649757741159725288e-01,-5.306944081030324334e+00,9.818782914681156715e-01,1.241776364878383778e-13,7.768565275494127009e-01
1.050000000000000000e+01,6.661432498389298074e-01,-5.310038621127032954e+00,9.836021423402947494e-01,1.241058660081646855e-13,7.906405730624270767e-01
1.051999999999999957e+01,7.155988880935451046e-01,-5.318917658988260300e+00,1.056626483200625133e+00,1.232731199697152209e-13,7.911333171940143627e-01
1.054000000000000092e+01,6.813676510755711790e-01,-5.299553331119418509e+00,1.006081922291273134e+00,1.219013284562213127e-13,7.582710682696650606e-01
1.056000000000000050e+01,6.349801017902472200e-01,-5.220541334171552528e+00,9.375878065496618952e-01,1.184319320945179681e-13,7.196991098235662188e-01
1.058000000000000007e+01,6.458816097928030686e-01,-5.231807758047146706e+00,9.536845644596858573e-01,1.200395166250104792e-13,7.457598791955158957e-01
1.059999999999999964e+01,5.939693592169814629e-01,-5.242269608268387060e+00,8.770328819688242294e-01,1.187314782705628710e-13,7.239783335881727622e-01
1.062000000000000099e+01,6.421383233720520112e-01,-5.261623824387139159e+00,9.481573681040454948e-01,1.200999827127529974e-13,7.089245251680579285e-01
1.064000000000000057e+01,6.878320240787803019e-01,-5.348611816320904211e+00,1.015626973053824100e+00,1.203472540939529948e-13,7.675321607924705525e-01
1.066000000000000014e+01,7.314307126753570865e-01,-5.409103370641579644e+00,1.080003161684707003e+00,1.209563019064932684e-13,7.993654948887394251e-01
1.067999999999999972e+01,7.595170300111949713e-01,-5.444390576767055734e+00,1.121474364625905107e+00,1.207653738720308948e-13,7.857293409048959898e-01
1.070000000000000107e+01,7.875886397655007531e-01,-5.418895583411410755e+00,1.162923850903747169e+00,1.199018764729403532e-13,7.842957722399592768e-01
1.072000000000000064e+01,7.421390961205593939e-01,-5.354442420831874827e+00,1.095814759115513404e+00,1.196908987936838825e-13,7.598702744977423595e-01
1.074000000000000021e+01,7.165159924012508563e-01,-5.306665869699752847e+00,1.057980645029972022e+00,1.188234961494650534e-13,7.578632210242917111e-01
1.075999999999999979e+01,6.909908881256895397e-01,-5.290850663637908902e+00,1.020291233248088458e+00,1.125065744055962454e-13,7.672543824845866611e-01
1.077999999999999936e+01,6.870717295228526700e-01,-5.322076123288997707e+00,1.014504350623587126e+00,1.117418378194036332e-13,7.671656055283831988e-01
1.080000000000000071e+01,7.493664127157152466e-01,-5.355164012625303727e+00,1.106486343775548331e+00,1.149548423502090853e-13,7.574543577590979737e-01
1.082000000000000028e+01,7.260960906314997132e-01,-5.361890523467538472e+00,1.072126258823073774e+00,1.184583124863935679e-13,7.740419781061940174e-01
1.083999999999999986e+01,6.694691197328712651e-01,-5.345189797503355322e+00,9.885129971055677256e-01,1.197781253503231302e-13,7.651472189747385855e-01
1.085999999999999943e+01,6.718172396152939374e-01,-5.371157898677587639e+00,9.919801428694574597e-01,1.220013430584563621e-13,7.551295662404283737e-01
1.088000000000000078e+01,6.658304929140030914e-01,-5.428099486507467653e+00,9.831403371933327140e-01,1.192510869177569559e-13,7.901009427986208644e-01
1.090000000000000036e+01,7.134293605091878154e-01,-5.476322641704639338e+00,1.053423040126847621e+00,1.219411080216858351e-13,7.956787594128330587e-01
1.091999999999999993e+01,7.662493861494391600e-01,-5.483233723892169564e+00,1.131415109236281191e+00,1.221858855060842700e-13,8.062174223211191482e-01
1.093999999999999950e+01,6.694708951711677569e-01,-5.452359804257202569e+00,9.885156186511774301e-01,1.221368990840177322e-13,8.049374874768642218e-01
1.096000000000000085e+01,6.990544063834928101e-01,-5.404718833792967025e+00,1.032197521925626083e+00,1.223417917760283962e-13,7.869918915237514856e-01
1.098000000000000043e+01,6.956436476677139158e-01,-5.363740111764602858e+00,1.027161323509358848e+00,1.220484208654228996e-13,7.630377220401675098e-01
1.100000000000000000e+01,6.754341275465782779e-01,-5.360629414648396818e+00,9.973207039554945474e-01,1.222014742093111009e-13,7.761357776268480446e-01
1.101999999999999957e+01,7.192593502158324270e-01,-5.382730781439426515e+00,1.062031384303065096e+00,1.230309909062545078e-13,7.929990419795274192e-01
1.104000000000000092e+01,7.577619854676432842e-01,-5.409154518100988795e+00,1.118882931667066982e+00,1.194879045364586386e-13,7.670090259849186021e-01
1.106000000000000050e+01,7.514386985351796389e-01,-5.418987604404406078e+00,1.109546203305851186e+00,1.198161746252544938e-13,7.386132704386552117e-01
1.108000000000000007e+01,8.442876782645909461e-01,-5.482257355124465548e+00,1.246643524937560032e+00,1.172869050448609355e-13,7.611847436516826493e-01
1.109999999999999964e+01,8.080303809760472911e-01,-5.504978900196338287e+00,1.193107359409944834e+00,1.207941050200671019e-13,7.556462103401625496e-01
1.112000000000000099e+01,7.316857675788815962e-01,-5.505928908492440321e+00,1.080379766190692425e+00,1.324733908075018505e-13,7.625163835296233650e-01
1.114000000000000057e+01,7.378907597792473405e-01,-5.533317528510433903e+00,1.089541824986544949e+00,1.235706600422446297e-13,7.600559665414872157e-01
1.116000000000000014e+01,7.622011871570709696e-01,-5.552795163770984033e+00,1.125437690411612568e+00,1.300528486945332635e-13,7.921789840964463814e-01
1.117999999999999972e+01,8.186945277290822442e-01,-5.558901959688093086e+00,1.208853638599973079e+00,1.317864776993394892e-13,8.092793455918358969e-01
1.120000000000000107e+01,7.849635909547523216e-01,-5.542344437107565192e+00,1.159047802269126404e+00,1.309853346271038530e-13,7.711982173379847705e-01
1.122000000000000064e+01,7.679672339629555200e-01,-5.524928491695770383e+00,1.133951618898426439e+00,1.314189077337965567e-13,7.569135996605740324e-01
1.124000000000000021e+01,8.058393790025687453e-01,-5.505115290738337386e+00,1.189872208058480485e+00,1.270062628853566280e-13,7.694790323250421116e-01
1.125999999999999979e+01,8.055593195993608902e-01,-5.414488651950652098e+00,1.189458682845931259e+00,1.236596836405764746e-13,7.651337894576797360e-01
1.127999999999999936e+01,7.939840684908934243e-01,-5.329312543035582550e+00,1.172367101131084777e+00,1.261467430722307648e-13,7.419713812309859380e-01
1.130000000000000071e+01,7.946546671296019770e-01,-5.359901485032220414e+00,1.173357281933552931e+00,1.242944415692136761e-13,7.531377738056882487e-01
1.132000000000000028e+01,8.885013431511931126e-01,-5.448879301984411505e+00,1.311927764496683579e+00,1.219606396066939993e-13,7.673585972254188814e-01
1.133999999999999986e+01,8.406442377193616977e-01,-5.499590623190331762e+00,1.241263757257494937e+00,1.190765304479589839e-13,7.711081595639598385e-01
1.135999999999999943e+01,8.319794029038838357e-01,-5.496498313975794581e+00,1.228469587100265992e+00,1.185323460793115403e-13,7.714071499186737624e-01
1.138000000000000078e+01,8.826798212094350005e-01,-5.516465474396932578e+00,1.303331923504556400e+00,1.149845932415464380e-13,7.820658849601628271e-01
1.140000000000000036e+01,9.301507281325168686e-01,-5.568518627789272202e+00,1.373425684508169375e+00,1.197511278337847288e-13,7.851867629062251330e-01
1.141999999999999993e+01,8.251472855312965704e-01,-5.552156539540891167e+00,1.218381538792305152e+00,1.255878303467424325e-13,7.559047014903496065e-01
1.143999999999999950e+01,7.948595310862682783e-01,-5.512343825938922137e+00,1.173659776369567975e+00,1.197404548314447622e-13,7.335698475402359087e-01
1.146000000000000085e+01,7.945177199813212576e-01,-5.502329227367793507e+00,1.173155070909919662e+00,1.191326858697706027e-13,7.155900267154158279e-01
1.148000000000000043e+01,7.691088128141618796e-01,-5.496762063142777599e+00,1.135637231420910886e+00,1.174485832188466287e-13,7.542348523935203941e-01
1.150000000000000000e+01,7.024994562746836868e-01,-5.423518563913843238e+00,1.037284353405587556e+00,1.171748230896767644e-13,7.456376737619261341e-01
1.151999999999999957e+01,6.444493148686165629e-01,-5.331612522148413191e+00,9.515696914856917044e-01,1.226138452333372331e-13,7.667041107814459577e-01
1.154000000000000092e+01,5.914344607194058634e-01,-5.289574974838304300e+00,8.732899459059977332e-01,1.208296256616883350e-13,7.545502258061875800e-01
1.156000000000000050e+01,7.060635592756252521e-01,-5.336060292000898819e+00,1.042546974242915425e+00,1.209470672846276626e-13,7.587903454577454854e-01
1.158000000000000007e+01,7.562233797980157934e-01,-5.418463404150507756e+00,1.116611084233007700e+00,1.234165706630918819e-13,7.637870242231636908e-01
1.159999999999999964e+01,7.736160526196912413e-01,-5.454648869701372860e+00,1.142292452696262783e+00,1.281322432765182258e-13,7.540160531596676874e-01
1.162000000000000099e+01,7.308462751582186501e-01,-5.438975915563180052e+00,1.079140203163307277e+00,1.228654282263544362e-13,7.676563600573359514e-01
1.164000000000000057e+01,6.472972842329715037e-01,-5.390427665657916201e+00,9.557748962502470302e-01,1.231895883844664973e-13,7.807482166016799230e-01
1.166000000000000014e+01,6.134637855366773529e-01,-5.343196139181257465e+00,9.058176208315000810e-01,1.254384982003715019e-13,7.595805126627631632e-01
1.167999999999999972e+01,6.370339546480948689e-01,-5.309760856951591279e+00,9.406204486600775461e-01,1.228253184604298527e-13,7.390389554109287884e-01
1.170000000000000107e+01,5.334664951928821397e-01,-5.298532593017322156e+00,7.876966218082399607e-01,1.210691081729207259e-13,7.378844459115388998e-01
1.172000000000000064e+01,5.912928149283309676e-01,-5.324120012836136340e+00,8.730807970426137654e-01,1.196904096304263726e-13,7.631179336889545306e-01
1.174000000000000021e+01,6.673349579977818635e-01,-5.341933808196976941e+00,9.853617739185998037e-01,1.250324574010657235e-13,7.844117017432327144e-01
1.175999999999999979e+01,7.412550505431118042e-01,-5.367845734365335630e+00,1.094509410567563457e+00,1.239769701873805119e-13,7.897194394890522107e-01
1.177999999999999936e+01,6.805099410692014850e-01,-5.370426133816996739e+00,1.004815459859992766e+00,1.251223103484916885e-13,7.736791716113102790e-01
1.180000000000000071e+01,6.565398372538953087e-01,-5.380656323669465557e+00,9.694221034452047414e-01,1.277955559501855801e-13,7.369918558953348908e-01
1.182000000000000028e+01,6.703665996857228748e-01,-5.450262052223210141e+00,9.898381823484502240e-01,1.304542407551350780e-13,7.183161330318191817e-01
1.183999999999999986e+01,7.707077446846529734e-01,-5.551869654236269547e+00,1.137998154260932981e+00,1.330817652515166280e-13,7.518379203222118612e-01
1.185999999999999943e+01,8.198738181082430021e-01,-5.601844221211914387e+00,1.210594934550452528e+00,1.334154597566709797e-13,7.931974238960350920e-01
1.188000000000000078e+01,7.878531737090638254e-01,-5.587779622416520375e+00,1.163314451804789540e+00,1.308510119376306246e-13,7.945861905921987045e-01
1.190000000000000036e+01,7.543010727044731079e-01,-5.537124611061019053e+00,1.113772677665198607e+00,1.275724519268567093e-13,7.925690730744210377e-01
1.191999999999999993e+01,6.612873230542468672e-01,-5.476071870509474415e+00,9.764320629472864610e-01,1.304284586018748123e-13,7.733042257771202133e-01
1.193999999999999950e+01,6.475283896520126481e-01,-5.441713060889423303e+00,9.561161378455499404e-01,1.328764549371953614e-13,7.601528508669265216e-01
1.196000000000000085e+01,6.486172673253728371e-01,-5.432450800687568915e+00,9.577239337851208845e-01,1.348690686782958531e-13,7.609743925416667665e-01
1.198000000000000043e+01,7.144198838331798918e-01,-5.436672762301787643e+00,1.054885609722429729e+00,1.319453240268438304e-13,7.481262030620949854e-01
1.200000000000000000e+01,7.336701254077838685e-01,-5.468276762396953927e+00,1.083309794547430815e+00,1.304585397457688779e-13,7.201490359469092661e-01
