config,kc,p,slope,n_fit,CM_asym,CM_spread
A,4.0,2,2.019404337683951,4,0.020969338398028666,1.0955041768519338
A,4.0,3,2.959441465550263,4,0.005893839199986824,1.0753123516842564
A,4.0,4,4.259606935437633,4,0.0027150109759618256,1.2262514855154991
A,4.0,5,5.069126240592185,4,0.001117900087887338,1.0451469307083132
A,4.0,6,6.295405157576995,4,0.0005919869029432128,1.2028577662974287
A,4.0,7,7.224640875255587,4,0.00027663637581518114,1.0439572053788317
A,4.0,8,8.761872436081386,4,0.00016434964430692026,1.2620346724991731
A,6.0,2,2.1529178149290753,4,0.02155207752273337,1.1459454632642292
A,6.0,3,2.8595808177068145,4,0.006446228660063845,1.1780450008308565
A,6.0,4,4.182450049313255,4,0.0032885056186434725,1.1741604717341578
A,6.0,5,4.910842335916883,4,0.001592030573950718,1.1884928319856038
A,6.0,6,6.307813325721842,4,0.0009461476811990435,1.2049600723844813
A,6.0,7,7.272996002656147,4,0.0005773533969435756,1.0867912922912237
A,6.0,8,8.668286336987396,4,0.00038179455039884556,1.4112838980719964
B,4.0,2,1.9555736363792626,4,0.032894549046631666,1.066002565805691
B,4.0,3,3.2919417019378874,4,0.010360960538498295,1.3120707174103174
B,4.0,4,4.334872950629187,4,0.004485390233190944,1.1623322051821394
B,4.0,5,5.744524746815647,4,0.002138439622354283,1.6209155460039393
B,4.0,6,6.74361740144433,4,0.0011386189671492336,1.406971135948783
B,4.0,7,8.167594180840966,4,0.0006417541596104729,2.026843110758546
B,4.0,8,9.12281789584704,4,0.00038095243328283484,1.8326366599044357
B,6.0,2,1.9665666381863318,4,0.035065314891576604,1.228750994627364
B,6.0,3,3.4758926408683273,4,0.011341783976094524,1.3888917542223642
B,6.0,4,4.346908050702026,4,0.006069780941524494,1.371591955099312
B,6.0,5,5.938258551383952,4,0.002975718711660025,1.6075636887767022
B,6.0,6,6.877857420726884,4,0.0020648361192695513,1.5445317209933922
B,6.0,7,8.406413490438496,4,0.0012856136900885136,1.873914909236908
B,6.0,8,9.548132344574729,4,0.0010838861347961851,2.0558574938213945
