config,kc,p,M,h,eta_actual,mean,rms,std,min,max,lam_h_min,err_abs_max,lam_star,weyl_holds,qp
A,4.0,2,12,0.5,0.6366197723675814,0.0057647706634665116,0.005852720905505879,0.0010108220394220932,0.004057467731826986,0.008533836024309675,0.11732315876332697,0.03354562796881291,0.11899757291769097,True,0.21803502460729837
A,4.0,2,16,0.375,0.477464829275686,0.0029371369175430436,0.0029736235025897466,0.0004643958039860636,0.0021603485377629846,0.004392390240591235,0.11779527539793215,0.02003621508916103,0.11899757291769097,True,0.098344053615643
A,4.0,2,20,0.3,0.3819718634205488,0.0019378236587483434,0.0019701922625248846,0.00035566419402029896,0.0011765738462725162,0.003134190897033792,0.11781163774970896,0.019183769977968276,0.11899757291769097,True,0.055730200787981334
A,4.0,2,24,0.25,0.3183098861837907,0.001195740241885539,0.0012113201893017482,0.00019365400833841785,0.0009007381674449957,0.0018253150500576673,0.1182230789266041,0.013994470043210111,0.11899757291769097,True,0.03582682417947816
A,4.0,2,32,0.1875,0.238732414637843,0.0006985571328429582,0.0007067063053259215,0.00010701277560011304,0.0005166529187842708,0.0010578594106691124,0.11831999561909148,0.01274437272798368,0.11899757291769097,True,0.01837266247633556
A,4.0,2,40,0.15,0.1909859317102744,0.0004891021358339841,0.0005001775656814421,0.00010467424675462638,0.00032080782244485863,0.0007852188761429662,0.11845789916573363,0.01294036157778295,0.11899757291769097,True,0.011145995588118353
A,4.0,2,48,0.125,0.15915494309189535,0.0003116086095423385,0.00031706454348842726,5.856619499861014e-05,0.00022532466036707718,0.0004959404118516991,0.11846673251058011,0.012055608826790907,0.11899757291769097,True,0.007474906969657836
A,4.0,2,64,0.09375,0.1193662073189215,0.0001762510373174435,0.00017917180998521778,3.221970418709844e-05,0.0001205256398982409,0.0002774314922551901,0.11852538317430121,0.011985796622289794,0.11899757291769097,True,0.004028601581660161
A,4.0,3,12,0.5,0.6366197723675814,0.001051654916853096,0.0010551607573726772,8.594277024851768e-05,0.0008508545659532934,0.0012756374963563152,0.11850573469312489,0.013973702423138876,0.11899757291769097,True,0.10180975557691721
A,4.0,3,16,0.375,0.477464829275686,0.0003781594239398538,0.0003791108829824484,2.6842348653007088e-05,0.00032253554225298057,0.00042720702592863134,0.11853104144778447,0.011924088482475101,0.11899757291769097,True,0.030840553093780844
A,4.0,3,20,0.3,0.3819718634205488,0.00017440729553361411,0.0001756323646926361,2.0708036898211963e-05,0.00013814110077067934,0.00023164500998044222,0.1185573265110278,0.011916961947796572,0.11899757291769097,True,0.013156364937378996
A,4.0,3,24,0.25,0.3183098861837907,0.00010490410126767197,0.00010524136842254885,8.418738900375022e-06,8.409398475141076e-05,0.00012534412552232314,0.1185582835419399,0.011699049272176165,0.11899757291769097,True,0.006781292363679027
A,4.0,3,32,0.1875,0.238732414637843,3.944256526795566e-05,3.96088359583482e-05,3.6254559793762473e-06,3.284179462913157e-05,4.745242847656613e-05,0.11856550537428473,0.011596681325960749,0.11899757291769097,True,0.0024903371371589665
A,4.0,3,40,0.15,0.1909859317102744,1.910889060721211e-05,1.9160348383995497e-05,1.4032996678114202e-06,1.5527706805256825e-05,2.1961035349714016e-05,0.11856725373627022,0.011582951668371071,0.11899757291769097,True,0.0011767339953568906
A,4.0,3,48,0.125,0.15915494309189535,1.150285765278796e-05,1.152280916434447e-05,6.777882099876873e-07,9.958575909735084e-06,1.2770986278846675e-05,0.11856872077971103,0.011564947854802207,0.11899757291769097,True,0.0006462621006089886
A,4.0,3,64,0.09375,0.1193662073189215,4.9978204532234695e-06,5.030117011690391e-06,5.69093901424195e-07,3.678382908116686e-06,6.280865019232146e-06,0.11856968692431188,0.011558967021747104,0.11899757291769097,True,0.0002557004417729987
A,4.0,4,12,0.5,0.6366197723675814,0.00029465315376785384,0.00029622336346293816,3.0459810175926117e-05,0.00024430769332684735,0.000352426908687274,0.11853511616862177,0.012264343967149023,0.11899757291769097,True,0.047539271955505204
A,4.0,4,16,0.375,0.477464829275686,7.298913790798041e-05,7.316769255118907e-05,5.108520403712639e-06,6.032978511645558e-05,8.473510437866518e-05,0.1185610332867436,0.011642058888201353,0.11899757291769097,True,0.009671552881556463
A,4.0,4,20,0.3,0.3819718634205488,2.768458081235657e-05,2.7904977225963567e-05,3.5002484519879382e-06,2.02261761367072e-05,4.104059624844603e-05,0.11856710713716327,0.011634705428928792,0.11899757291769097,True,0.003105855279868715
A,4.0,4,24,0.25,0.3183098861837907,1.1203647326018744e-05,1.1227801994600024e-05,7.360871036346928e-07,9.771166338072776e-06,1.3589193385544252e-05,0.11856936956589746,0.011569679889815204,0.11899757291769097,True,0.001283561330787241
A,4.0,4,32,0.1875,0.238732414637843,3.588346652638831e-06,3.60596309365608e-06,3.5600299620287564e-07,2.726900710863052e-06,4.331448073575676e-06,0.11856986177348176,0.011560290559561114,0.11899757291769097,True,0.00033755472646934876
A,4.0,4,40,0.15,0.1909859317102744,1.5457088832447862e-06,1.5621347686547873e-06,2.2594044281248519e-07,1.0222827790823153e-06,2.069111153945075e-06,0.11856990980593266,0.011559288357130673,0.11899757291769097,True,0.00012423321765035378
A,4.0,4,48,0.125,0.15915494309189535,6.126376060549802e-07,6.143473198490624e-07,4.580167085324789e-08,5.326507267519544e-07,7.258067367426411e-07,0.11857001628579097,0.01155650344259022,0.11899757291769097,True,5.587423420503929e-05
A,4.0,4,64,0.09375,0.1193662073189215,1.9563593596834225e-07,1.9643822458621503e-07,1.773574459601164e-08,1.562937133752653e-07,2.431926828772057e-07,0.11857006921136956,0.011556071492705254,0.11899757291769097,True,1.622963070375475e-05
A,4.0,5,12,0.5,0.6366197723675814,8.338188662976832e-05,8.352125048909248e-05,4.822889727351516e-06,6.932182049242436e-05,9.436141601249977e-05,0.11855642916500066,0.011712947276010662,0.11899757291769097,True,0.022198092562476176
A,4.0,5,16,0.375,0.477464829275686,1.3204181484955047e-05,1.3216633405139387e-05,5.735763926598279e-07,1.1836335215088616e-05,1.4485544065920931e-05,0.11856821174173658,0.011567415573472453,0.11899757291769097,True,0.0030329850069908677
A,4.0,5,20,0.3,0.3819718634205488,3.7520499376587392e-06,3.765771675207702e-06,3.2118152984203546e-07,3.177806977770399e-06,4.533674420563444e-06,0.1185698512843848,0.011562781966066757,0.11899757291769097,True,0.0007332068596000888
A,4.0,5,24,0.25,0.3183098861837907,1.4930270816636849e-06,1.5027136645317976e-06,1.7034814642198103e-07,1.1708794866852215e-06,1.8260443736820016e-06,0.11856985670301956,0.0115565009931528,0.11899757291769097,True,0.00024295216922316638
A,4.0,5,32,0.1875,0.238732414637843,2.8166730039104844e-07,2.822433277414538e-07,1.802298379815545e-08,2.4451618606051e-07,3.3641582485409697e-07,0.11857004044624023,0.011555808375154377,0.11899757291769097,True,4.575412367330547e-05
A,4.0,5,40,0.15,0.1909859317102744,8.297149020618972e-08,8.31537483393021e-08,5.502515410260122e-09,6.973770293817123e-08,9.510450917544781e-08,0.1185700701026936,0.011555671873611305,0.11899757291769097,True,1.3115871920636783e-05
A,4.0,5,48,0.125,0.15915494309189535,3.392762467495546e-08,3.4002853563375695e-08,2.260604867668111e-09,2.898021845937986e-08,3.720540798832503e-08,0.11857007931696927,0.011555588413875072,0.11899757291769097,True,4.830749080067842e-06
A,4.0,5,64,0.09375,0.1193662073189215,8.265885013816021e-09,8.288181767817793e-09,6.075376159210104e-10,6.4903096862662856e-09,9.699890996510134e-09,0.11857008154575405,0.011555560366530153,0.11899757291769097,True,1.0301152041579043e-06
A,4.0,6,12,0.5,0.6366197723675814,2.7172891761706633e-05,2.725719241623656e-05,2.1420764977748805e-06,2.333234393283321e-05,3.1973521378087703e-05,0.11856556980865318,0.01160617492575359,0.11899757291769097,True,0.010365226330631626
A,4.0,6,16,0.375,0.477464829275686,2.957571196796167e-06,2.9610283779491047e-06,1.4304429699080216e-07,2.661490445206836e-06,3.2113303226793252e-06,0.1185696053330747,0.011559334112084691,0.11899757291769097,True,0.0009511397151303153
A,4.0,6,20,0.3,0.3819718634205488,6.444762478287305e-07,6.474742426849066e-07,6.223552783574784e-08,4.963693232439933e-07,8.199992337551636e-07,0.11857003063403394,0.01155721434269026,0.11899757291769097,True,0.00017308993836549544
A,4.0,6,24,0.25,0.3183098861837907,1.8985072982805384e-07,1.9018673949440227e-07,1.1300277132306365e-08,1.598954567892824e-07,2.242091597845812e-07,0.11857005208809204,0.01155572317921078,0.11899757291769097,True,4.598592612169149e-05
A,4.0,6,32,0.1875,0.238732414637843,2.8513347904425213e-08,2.858562943723022e-08,2.0315515262609386e-09,2.466061407132445e-08,3.3205577177105186e-08,0.11857007945595681,0.011555589586393697,0.11899757291769097,True,6.201779056713118e-06
A,4.0,6,40,0.15,0.1909859317102744,7.53707467868785e-09,7.596119360463136e-09,9.452696050785416e-10,5.243221848395768e-09,9.031563944688005e-09,0.11857008139729583,0.011555572257113018,0.11899757291769097,True,1.3847028958285904e-06
A,4.0,6,48,0.125,0.15915494309189535,2.1092885011112363e-09,2.114900926542936e-09,1.5397385548229404e-10,1.622460539288596e-09,2.4441870745600407e-09,0.11857008202295802,0.01155555877615386,0.11899757291769097,True,4.1765470268354245e-07
A,4.0,6,64,0.09375,0.1193662073189215,3.757995570104484e-10,3.76589462775414e-10,2.437860587124936e-11,3.240358428765954e-10,4.3996790578271594e-10,0.11857008227107732,0.011555556236137018,0.11899757291769097,True,6.538271592290669e-08
A,4.0,7,12,0.5,0.6366197723675814,8.48413007529141e-06,8.501450972721291e-06,5.42407141471754e-07,7.187020989649431e-06,9.903292858607695e-06,0.11856851229190292,0.01157037234719286,0.11899757291769097,True,0.00483996165809458
A,4.0,7,16,0.375,0.477464829275686,6.260713304303051e-07,6.263418701458244e-07,1.8407267885172667e-08,5.818470421018337e-07,6.701568193583254e-07,0.11856997110914322,0.011556221828582246,0.11899757291769097,True,0.00029827604014295123
A,4.0,7,20,0.3,0.3819718634205488,1.0364076713053587e-07,1.0383956978569725e-07,6.422432706749134e-09,8.939459846970634e-08,1.1608366390373175e-07,0.11857007547958068,0.011555753933764583,0.11899757291769097,True,4.0861765504638194e-05
A,4.0,7,24,0.25,0.3183098861837907,2.916240599233292e-08,2.944220074467005e-08,4.0493532110442935e-09,2.231902201945086e-08,3.557980713025314e-08,0.11857007761424744,0.011555568094342489,0.11899757291769097,True,8.704204650781207e-06
A,4.0,7,32,0.1875,0.238732414637843,2.601827941852536e-09,2.604666536626313e-09,1.2156943701567862e-10,2.3289977903550578e-09,2.8754270816686744e-09,0.11857008184465395,0.011555557873117428,0.11899757291769097,True,8.40625071150156e-07
A,4.0,7,40,0.15,0.1909859317102744,4.819040337946705e-10,4.830274032987951e-10,3.2923768769719114e-11,3.9288970906675413e-10,5.451097437053148e-10,0.1185700822040278,0.011555556392446039,0.11899757291769097,True,1.46189450561743e-07
A,4.0,7,48,0.125,0.15915494309189535,1.3165173688365813e-10,1.317994482174036e-10,6.238166872416228e-12,1.135993575104458e-10,1.404562520122713e-10,0.11857008227784485,0.011555555817738913,0.11899757291769097,True,3.610939996726729e-08
A,4.0,7,64,0.09375,0.1193662073189215,1.7199916229471643e-11,1.7236504428812082e-11,1.1224823489109858e-12,1.4125650520230494e-11,1.912585812249938e-11,0.11857008229256245,0.01155555571280678,0.11899757291769097,True,4.1499237407627124e-09
A,4.0,8,12,0.5,0.6366197723675814,2.830709809367427e-06,2.8386529677963022e-06,2.1220896948474506e-07,2.4078842016116688e-06,3.3826116623472668e-06,0.11856951546794642,0.011560413688583876,0.11899757291769097,True,0.0022599823780594837
A,4.0,8,16,0.375,0.477464829275686,1.4466697040608488e-07,1.447878857814425e-07,5.9160411243492935e-09,1.3424526458275666e-07,1.5600464437481444e-07,0.1185700553641026,0.011555717112953482,0.11899757291769097,True,9.353893514074312e-05
A,4.0,8,20,0.3,0.3819718634205488,1.8681478376825755e-08,1.8763457253098183e-08,1.7520541501433856e-09,1.464802835073421e-08,2.2662881552071006e-08,0.11857008074316157,0.011555599327523704,0.11899757291769097,True,9.646337019488374e-06
A,4.0,8,24,0.25,0.3183098861837907,3.799236098707696e-09,3.81196008317305e-09,3.111988785021686e-10,3.0305027195045365e-09,4.374783214570278e-09,0.11857008155236569,0.011555558278761834,0.11899757291769097,True,1.6475296898923131e-06
A,4.0,8,32,0.1875,0.238732414637843,2.720299166746061e-10,2.7258313607210617e-10,1.7357721766154347e-11,2.3239704645817201e-10,3.082572207888015e-10,0.11857008225768381,0.011555555969683289,0.11899757291769097,True,1.1394319336179685e-07
A,4.0,8,40,0.15,0.1909859317102744,4.416866958379307e-11,4.439457466390432e-11,4.4729058548876824e-12,3.229717683195116e-11,5.171652217759744e-11,0.11857008228779066,0.011555555799082101,0.11899757291769097,True,1.5433892367760176e-08
A,4.0,8,48,0.125,0.15915494309189535,8.411089612028984e-12,8.427477946082537e-12,5.253152102553923e-13,7.159648490318004e-12,9.435207445089422e-12,0.11857008229217242,0.011555555713234023,0.11899757291769097,True,3.1219300479995826e-09
A,4.0,8,64,0.09375,0.1193662073189215,8.11391407379481e-13,8.126998781833926e-13,4.60985469407261e-14,7.10922843591314e-13,9.043030017822055e-13,0.11857008229379781,0.011555555703892753,0.11899757291769097,True,2.6340091278025884e-10
A,6.0,2,12,0.5,0.954929658551372,0.006050869923346681,0.006124661355782176,0.0009478659682413414,0.0039462500661096725,0.007964871212487644,0.1176119793800454,0.03140485722923438,0.11899757291769097,True,0.8349331765250302
A,6.0,2,16,0.375,0.716197243913529,0.0029957898924317557,0.00304006522355257,0.0005169521098297868,0.0021034392290266725,0.004668969183280929,0.11819392372396594,0.01841618405231858,0.11899757291769097,True,0.31122084922710597
A,6.0,2,20,0.3,0.5729577951308231,0.0020884281482420864,0.0021540025723260007,0.0005274418936879755,0.0012411262040161635,0.003580835267154364,0.11844401494440715,0.01414551691965222,0.11899757291769097,True,0.16120244687602175
A,6.0,2,24,0.25,0.477464829275686,0.0012479374510898534,0.0012666106831824115,0.0002166904264594433,0.0008421256906706597,0.001817430995038926,0.11871914310437956,0.007187309971195584,0.11899757291769097,True,0.098344053615643
A,6.0,2,32,0.1875,0.3580986219567645,0.0007662889443488082,0.0007777176346988918,0.00013283814621722196,0.0005117826489208785,0.001187351085101854,0.11878065676205009,0.004726114014669061,0.11899757291769097,True,0.04756759177667476
A,6.0,2,40,0.15,0.28647889756541156,0.0005177582880311023,0.0005271453315135285,9.903815280794453e-05,0.00037522778916347616,0.0008245320243747774,0.11888130657102987,0.003263389594657873,0.11899757291769097,True,0.027951579808190498
A,6.0,2,48,0.125,0.238732414637843,0.0003160940719400341,0.0003247297289780457,7.439041985715319e-05,0.00022284167549076425,0.0005841458127541543,0.11891880931996504,0.002351825096574264,0.11899757291769097,True,0.01837266247633556
A,6.0,2,64,0.09375,0.17904931097838225,0.00017634705498789985,0.00017969105138382354,3.45049292785617e-05,0.0001266372467564972,0.0002571688811160264,0.11897106670999305,0.00106659401531715,0.11899757291769097,True,0.00966827372437243
A,6.0,3,12,0.5,0.954929658551372,0.0011807328700764682,0.0011843839200492176,9.292555941256264e-05,0.0009410341864130899,0.0013592064842195132,0.11891442510097919,0.0053231001508726675,0.11899757291769097,True,0.7629175009091501
A,6.0,3,16,0.375,0.716197243913529,0.00042564146324337735,0.00042809258605132236,4.574502158864417e-05,0.00032805920209963733,0.0005455596312616909,0.11895263233121516,0.0020976538310830102,0.11899757291769097,True,0.17362130857574515
A,6.0,3,20,0.3,0.5729577951308231,0.0002065938839642285,0.00020853441009504234,2.8382517546232443e-05,0.00015591447341809192,0.00025726922244477546,0.11899264133707074,0.001031511697770855,0.11899757291769097,True,0.0647228219436203
A,6.0,3,24,0.25,0.477464829275686,0.00011618216483075695,0.00011674864838511458,1.1487013318958995e-05,9.309089006735785e-05,0.00013937120817877232,0.11899108525251648,0.000597285044492345,0.11899757291769097,True,0.030840553093780844
A,6.0,3,32,0.1875,0.3580986219567645,4.2374417067799606e-05,4.254086888838352e-05,3.7595616689729603e-06,3.578828385255599e-05,5.336917406263825e-05,0.11899665377140727,0.0002660680815643073,0.11899757291769097,True,0.010374489779239719
A,6.0,3,40,0.15,0.28647889756541156,1.9707426841191545e-05,1.978166488107775e-05,1.712189465669023e-06,1.5735673744087394e-05,2.4289154976388104e-05,0.11899968089926949,0.00019010620618271055,0.11899757291769097,True,0.0046731480326007305
A,6.0,3,48,0.125,0.238732414637843,1.2765559296897513e-05,1.2837215787502144e-05,1.3544759179430586e-06,1.0042816153218862e-05,1.5394462064428632e-05,0.11899958076165502,0.00017659829459384366,0.11899757291769097,True,0.0024903371371589665
A,6.0,3,64,0.09375,0.17904931097838225,5.651482740916371e-06,5.689377788394768e-06,6.555626958606766e-07,4.227251194642671e-06,7.271138719679457e-06,0.1190007030065029,0.0001581911556065593,0.11899757291769097,True,0.0009506560277199962
A,6.0,4,12,0.5,0.954929658551372,0.0003969282451640498,0.00039810084361535647,3.0532767287727006e-05,0.0003219520221720648,0.00046271998577218307,0.1189753080683079,0.0018187864830550874,0.11899757291769097,True,0.6971134092621772
A,6.0,4,16,0.375,0.716197243913529,8.907962026049324e-05,8.978743006550034e-05,1.1251837717165935e-05,6.997918911147727e-05,0.00010885249871110513,0.1189935048292312,0.0004689542644811188,0.11899757291769097,True,0.09685841699364105
A,6.0,4,20,0.3,0.5729577951308231,3.77513083506023e-05,3.821363318618577e-05,5.926253378493302e-06,2.8803974724509312e-05,5.1553917318201683e-05,0.11899843379940522,0.0002585384952748953,0.11899757291769097,True,0.02598622887881662
A,6.0,4,24,0.25,0.477464829275686,1.3199869429048567e-05,1.3238150333457221e-05,1.0060175481981478e-06,1.0899047123332887e-05,1.53252591169401e-05,0.11900029744727852,0.00016494117865957562,0.11899757291769097,True,0.009671552881556463
A,6.0,4,32,0.1875,0.3580986219567645,4.1864958980373175e-06,4.222859596098015e-06,5.529875803974287e-07,3.3143771702372996e-06,5.76225821623946e-06,0.11900099091136027,0.00015166937931619244,0.11899757291769097,True,0.002262675787432376
A,6.0,4,40,0.15,0.28647889756541156,1.824697696714995e-06,1.8442162988122124e-06,2.6760432060713595e-07,1.343377286966804e-06,2.581384489211677e-06,0.1190010453315782,0.0001501059281708614,0.11899757291769097,True,0.0007812908137736428
A,6.0,4,48,0.125,0.238732414637843,7.482870895045517e-07,7.574594985421788e-07,1.1752158785761896e-07,5.498900796232707e-07,1.0519103095089531e-06,0.11900114050551928,0.0001484360535370876,0.11899757291769097,True,0.00033755472646934876
A,6.0,4,64,0.09375,0.17904931097838225,2.3983440619586477e-07,2.4101769917686454e-07,2.385348865861149e-08,1.9208919170929554e-07,2.9604319549675554e-07,0.1190011693529206,0.00014794664124151243,0.11899757291769097,True,9.347551680939035e-05
A,6.0,5,12,0.5,0.954929658551372,0.00015020219636297086,0.0001504867861567696,9.250568389717794e-06,0.00012915112426913793,0.00016944694704486738,0.11898809800501356,0.0007213282484891836,0.11899757291769097,True,0.6369851324606144
A,6.0,5,16,0.375,0.716197243913529,2.2382843904545552e-05,2.2512037138631923e-05,2.4083427654490667e-06,1.8011808910137608e-05,2.7446851582686645e-05,0.11899959889402936,0.000216280345233,0.11899757291769097,True,0.05403457109886483
A,6.0,5,20,0.3,0.5729577951308231,6.09471125553399e-06,6.1274141505051136e-06,6.322174337026763e-07,4.403570263642393e-06,7.015946850270388e-06,0.11900083904586686,0.0001577944066585546,0.11899757291769097,True,0.010433477266032668
A,6.0,5,24,0.25,0.477464829275686,2.1108903248143257e-06,2.1315700090509008e-06,2.961971304562701e-07,1.5853688153576209e-06,2.5841402659699207e-06,0.11900093025016663,0.00015114263210029417,0.11899757291769097,True,0.0030329850069908677
A,6.0,5,32,0.1875,0.3580986219567645,3.769542112519004e-07,3.7945196670428355e-07,4.346628181943288e-08,3.151229620714302e-07,4.844406553146037e-07,0.1190011551800543,0.00014804512497335965,0.11899757291769097,True,0.0004934894947101595
A,6.0,5,40,0.15,0.28647889756541156,1.0778454915933991e-07,1.0804006641649275e-07,7.426096807745162e-09,8.766424234712983e-08,1.2069647557067875e-07,0.11900117965804873,0.0001479406516265297,0.11899757291769097,True,0.00013062187018872772
A,6.0,5,48,0.125,0.238732414637843,5.1275228102308346e-08,5.160302714411741e-08,5.807184644280437e-09,3.695893616513644e-08,6.09548408416847e-08,0.1190011834339515,0.00014786507800086912,0.11899757291769097,True,4.575412367330547e-05
A,6.0,5,64,0.09375,0.17904931097838225,1.1933714968996928e-08,1.2039142056313032e-08,1.58977623923112e-09,8.14147251450558e-09,1.4189990339348808e-08,0.11900118567544034,0.00014780690484383666,0.11899757291769097,True,9.191202693721508e-06
A,6.0,6,12,0.5,0.954929658551372,7.163145646273669e-05,7.179726296316233e-05,4.876619118665868e-06,5.894093324986388e-05,8.159030054599229e-05,0.11899628751965195,0.0003887838635631825,0.11899757291769097,True,0.5820431131934631
A,6.0,6,16,0.375,0.716197243913529,6.380065414698577e-06,6.399763983311717e-06,5.017413140861732e-07,4.861550898298572e-06,7.264752530448861e-06,0.11900076542268267,0.00015818250506534717,0.11899757291769097,True,0.03014435879155412
A,6.0,6,20,0.3,0.5729577951308231,1.3414740048697774e-06,1.3510195841368811e-06,1.6031659608422433e-07,1.111904195851554e-06,1.7539050229019457e-06,0.11900109629334235,0.00015002886309872034,0.11899757291769097,True,0.004189043680345578
A,6.0,6,24,0.25,0.477464829275686,3.249715180481146e-07,3.275039926460002e-07,4.064944841661764e-08,2.2444768792787814e-07,3.9760529912100535e-07,0.11900114103145848,0.00014821479683547976,0.11899757291769097,True,0.0009511397151303153
A,6.0,6,32,0.1875,0.3580986219567645,4.5512995116671166e-08,4.581088394827032e-08,5.2157802514827895e-09,3.8734305445282424e-08,5.738952882954057e-08,0.1190011832636601,0.0001478295834644593,0.11899757291769097,True,0.00010763003817954936
A,6.0,6,40,0.15,0.28647889756541156,1.1842648662514872e-08,1.1929933264491352e-08,1.4404792089620653e-09,9.493545716200296e-09,1.4371109477569691e-08,0.11900118603754835,0.00014780890734285247,0.11899757291769097,True,2.1838312534600078e-05
A,6.0,6,48,0.125,0.238732414637843,3.4791503521673952e-09,3.5167701550284083e-09,5.130157408033655e-10,2.541392438869426e-09,4.355129357314984e-09,0.1190011867513331,0.00014779278022878544,0.11899757291769097,True,6.201779056713118e-06
A,6.0,6,64,0.09375,0.17904931097838225,5.883599773935123e-10,5.901269682878178e-10,4.5633054928164864e-11,4.732942541211314e-10,6.861791936935752e-10,0.11900118684094445,0.00014778894577585692,0.11899757291769097,True,9.037468830403622e-07
A,6.0,7,12,0.5,0.954929658551372,3.7581506422282356e-05,3.770151568930802e-05,3.005771166121615e-06,3.103890638769171e-05,4.236703385395483e-05,0.11899772281558764,0.0002583635908015139,0.11899757291769097,True,0.5318400200445579
A,6.0,7,16,0.375,0.716197243913529,2.16365869875198e-06,2.1701900994005515e-06,1.682441762768153e-07,1.8250100511148562e-06,2.4692575968437043e-06,0.11900104372908628,0.00015041691090272207,0.11899757291769097,True,0.01681668510501115
A,6.0,7,20,0.3,0.5729577951308231,3.037472153861092e-07,3.0450596588502443e-07,2.1482839774021913e-08,2.52877386734627e-07,3.4169556739759616e-07,0.1190011626298723,0.00014832051818818294,0.11899757291769097,True,0.001681902064709812
A,6.0,7,24,0.25,0.477464829275686,6.229182504656906e-08,6.302449190534327e-08,9.582020261631205e-09,4.497257118123899e-08,8.104049592693955e-08,0.11900117825003417,0.00014786789110171443,0.11899757291769097,True,0.00029827604014295123
A,6.0,7,32,0.1875,0.3580986219567645,5.859097450134768e-09,5.924001599309146e-09,8.745124461330316e-10,4.362317734805476e-09,7.895011504183214e-09,0.11900118635595666,0.00014779109581734883,0.11899757291769097,True,2.3474106830450366e-05
A,6.0,7,40,0.15,0.28647889756541156,9.446560048902027e-10,9.476833149254323e-10,7.568816164326603e-11,7.943671312783887e-10,1.0983330959735503e-09,0.11900118680728476,0.00014779008189200408,0.11899757291769097,True,3.651087629275322e-06
A,6.0,7,48,0.125,0.238732414637843,2.849561399458844e-10,2.8743567014833343e-10,3.7673104209277696e-11,2.051454723341916e-10,3.512072909467853e-10,0.11900118688578969,0.00014778879274190217,0.11899757291769097,True,8.40625071150156e-07
A,6.0,7,64,0.09375,0.17904931097838225,3.627839321654818e-11,3.657377985272978e-11,4.638917798523044e-12,2.381390554352503e-11,4.217768948520023e-11,0.11900118689449585,0.00014778841303355445,0.11899757291769097,True,8.886306349908876e-08
A,6.0,8,12,0.5,0.954929658551372,2.376721535021549e-05,2.3864959963533534e-05,2.157727637478754e-06,2.0019943992797274e-05,2.7964943347938727e-05,0.11899897805096168,0.0002015532369489656,0.11899757291769097,True,0.48596710537313587
A,6.0,8,16,0.375,0.716197243913529,7.594962182513506e-07,7.607175926176769e-07,4.309002413471847e-08,6.545543999158061e-07,8.706802449474135e-07,0.11900112571597636,0.0001485897957749502,0.11899757291769097,True,0.00938155294251405
A,6.0,8,20,0.3,0.5729577951308231,7.67338393230726e-08,7.685265665638338e-08,4.271854150697002e-09,6.88653279765768e-08,8.390729762063645e-08,0.11900118006975328,0.00014791745764238567,0.11899757291769097,True,0.0006752840913422429
A,6.0,8,24,0.25,0.477464829275686,1.1775617694276581e-08,1.1879602130441964e-08,1.5683668881487905e-09,8.755615601863946e-09,1.4951302015122668e-08,0.11900118508697076,0.00014780443584019344,0.11899757291769097,True,9.353893514074312e-05
A,6.0,8,32,0.1875,0.3580986219567645,7.594833483694031e-10,7.634099505401969e-10,7.732914155339942e-11,6.274319312895044e-10,9.73359994772709e-10,0.11900118682366899,0.0001477892151940755,0.11899757291769097,True,5.119701719032723e-06
A,6.0,8,40,0.15,0.28647889756541156,1.1555466212249147e-10,1.1605366702885496e-10,1.0750520573496472e-11,9.32945952047943e-11,1.3572214557180128e-10,0.1190011868908298,0.00014778857538261703,0.11899757291769097,True,6.10415335687081e-07
A,6.0,8,48,0.125,0.238732414637843,2.1974019058302894e-11,2.215511707735401e-11,2.8269593447031844e-12,1.5686165153916937e-11,2.6752793234615455e-11,0.1190011868972466,0.00014778839646494474,0.11899757291769097,True,1.1394319336179685e-07
A,6.0,8,64,0.09375,0.17904931097838225,1.9061958636332137e-12,1.914628943874035e-12,1.7950298657077696e-13,1.5162297375133907e-12,2.268081767090185e-12,0.1190011868978817,0.00014778837096216557,0.11899757291769097,True,8.737672242782618e-09
B,4.0,2,16,0.625,0.7957747154594768,0.015330858006042907,0.015663482161035906,0.003210835749090917,0.010046837629527764,0.025070632122895762,0.0081626410456046,0.054271009370236385,0.008538932473939009,True,0.4366814952131676
B,4.0,2,20,0.5,0.6366197723675814,0.008959716985278041,0.009178491831755025,0.0019920300824319633,0.004585517305349522,0.014136238180217867,0.008352429906905065,0.029950053365374176,0.008538932473939009,True,0.21803502460729837
B,4.0,2,24,0.4166666666666667,0.5305164769729845,0.005526508699927648,0.005636826088144716,0.0011097341743016033,0.0038619249336574487,0.00874808130211541,0.008375622771765968,0.0251456077623977,0.008538932473939009,True,0.13033717759099314
B,4.0,2,32,0.3125,0.3978873577297384,0.0030648729362417635,0.003124293777980438,0.0006064367203757288,0.0022390898941743887,0.005129997533485108,0.00857153368358982,0.01753412976006008,0.008538932473939009,True,0.06167855431509537
B,4.0,2,40,0.25,0.3183098861837907,0.0020656026858596284,0.0020981257914734915,0.0003679910067049959,0.0013589476888824987,0.002970395747848935,0.008592761654025515,0.017629638707017684,0.008538932473939009,True,0.03582682417947816
B,4.0,2,48,0.20833333333333334,0.26525823848649227,0.0013441664397647675,0.001367913406427457,0.00025377878101621917,0.0009823121936006747,0.002204418290792098,0.0086505956593109,0.015275284491164871,0.008538932473939009,True,0.02338126990193288
B,4.0,2,64,0.15625,0.1989436788648692,0.0008036113008844501,0.0008202370505915655,0.0001643097570260275,0.0005586598287009329,0.0012563446599010094,0.008639956341804454,0.01522066615122274,0.008538932473939009,True,0.012201288648532208
B,4.0,3,16,0.625,0.7957747154594768,0.003686210117351255,0.0036963890692781097,0.0002741297543426003,0.003142632396058484,0.004320190238736699,0.008523271314460203,0.018619316052767957,0.008538932473939009,True,0.28856734454987576
B,4.0,3,20,0.5,0.6366197723675814,0.0017069836574480253,0.0017156739157210207,0.00017246384632978287,0.0014185477336092127,0.0020944597002831105,0.008610739274634694,0.01546974616681664,0.008538932473939009,True,0.10180975557691721
B,4.0,3,24,0.4166666666666667,0.5305164769729845,0.0010991362923300299,0.0011273832212219297,0.0002507834491662667,0.0006920094617526173,0.0014647440876089652,0.008650544920909456,0.01544745522623285,0.008538932473939009,True,0.0470546414373812
B,4.0,3,32,0.3125,0.3978873577297384,0.0003252891469428462,0.00032684166967903203,3.181898678105372e-05,0.0002645020198526561,0.0003907435130872919,0.00866759940938647,0.014341832378384291,0.008538932473939009,True,0.015317972255838171
B,4.0,3,40,0.25,0.3183098861837907,0.00018227302030310088,0.00018710381673188458,4.224197326385243e-05,0.00012344315547010157,0.0002564053759078325,0.00866863652822727,0.014195716740244252,0.008538932473939009,True,0.006781292363679027
B,4.0,3,48,0.20833333333333334,0.26525823848649227,8.973951485181491e-05,9.025710556081814e-05,9.652179980582633e-06,7.108514718715462e-05,0.00011230320696662144,0.008670511296893769,0.014169150138958659,0.008538932473939009,True,0.003575214827567672
B,4.0,3,64,0.15625,0.1989436788648692,3.4558662813146345e-05,3.4814924341096004e-05,4.216370648258293e-06,2.6623653639323127e-05,4.350644725736163e-05,0.008672578295678215,0.014115760229193383,0.008538932473939009,True,0.0013477475535586224
B,4.0,4,16,0.625,0.7957747154594768,0.0015055345830066412,0.0015119063398738824,0.00013865929439405952,0.0011765907142593632,0.0018491323469184218,0.008612308228920892,0.01652365800701671,0.008538932473939009,True,0.19069072826160777
B,4.0,4,20,0.5,0.6366197723675814,0.0004593563012231237,0.00046094681463355446,3.82590439952604e-05,0.0003849183068344885,0.000565857595785933,0.008655817052942124,0.014512601137776871,0.008538932473939009,True,0.047539271955505204
B,4.0,4,24,0.4166666666666667,0.5305164769729845,0.00020214891598264732,0.00020366218719874543,2.4781086772323524e-05,0.00015510455951616746,0.0002631023342110842,0.00866448183867633,0.014419355175006563,0.008538932473939009,True,0.016987779862386084
B,4.0,4,32,0.3125,0.3978873577297384,4.961298850017738e-05,4.988892632061153e-05,5.239879913192027e-06,3.955353058645555e-05,6.39128070048625e-05,0.008671725226110092,0.014108468722192144,0.008538932473939009,True,0.0038042440624001697
B,4.0,4,40,0.25,0.3183098861837907,1.87869271181593e-05,1.8934575796304566e-05,2.3599851785495076e-06,1.4857593196043001e-05,2.5139938329507845e-05,0.00867216345796848,0.014114971133694287,0.008538932473939009,True,0.001283561330787241
B,4.0,4,48,0.20833333333333334,0.26525823848649227,8.330684180693394e-06,8.361512609413748e-06,7.173522139994772e-07,6.9402177461303286e-06,1.0061112367175368e-05,0.008673079348229812,0.01408017555564998,0.008538932473939009,True,0.0005466837822270323
B,4.0,4,64,0.15625,0.1989436788648692,2.4588574772851656e-06,2.485680916140969e-06,3.6418336489499306e-07,1.7696222797250394e-06,3.268003967207367e-06,0.008673309606338648,0.01407815595759615,0.008538932473939009,True,0.0001488714446848009
B,4.0,5,16,0.625,0.7957747154594768,0.0006254329359740385,0.0006267466071580485,4.0558010096890263e-05,0.0005437004880714196,0.0007372912687632475,0.008640963240219655,0.014726454887266609,0.008538932473939009,True,0.12601201948773308
B,4.0,5,20,0.5,0.6366197723675814,0.00014220847481951037,0.00014271104773478098,1.1966320865981104e-05,0.00011587299567678595,0.00016508509375758254,0.008664461390961152,0.014206230523075186,0.008538932473939009,True,0.022198092562476176
B,4.0,5,24,0.4166666666666667,0.5305164769729845,5.832103285675719e-05,5.954183719453368e-05,1.199531171005581e-05,4.133365679362251e-05,7.445658531946928e-05,0.008670252223924917,0.014135861309244217,0.008538932473939009,True,0.0061329691575044585
B,4.0,5,32,0.3125,0.3978873577297384,7.966657060249923e-06,8.000066059131531e-06,7.303644534329212e-07,6.290692892363498e-06,9.681676894803984e-06,0.008673169104794466,0.014078732120486605,0.008538932473939009,True,0.0009447903837788385
B,4.0,5,40,0.25,0.3183098861837907,2.6305165710968452e-06,2.694201882359388e-06,5.823283885349962e-07,1.822161614088691e-06,3.6268440197198855e-06,0.008673287933188906,0.014075967027928215,0.008538932473939009,True,0.00024295216922316638
B,4.0,5,48,0.20833333333333334,0.26525823848649227,7.644808724231352e-07,7.670274455051868e-07,6.245076346510538e-08,6.44033025182338e-07,9.77714491114104e-07,0.008673379740412544,0.014074239719504509,0.008538932473939009,True,8.359306284075216e-05
B,4.0,5,64,0.15625,0.1989436788648692,1.5779639981658128e-07,1.58514806323739e-07,1.5074482703499923e-08,1.2774556656179052e-07,1.8852095252083668e-07,0.00867342733635539,0.014073758583978,0.008538932473939009,True,1.6444256926321876e-05
B,4.0,6,16,0.625,0.7957747154594768,0.00031315918123446274,0.0003140033949346108,2.3009981291215673e-05,0.00026285247899224566,0.0003660073116410068,0.008653994094403991,0.014462646161691288,0.008538932473939009,True,0.08327111234056672
B,4.0,6,20,0.5,0.6366197723675814,4.878037590322226e-05,4.895056742770635e-05,4.078354844144629e-06,4.078977205219764e-05,6.096337124497903e-05,0.008669894475657712,0.014120722996941368,0.008538932473939009,True,0.010365226330631626
B,4.0,6,24,0.4166666666666667,0.5305164769729845,1.3651020028285135e-05,1.3749633359251982e-05,1.6437973418925602e-06,1.1418930928202882e-05,1.7245512920888148e-05,0.008672351416219082,0.014089797533590968,0.008538932473939009,True,0.002214139280800512
B,4.0,6,32,0.3125,0.3978873577297384,1.4695273181409942e-06,1.4744963887525854e-06,1.2095065804596706e-07,1.223154374851377e-06,1.692144006259116e-06,0.008673372890397931,0.014074571533141431,0.008538932473939009,True,0.00023464027403062793
B,4.0,6,40,0.25,0.3183098861837907,3.274293998928127e-07,3.2848294973781386e-07,2.628757033823571e-08,2.7906456749867896e-07,3.849679471427013e-07,0.008673403115618908,0.014074190715152143,0.008538932473939009,True,4.598592612169149e-05
B,4.0,6,48,0.20833333333333334,0.26525823848649227,9.055908362423164e-08,9.1091693059538e-08,9.836102764434012e-09,6.927621043090588e-08,1.1175300191152932e-07,0.008673429113245264,0.014073626924267639,0.008538932473939009,True,1.278216106325974e-05
B,4.0,6,64,0.15625,0.1989436788648692,1.3792140691546167e-08,1.3915786211699237e-08,1.850935178312574e-09,1.032931246242482e-08,1.8221328497147612e-08,0.008673434465015336,0.014073595845446209,0.008538932473939009,True,1.816423468123252e-06
B,4.0,7,16,0.625,0.7957747154594768,0.00016247873030670083,0.0001627326665453849,9.08751665163863e-06,0.00014529696082946113,0.00018985303371867827,0.00866275971523296,0.01423960405575127,0.008538932473939009,True,0.0550271170847341
B,4.0,7,20,0.5,0.6366197723675814,1.8584601951070868e-05,1.8654127696467574e-05,1.6090526518332598e-06,1.5111516711790717e-05,2.2432839231443238e-05,0.008671951661444476,0.014089156186190116,0.008538932473939009,True,0.00483996165809458
B,4.0,7,24,0.4166666666666667,0.5305164769729845,4.0212657143172035e-06,4.07479037807614e-06,6.582846497669812e-07,3.0199599366570204e-06,5.176680804358193e-06,0.008673101324019954,0.014077686668191113,0.008538932473939009,True,0.0007993538902417422
B,4.0,7,32,0.3125,0.3978873577297384,2.7219581297919176e-07,2.729619448685099e-07,2.043679874628774e-08,2.1629492392630814e-07,3.0534291341749e-07,0.008673422110708772,0.014073680121251503,0.008538932473939009,True,5.827330500228289e-05
B,4.0,7,40,0.25,0.3183098861837907,5.536152399146234e-08,5.608221040867932e-08,8.96191863755298e-09,3.902062491941088e-08,7.164475021848552e-08,0.008673430674154582,0.0140736321349332,0.008538932473939009,True,8.704204650781207e-06
B,4.0,7,48,0.20833333333333334,0.26525823848649227,9.405584949237216e-09,9.420889807289266e-09,5.367834980410163e-10,8.307434010978818e-09,1.0618485267419257e-08,0.008673434193277731,0.014073578571480259,0.008538932473939009,True,1.954511964208862e-06
B,4.0,7,64,0.15625,0.1989436788648692,1.0285319071417092e-09,1.030777928704919e-09,6.800922214406754e-11,8.601128407170797e-10,1.1897462542202002e-09,0.008673435380749711,0.014073573189526819,0.008538932473939009,True,2.0064112536867824e-07
B,4.0,8,16,0.625,0.7957747154594768,9.056599496573572e-05,9.070522254023249e-05,5.0237388406873555e-06,8.040957116775483e-05,0.00010239054448566395,0.008666869996943456,0.014153843135310332,0.008538932473939009,True,0.03636295384494233
B,4.0,8,20,0.5,0.6366197723675814,7.147312743464323e-06,7.180549444035559e-06,6.900803325351787e-07,5.66379214773596e-06,8.896313498107219e-06,0.008672758509415818,0.014079872582443679,0.008538932473939009,True,0.0022599823780594837
B,4.0,8,24,0.4166666666666667,0.5305164769729845,1.1198836662651297e-06,1.1296488460961858e-06,1.482129870119893e-07,8.736523933959256e-07,1.4129527754355752e-06,0.008673317902588394,0.0140749257299112,0.008538932473939009,True,0.00028858466465289017
B,4.0,8,32,0.3125,0.3978873577297384,5.2690857924724135e-08,5.2814906398444824e-08,3.6177104683796902e-09,4.4668953033838486e-08,6.075130377067272e-08,0.008673432054751117,0.014073600430657815,0.008538932473939009,True,1.4472272886306945e-05
B,4.0,8,40,0.25,0.3183098861837907,7.785704850461584e-09,7.810950681172389e-09,6.274954383948561e-10,6.09544599676894e-09,9.121433642740768e-09,0.008673434482041161,0.014073582990577302,0.008538932473939009,True,1.6475296898923131e-06
B,4.0,8,48,0.20833333333333334,0.26525823848649227,1.2422462116351539e-09,1.2478507001743722e-09,1.1813432864235473e-10,1.0680357755215999e-09,1.4862416382054245e-09,0.008673435295792105,0.014073572610088715,0.008538932473939009,True,2.988631577500533e-07
B,4.0,8,64,0.15625,0.1989436788648692,9.85278889756687e-11,9.923563761628737e-11,1.1830759363177556e-11,7.984640017790302e-11,1.2466036511957894e-10,0.008673435453104996,0.014073572082848502,0.008538932473939009,True,2.216270704253974e-08
B,6.0,2,20,0.5,0.954929658551372,0.009635723596228609,0.009870766456715183,0.0021412289041802166,0.005287730037184092,0.01527516211875338,0.008240025135888786,0.029769177964448564,0.008538932473939009,True,0.8349331765250302
B,6.0,2,24,0.4166666666666667,0.7957747154594768,0.00597772062292082,0.0060965527410581245,0.0011978361652623657,0.003855054824517456,0.009730029012983091,0.008098514869376143,0.01899679914285781,0.008538932473939009,True,0.4366814952131676
B,6.0,2,32,0.3125,0.5968310365946076,0.0032027236678068114,0.003269787547172652,0.0006588411882353998,0.0020718356602849796,0.0050630024302916535,0.008466129555038763,0.009897591848803806,0.008538932473939009,True,0.18091845017636202
B,6.0,2,40,0.25,0.477464829275686,0.0023138072404127914,0.002377777613055479,0.0005478343101350571,0.0014710980765993689,0.003834511928938406,0.008480970747733617,0.007459203249092471,0.008538932473939009,True,0.098344053615643
B,6.0,2,48,0.20833333333333334,0.3978873577297384,0.0013228245172167271,0.0013438316312504874,0.00023668280419092316,0.0008924275593078486,0.0018992861658189825,0.008476675288838989,0.0037398752493359743,0.008538932473939009,True,0.06167855431509537
B,6.0,2,64,0.15625,0.2984155182973038,0.0008658786393625675,0.0008835356953572004,0.00017575410910121095,0.0005137277426798357,0.0013300570054376297,0.008515173569338362,0.002640721189325254,0.008538932473939009,True,0.030756419446030483
B,6.0,3,20,0.5,0.954929658551372,0.0019202072653452318,0.0019291114470216565,0.00018513517533244605,0.0015117396168441517,0.0023869615880842145,0.008505180648248673,0.0046094572017285305,0.008538932473939009,True,0.7629175009091501
B,6.0,3,24,0.4166666666666667,0.7957747154594768,0.0012448539236892034,0.0012701833698536011,0.0002523975073732786,0.0008381607474458339,0.001693055416982152,0.008517997561455253,0.0033569950235845187,0.008538932473939009,True,0.28856734454987576
B,6.0,3,32,0.3125,0.5968310365946076,0.00039246992611694154,0.00039705809159702054,6.018708496372266e-05,0.0002655033677532517,0.0005096634026524291,0.008529785504490218,0.0010054411757857177,0.008538932473939009,True,0.07695277544893354
B,6.0,3,40,0.25,0.477464829275686,0.0002067778476982817,0.00021309692506298254,5.150942799686877e-05,0.00012301209695700225,0.0003035227367133375,0.008533551618745812,0.0006099282826815838,0.008538932473939009,True,0.030840553093780844
B,6.0,3,48,0.20833333333333334,0.3978873577297384,9.49880096428229e-05,9.555539890176461e-05,1.0397705678193578e-05,7.409281243113228e-05,0.00012012368547257984,0.008533966401704635,0.00023662096691983266,0.008538932473939009,True,0.015317972255838171
B,6.0,3,64,0.15625,0.2984155182973038,3.720070611757909e-05,3.7458366580614984e-05,4.385965257642487e-06,2.799657670476023e-05,4.8484355263097706e-05,0.008535359342552224,0.00015448288034986893,0.008538932473939009,True,0.005393909587593483
B,6.0,4,20,0.5,0.954929658551372,0.0006259171663196286,0.0006279647082841333,5.066927823428159e-05,0.0004893280700167911,0.0007302094561627589,0.008532790675882904,0.0014242347373046964,0.008538932473939009,True,0.6971134092621772
B,6.0,4,24,0.4166666666666667,0.7957747154594768,0.0002795231915571398,0.000281268683101019,3.128669805351746e-05,0.00023009907019966842,0.0003855332699945334,0.008530916675757026,0.0007391818728292149,0.008538932473939009,True,0.19069072826160777
B,6.0,4,32,0.3125,0.5968310365946076,6.242776718002837e-05,6.30494055001666e-05,8.83184119199451e-06,4.624622979065381e-05,8.093820847478734e-05,0.008534500492480392,0.0001918589362383191,0.008538932473939009,True,0.03273148561421678
B,6.0,4,40,0.25,0.477464829275686,2.7955160829161975e-05,2.856610623646301e-05,5.8763431254972384e-06,1.9850912744342575e-05,4.2389256209436435e-05,0.008535666440890686,0.0001146505859651579,0.008538932473939009,True,0.009671552881556463
B,6.0,4,48,0.20833333333333334,0.3978873577297384,9.994934872258254e-06,1.0043871173428811e-05,9.902651401266819e-07,8.04035699850947e-06,1.2189803121192444e-05,0.008535688063431902,8.176686930973742e-05,0.008538932473939009,True,0.0038042440624001697
B,6.0,4,64,0.15625,0.2984155182973038,3.246476809585487e-06,3.3168285990608477e-06,6.795147388920887e-07,2.1490130740211744e-06,4.867531715065973e-06,0.008535883243204711,8.021338852479907e-05,0.008538932473939009,True,0.0009459573371401621
B,6.0,5,20,0.5,0.954929658551372,0.0002481112028374133,0.00024953816609104656,2.664821499940874e-05,0.00017562786452442758,0.0002946781113823288,0.008533176489092095,0.0006188304159521603,0.008538932473939009,True,0.6369851324606144
B,6.0,5,24,0.4166666666666667,0.7957747154594768,7.969405095181387e-05,8.008054650142114e-05,7.858254949794532e-06,5.938784711629106e-05,9.773742140989285e-05,0.008535202134156204,0.0002486941481360056,0.008538932473939009,True,0.12601201948773308
B,6.0,5,32,0.3125,0.5968310365946076,1.289653140979088e-05,1.304301707844797e-05,1.9493004142416536e-06,8.582900098949788e-06,1.6039176531172052e-05,0.008535727433455917,0.00010039922475746866,0.008538932473939009,True,0.013922176870990656
B,6.0,5,40,0.25,0.477464829275686,3.6815889351483585e-06,3.7455633111844048e-06,6.893093867660994e-07,2.5779480058766193e-06,4.966012619378438e-06,0.008535883753410717,8.064338108422422e-05,0.008538932473939009,True,0.0030329850069908677
B,6.0,5,48,0.20833333333333334,0.3978873577297384,1.0569102021691168e-06,1.061921287248824e-06,1.0304195680903628e-07,8.451523187087748e-07,1.2438760349668362e-06,0.008535912917306973,7.80891294658042e-05,0.008538932473939009,True,0.0009447903837788385
B,6.0,5,64,0.15625,0.2984155182973038,2.2021650858435642e-07,2.2220255130720925e-07,2.9642252855493704e-08,1.4888063659694665e-07,2.968111188406309e-07,0.008535929059424076,7.716584998777936e-05,0.008538932473939009,True,0.00016589734572999048
B,6.0,6,20,0.5,0.954929658551372,0.0001215354826377805,0.00012201362609212321,1.0791265549054114e-05,8.842622190772642e-05,0.00013693995538434245,0.008533400607000634,0.00030511744100124245,0.008538932473939009,True,0.5820431131934631
B,6.0,6,24,0.4166666666666667,0.7957747154594768,2.5731938277370866e-05,2.5838661112271463e-05,2.3460094979317215e-06,2.001609325556522e-05,2.9832282005383565e-05,0.008535599262787196,0.0001096793797754657,0.008538932473939009,True,0.08327111234056672
B,6.0,6,32,0.3125,0.5968310365946076,2.786535594376992e-06,2.795976757244499e-06,2.2957658487208216e-07,2.1774548771566647e-06,3.275379302759503e-06,0.008535894832783119,8.100005300665275e-05,0.008538932473939009,True,0.005921729649293988
B,6.0,6,40,0.25,0.477464829275686,6.326833783643109e-07,6.499595409518647e-07,1.4885948950564357e-07,4.2370015693710654e-07,9.716164132335919e-07,0.008535926079204779,7.748029895429659e-05,0.008538932473939009,True,0.0009511397151303153
B,6.0,6,48,0.20833333333333334,0.3978873577297384,1.4751079623085923e-07,1.4787697067511498e-07,1.040016593073097e-08,1.1362893423465392e-07,1.6754103876598037e-07,0.008535930569733702,7.689764776166086e-05,0.008538932473939009,True,0.00023464027403062793
B,6.0,6,64,0.15625,0.2984155182973038,2.4493585557147943e-08,2.5082429211551035e-08,5.403010430041978e-09,1.679555304639858e-08,3.543765067792265e-08,0.008535932592864729,7.688849877166351e-05,0.008538932473939009,True,2.9094260639132896e-05
B,6.0,7,20,0.5,0.954929658551372,6.804928452205003e-05,6.828497150680899e-05,5.668528003176606e-06,5.245245104704274e-05,7.543671283676992e-05,0.008533822572825004,0.00020503636122868089,0.008538932473939009,True,0.5318400200445579
B,6.0,7,24,0.4166666666666667,0.7957747154594768,9.274402288404337e-06,9.299111978311394e-06,6.774553697586907e-07,7.326455975264528e-06,1.058100017762517e-05,0.008535767637040564,8.952614436588434e-05,0.008538932473939009,True,0.0550271170847341
B,6.0,7,32,0.3125,0.5968310365946076,6.926832755611896e-07,6.955344696519025e-07,6.291325958631166e-08,4.940464498015208e-07,7.881747582532521e-07,0.00853592280224935,7.786680635890702e-05,0.008538932473939009,True,0.0025187786625808224
B,6.0,7,40,0.25,0.477464829275686,1.0304834897776851e-07,1.0454429429871598e-07,1.7622350676699598e-08,7.456655008660633e-08,1.4105654653789756e-07,0.00853593108364147,7.698174299091433e-05,0.008538932473939009,True,0.00029827604014295123
B,6.0,7,48,0.20833333333333334,0.3978873577297384,2.082124880189198e-08,2.09504806514791e-08,2.3234108241359244e-09,1.5724842570327837e-08,2.4957807616294408e-08,0.008535932587538157,7.687898674033643e-05,0.008538932473939009,True,5.827330500228289e-05
B,6.0,7,64,0.15625,0.2984155182973038,2.062521275294464e-09,2.0783112583759105e-09,2.5570231842859656e-10,1.4960648210884744e-09,2.599924610206609e-09,0.008535932861711167,7.686551941310665e-05,0.008538932473939009,True,5.102408350254721e-06
B,6.0,8,20,0.5,0.954929658551372,4.061836019169941e-05,4.0809810779626625e-05,3.948350441171447e-06,3.019104589168591e-05,4.729839149402134e-05,0.008534345516038527,0.00014634138749464046,0.008538932473939009,True,0.48596710537313587
B,6.0,8,24,0.4166666666666667,0.7957747154594768,3.7719883006262254e-06,3.7815567566866445e-06,2.6884152205582633e-07,3.092116501546364e-06,4.3352362832794735e-06,0.008535848672705211,8.288008943984121e-05,0.008538932473939009,True,0.03636295384494233
B,6.0,8,32,0.3125,0.5968310365946076,1.898065912868135e-07,1.9101451349638058e-07,2.1447663517024096e-08,1.5281515059266906e-07,2.364868697530297e-07,0.008535929287840183,7.712578922875886e-05,0.008538932473939009,True,0.00107135015051368
B,6.0,8,40,0.25,0.477464829275686,2.2853980787137588e-08,2.347885400521857e-08,5.3807199870941225e-09,1.2750463038968368e-08,3.0978582103258076e-08,0.008535932512098929,7.688636235202029e-05,0.008538932473939009,True,9.353893514074312e-05
B,6.0,8,48,0.20833333333333334,0.3978873577297384,3.4043112353916146e-09,3.422715007546675e-09,3.5446161353756954e-10,2.589156658750414e-09,4.04027105250553e-09,0.008535932859294883,7.68636305950304e-05,0.008538932473939009,True,1.4472272886306945e-05
B,6.0,8,64,0.15625,0.2984155182973038,2.609303046657487e-10,2.6590348342331134e-10,5.1186312659643745e-11,1.6517662011132482e-10,3.481399423804745e-10,0.00853593289983854,7.686280528754505e-05,0.008538932473939009,True,8.948352836893064e-07
