config,p,eta_N,s,h,actual,pred_CM_h,pred_CM_eta,qp
A,2,0.5,2.628260884878466,0.2857142857142857,0.0016816874981688487,0.0017593532671619076,0.0019245622363949328,0.1111111111111111
A,3,0.5,2.628260884878466,0.2857142857142857,0.00019609088943673073,0.0001503493565029468,0.0001720164321889089,0.03703703703703703
A,4,0.5,2.628260884878466,0.2857142857142857,2.1864972111323753e-05,2.1914239857682443e-05,2.6223111818591387e-05,0.012345679012345677
A,5,0.5,2.628260884878466,0.2857142857142857,4.792771953362156e-06,3.031176198394893e-06,3.793660407837213e-06,0.004115226337448558
A,6,0.5,2.628260884878466,0.2857142857142857,7.975322364161042e-07,5.14695846090819e-07,6.737323287526824e-07,0.0013717421124828527
A,2,0.6,2.628260884878466,0.35294117647058826,0.0020768218774755176,0.002684687857503119,0.0027713696204087032,0.18367346938775514
A,3,0.6,2.628260884878466,0.35294117647058826,0.00032575564862804207,0.00028340838399629366,0.0002972443948224346,0.07871720116618078
A,4,0.6,2.628260884878466,0.35294117647058826,6.338746859054565e-05,5.102792449518015e-05,5.4376244667031124e-05,0.03373594335693462
A,5,0.6,2.628260884878466,0.35294117647058826,1.2542079608154478e-05,8.718927147621759e-06,9.439841066029497e-06,0.014458261438686266
A,6,0.6,2.628260884878466,0.35294117647058826,3.233291185458169e-06,1.8288281729623473e-06,2.0117539539382504e-06,0.006196397759436972
A,2,0.7,2.628260884878466,0.4,0.0031776832796557566,0.00344833240363734,0.003772141983334069,0.28994082840236685
A,3,0.7,2.628260884878466,0.4,0.0004653573155257229,0.00041255863424408617,0.0004720130899263661,0.15612198452435136
A,4,0.7,2.628260884878466,0.4,0.00010664780608110013,8.418574383727291e-05,0.00010073870636230072,0.08406568397465074
A,5,0.7,2.628260884878466,0.4,2.658151715752768e-05,1.6302393077255357e-05,2.0403216151846423e-05,0.04526613752481193
A,6,0.7,2.628260884878466,0.4,8.393641496003228e-06,3.875420902191284e-06,5.0728918237071605e-06,0.024374074051821806
A,2,0.8,2.628260884878466,0.46153846153846156,0.005783441290399556,0.0045909750936000086,0.004926879325171029,0.44444444444444453
A,3,0.8,2.628260884878466,0.46153846153846156,0.0010117334276984761,0.0006337666775483798,0.0007045793062457711,0.2962962962962964
A,4,0.8,2.628260884878466,0.46153846153846156,0.00034210055428123524,0.0001492210805560709,0.00017185578561432061,0.19753086419753096
A,5,0.8,2.628260884878466,0.46153846153846156,9.86747178525931e-05,3.334194219401062e-05,3.977941255808317e-05,0.13168724279835398
A,6,0.8,2.628260884878466,0.46153846153846156,3.683814415577301e-05,9.145476072084598e-06,1.1303352805666775e-05,0.08779149519890267
A,2,0.5,3.393070212207556,0.23076923076923078,0.0008960272642927125,0.0011477437734000021,0.00115473734183696,0.1111111111111111
A,3,0.5,3.393070212207556,0.23076923076923078,0.00010131112226266778,7.922083469354748e-05,7.994601325699943e-05,0.03703703703703703
A,4,0.5,3.393070212207556,0.23076923076923078,9.333933810021386e-06,9.326317534754431e-06,9.440320254692907e-06,0.012345679012345677
A,5,0.5,3.393070212207556,0.23076923076923078,1.4475104452928246e-06,1.041935693562832e-06,1.0578804178118384e-06,0.004115226337448558
A,6,0.5,3.393070212207556,0.23076923076923078,1.8147317697755268e-07,1.4289806362632184e-07,1.4552618301057958e-07,0.0013717421124828527
A,2,0.6,3.393070212207556,0.2727272727272727,0.0011692818051334034,0.0016030470884677711,0.0016628217722452223,0.18367346938775514
A,3,0.6,3.393070212207556,0.2727272727272727,0.00014361270974459385,0.00013076496906215158,0.000138146710908095,0.07871720116618078
A,4,0.6,3.393070212207556,0.2727272727272727,1.7539145631723402e-05,1.819335804317473e-05,1.9575448080131208e-05,0.03373594335693462
A,5,0.6,3.393070212207556,0.2727272727272727,3.48411871444765e-06,2.4021175246972965e-06,2.632345001249553e-06,0.014458261438686266
A,6,0.6,3.393070212207556,0.2727272727272727,5.603117788303434e-07,3.893411853128977e-07,4.3453885405066236e-07,0.006196397759436972
A,2,0.7,3.393070212207556,0.3157894736842105,0.0019467485577378393,0.002149237647696402,0.002263285190000442,0.28994082840236685
A,3,0.7,3.393070212207556,0.3157894736842105,0.00026253606069863075,0.00020300122329403562,0.00021937186037720646,0.15612198452435136
A,4,0.7,3.393070212207556,0.3157894736842105,4.154278859091311e-05,3.2703119848389285e-05,3.626593429042827e-05,0.08406568397465074
A,5,0.7,3.393070212207556,0.3157894736842105,7.44916528053581e-06,4.999650556395677e-06,5.689534778292342e-06,0.04526613752481193
A,6,0.7,3.393070212207556,0.3157894736842105,1.820787097296045e-06,9.383067183718498e-07,1.0957446339207474e-06,0.024374074051821806
A,2,0.8,3.393070212207556,0.35294117647058826,0.0020856447276155236,0.002684687857503119,0.002956127595102617,0.44444444444444453
A,3,0.8,3.393070212207556,0.35294117647058826,0.00032218717723597837,0.00028340838399629366,0.0003274588703006696,0.2962962962962964
A,4,0.8,3.393070212207556,0.35294117647058826,6.895641465493721e-05,5.102792449518015e-05,6.186808282115541e-05,0.19753086419753096
A,5,0.8,3.393070212207556,0.35294117647058826,1.4328681315935693e-05,8.718927147621759e-06,1.1092680169874656e-05,0.13168724279835398
A,6,0.8,3.393070212207556,0.35294117647058826,3.8785024007723785e-06,1.8288281729623473e-06,2.4415242060240225e-06,0.08779149519890267
A,2,0.5,4.0147348170157295,0.1935483870967742,0.0008016170200403944,0.0008073619051180034,0.0008248123870263998,0.1111111111111111
A,3,0.5,4.0147348170157295,0.1935483870967742,4.150440855887977e-05,4.673845760712263e-05,4.826193803766817e-05,0.03703703703703703
A,4,0.5,4.0147348170157295,0.1935483870967742,5.549840439301521e-06,4.614841765116267e-06,4.816489925863726e-06,0.012345679012345677
A,5,0.5,4.0147348170157295,0.1935483870967742,3.803138963552238e-07,4.3241344261451487e-07,4.561592531161507e-07,0.004115226337448558
A,6,0.5,4.0147348170157295,0.1935483870967742,6.023541146792476e-08,4.973891056348483e-08,5.303432325458435e-08,0.0013717421124828527
A,2,0.6,4.0147348170157295,0.23076923076923078,0.0008958110886960126,0.0011477437734000021,0.001187729837318016,0.18367346938775514
A,3,0.6,4.0147348170157295,0.23076923076923078,0.00010134234221956218,7.922083469354748e-05,8.33966289290906e-05,0.07871720116618078
A,4,0.6,4.0147348170157295,0.23076923076923078,9.321309543431986e-06,9.326317534754431e-06,9.987473510271021e-06,0.03373594335693462
A,5,0.6,4.0147348170157295,0.23076923076923078,1.4523008053895942e-06,1.041935693562832e-06,1.1350701927139802e-06,0.014458261438686266
A,6,0.6,4.0147348170157295,0.23076923076923078,1.8054375126808786e-07,1.4289806362632184e-07,1.583596406890168e-07,0.006196397759436972
A,2,0.7,4.0147348170157295,0.2727272727272727,0.0011693218587512384,0.0016030470884677711,0.0016166322785717438,0.28994082840236685
A,3,0.7,4.0147348170157295,0.2727272727272727,0.00014359154613812622,0.00013076496906215158,0.00013243075797536146,0.15612198452435136
A,4,0.7,4.0147348170157295,0.2727272727272727,1.7531203757356787e-05,1.819335804317473e-05,1.8503027699198087e-05,0.08406568397465074
A,5,0.7,4.0147348170157295,0.2727272727272727,3.4814195411550357e-06,2.4021175246972965e-06,2.4533339414794063e-06,0.04526613752481193
A,6,0.7,4.0147348170157295,0.2727272727272727,5.6660096033916e-07,3.893411853128977e-07,3.9932384618103003e-07,0.024374074051821806
A,2,0.8,4.0147348170157295,0.3,0.002078232353856975,0.0019396869770460033,0.002111519710787584,0.44444444444444453
A,3,0.8,4.0147348170157295,0.3,0.00019023068558018453,0.00017404817382172378,0.00019768089820228882,0.2962962962962964
A,4,0.8,4.0147348170157295,0.3,4.028317714807306e-05,2.6636895511012126e-05,3.156534837814051e-05,0.19753086419753096
A,5,0.8,4.0147348170157295,0.3,5.5497109662444585e-06,3.868634294700244e-06,4.783176449955208e-06,0.13168724279835398
A,6,0.8,4.0147348170157295,0.3,1.4866423186255036e-06,6.897416595941025e-07,8.897682966559847e-07,0.08779149519890267
A,2,0.5,4.552281388155439,0.17142857142857143,0.0006168979846500511,0.0006333671761782868,0.0006415207454649779,0.1111111111111111
A,3,0.5,4.552281388155439,0.17142857142857143,3.358096844074961e-05,3.2475461004636514e-05,3.310457780976854e-05,0.03703703703703703
A,4,0.5,4.552281388155439,0.17142857142857143,3.013947259328942e-06,2.8400854855556455e-06,2.913679090954601e-06,0.012345679012345677
A,5,0.5,4.552281388155439,0.17142857142857143,2.2663373492164493e-07,2.3570426118718695e-07,2.433634286309825e-07,0.004115226337448558
A,6,0.5,4.552281388155439,0.17142857142857143,2.6986703039281868e-08,2.4013649395213258e-08,2.495304921306234e-08,0.0013717421124828527
A,2,0.6,4.552281388155439,0.20689655172413793,0.000941801679530396,0.0009225621769541039,0.000923789873469568,0.18367346938775514
A,3,0.6,4.552281388155439,0.20689655172413793,6.169268029871846e-05,5.7090712639870045e-05,5.720471045528002e-05,0.07871720116618078
A,4,0.6,4.552281388155439,0.20689655172413793,6.016384377292266e-06,6.025756780914432e-06,6.041804963003459e-06,0.03373594335693462
A,5,0.6,4.552281388155439,0.20689655172413793,6.861721941129536e-07,6.035561314990585e-07,6.055660867310462e-07,0.014458261438686266
A,6,0.6,4.552281388155439,0.20689655172413793,8.554991676994573e-08,7.421273621183821e-08,7.450940570141672e-08,0.006196397759436972
A,2,0.7,4.552281388155439,0.24,0.0012355528246932408,0.001241399665309442,0.0012573806611113564,0.28994082840236685
A,3,0.7,4.552281388155439,0.24,0.00010406390547655007,8.911266499672257e-05,9.083896151000483e-05,0.15612198452435136
A,4,0.7,4.552281388155439,0.24,1.1511113992339114e-05,1.0910472401310566e-05,1.1193189595811191e-05,0.08406568397465074
A,5,0.7,4.552281388155439,0.24,1.8945563241063003e-06,1.267674085687376e-06,1.3088669264002948e-06,0.04526613752481193
A,6,0.7,4.552281388155439,0.24,2.3528694200247499e-07,1.8081163761263643e-07,1.8788488235952447e-07,0.024374074051821806
A,2,0.8,4.552281388155439,0.2727272727272727,0.0011693189624178773,0.0016030470884677711,0.0016422931083903429,0.44444444444444453
A,3,0.8,4.552281388155439,0.2727272727272727,0.00014359185778109278,0.00013076496906215158,0.00013559635070881188,0.2962962962962964
A,4,0.8,4.552281388155439,0.2727272727272727,1.753099934334908e-05,1.819335804317473e-05,1.9095087290480063e-05,0.19753086419753096
A,5,0.8,4.552281388155439,0.2727272727272727,3.481528327481605e-06,2.4021175246972965e-06,2.5518505054016097e-06,0.13168724279835398
A,6,0.8,4.552281388155439,0.2727272727272727,5.669524991109677e-07,3.893411853128977e-07,4.1864269650617665e-07,0.08779149519890267
B,2,0.5,2.628260884878466,0.29411764705882354,0.0022138232406548218,0.003033331738025658,0.003131270327718564,0.1111111111111111
B,3,0.5,2.628260884878466,0.29411764705882354,0.00027916571089914045,0.00028856564156560464,0.0003026534299522962,0.03703703703703703
B,4,0.5,2.628260884878466,0.29411764705882354,3.416981400065996e-05,4.542106881446354e-05,4.8401481646125225e-05,0.012345679012345677
B,5,0.5,2.628260884878466,0.29411764705882354,6.5357093218290845e-06,6.549336288047022e-06,7.090860217132017e-06,0.004115226337448558
B,6,0.5,2.628260884878466,0.29411764705882354,1.3759088936444707e-06,1.3366327140726866e-06,1.470327386275618e-06,0.0013717421124828527
B,2,0.6,2.628260884878466,0.35714285714285715,0.004996068380860195,0.004472616695354159,0.004509029271914732,0.18367346938775514
B,3,0.6,2.628260884878466,0.35714285714285715,0.000712046534300916,0.0005166628997856471,0.000522985126957568,0.07871720116618078
B,4,0.6,2.628260884878466,0.35714285714285715,0.0001273256847536155,9.875086131957541e-05,0.00010036531234140531,0.03373594335693462
B,5,0.6,2.628260884878466,0.35714285714285715,2.6257200320240464e-05,1.7290267771496957e-05,1.7644329295493945e-05,0.014458261438686266
B,6,0.6,2.628260884878466,0.35714285714285715,7.555276370864361e-06,4.284867535474529e-06,4.390374050180817e-06,0.006196397759436972
B,2,0.7,2.628260884878466,0.4166666666666667,0.006712886039451563,0.006087728279787606,0.006137289842328386,0.28994082840236685
B,3,0.7,2.628260884878466,0.4166666666666667,0.0008727708141190531,0.0008204415491966527,0.000830481011789101,0.15612198452435136
B,4,0.7,2.628260884878466,0.4166666666666667,0.0002608402702315543,0.0001829481620588739,0.00018593913189175477,0.08406568397465074
B,5,0.7,2.628260884878466,0.4166666666666667,6.0037855903360964e-05,3.737108158893382e-05,3.813634805418812e-05,0.04526613752481193
B,6,0.7,2.628260884878466,0.4166666666666667,2.050204949071332e-05,1.0804834976874206e-05,1.107088298674818e-05,0.024374074051821806
B,2,0.8,2.628260884878466,0.47619047619047616,0.0069224850968284115,0.007951318569518504,0.008016052038959526,0.44444444444444453
B,3,0.8,2.628260884878466,0.47619047619047616,0.0014562962274950082,0.0012246824291215334,0.0012396684490846059,0.2962962962962964
B,4,0.8,2.628260884878466,0.47619047619047616,0.00039807302279845966,0.0003121014876273,0.0003172039501160465,0.19753086419753096
B,5,0.8,2.628260884878466,0.47619047619047616,0.00014100861931640857,7.286104608235753e-05,7.435305843039427e-05,0.13168724279835398
B,6,0.8,2.628260884878466,0.47619047619047616,5.712958640575398e-05,2.4075195370786917e-05,2.4668000150261502e-05,0.08779149519890267
B,2,0.5,3.393070212207556,0.22727272727272727,0.0018353790213814433,0.0018112249427467253,0.0018787621966311389,0.1111111111111111
B,3,0.5,3.393070212207556,0.22727272727272727,0.00016170836141807157,0.00013314453390419,0.00014066060326533563,0.03703703703703703
B,4,0.5,3.393070212207556,0.22727272727272727,1.886862255924341e-05,1.619430489913944e-05,1.7424533392605096e-05,0.012345679012345677
B,5,0.5,3.393070212207556,0.22727272727272727,2.402580389823535e-06,1.8043820307576437e-06,1.9773204142490665e-06,0.004115226337448558
B,6,0.5,3.393070212207556,0.22727272727272727,3.912516257308594e-07,2.8455716776393403e-07,3.1759071543553383e-07,0.0013717421124828527
B,2,0.6,3.393070212207556,0.2702702702702703,0.0020086729696611,0.002561381657529336,0.0027054175631488395,0.18367346938775514
B,3,0.6,3.393070212207556,0.2702702702702703,0.0002155347569485981,0.0002239113966812336,0.00024306152244249992,0.07871720116618078
B,4,0.6,3.393070212207556,0.2702702702702703,3.3986666479176436e-05,3.238665697090322e-05,3.613151244290592e-05,0.03373594335693462
B,5,0.6,3.393070212207556,0.2702702702702703,5.055191203205198e-06,4.291244457912931e-06,4.920205933184237e-06,0.014458261438686266
B,6,0.6,3.393070212207556,0.2702702702702703,8.485219491399359e-07,8.047764220014122e-07,9.483207948390569e-07,0.006196397759436972
B,2,0.7,3.393070212207556,0.3225806451612903,0.0027767759311621127,0.003648836096938252,0.0036823739053970326,0.28994082840236685
B,3,0.7,3.393070212207556,0.3225806451612903,0.00039906665145829264,0.00038071175778236794,0.000385972695360081,0.15612198452435136
B,4,0.7,3.393070212207556,0.3225806451612903,7.019163038059137e-05,6.57243413146479e-05,6.693808748103174e-05,0.08406568397465074
B,5,0.7,3.393070212207556,0.3225806451612903,1.5332932379879905e-05,1.0394016614953146e-05,1.06345037447309e-05,0.04526613752481193
B,6,0.7,3.393070212207556,0.3225806451612903,3.854973337009457e-06,2.326566259356789e-06,2.3913107251376083e-06,0.024374074051821806
B,2,0.8,3.393070212207556,0.35714285714285715,0.004953102589145247,0.004472616695354159,0.004809631223375715,0.44444444444444453
B,3,0.8,3.393070212207556,0.35714285714285715,0.0007219296586425192,0.0005166628997856471,0.0005761458309748146,0.2962962962962964
B,4,0.8,3.393070212207556,0.35714285714285715,0.00013694603846575552,9.875086131957541e-05,0.0001141934220417767,0.19753086419753096
B,5,0.8,3.393070212207556,0.35714285714285715,2.7568024655468067e-05,1.7290267771496957e-05,2.073370730691628e-05,0.13168724279835398
B,6,0.8,3.393070212207556,0.35714285714285715,9.10620055678438e-06,4.284867535474529e-06,5.328288032456483e-06,0.08779149519890267
B,2,0.5,4.0147348170157295,0.19230769230769232,0.0008986386552966311,0.0012967941897772414,0.0013419729975936703,0.1111111111111111
B,3,0.5,4.0147348170157295,0.19230769230769232,9.129060484906564e-05,8.066243724464131e-05,8.491421951598446e-05,0.03703703703703703
B,4,0.5,4.0147348170157295,0.19230769230769232,6.316104320414857e-06,8.301558699915991e-06,8.890068057451576e-06,0.012345679012345677
B,5,0.5,4.0147348170157295,0.19230769230769232,7.621209997865631e-07,7.826636387854051e-07,8.526228372776277e-07,0.004115226337448558
B,6,0.5,4.0147348170157295,0.19230769230769232,7.271788034590149e-08,1.0443967861190343e-07,1.1574005664560263e-07,0.0013717421124828527
B,2,0.6,4.0147348170157295,0.23255813953488372,0.0017961569491080703,0.0018964475333464901,0.0019324411165348855,0.18367346938775514
B,3,0.6,4.0147348170157295,0.23255813953488372,0.00011588842691894944,0.00014265138888518652,0.00014673177132362115,0.07871720116618078
B,4,0.6,4.0147348170157295,0.23255813953488372,1.871691779466529e-05,1.775412181500033e-05,1.8434445123931583e-05,0.03373594335693462
B,5,0.6,4.0147348170157295,0.23255813953488372,1.8673244875205012e-06,2.0241821836450748e-06,2.121598458454667e-06,0.014458261438686266
B,6,0.6,4.0147348170157295,0.23255813953488372,3.6705859164110005e-07,3.266441277401707e-07,3.455979573028631e-07,0.006196397759436972
B,2,0.7,4.0147348170157295,0.2702702702702703,0.002008143748409229,0.002561381657529336,0.002630267075283594,0.28994082840236685
B,3,0.7,4.0147348170157295,0.2702702702702703,0.0002153775535996877,0.0002239113966812336,0.00023300461835186134,0.15612198452435136
B,4,0.7,4.0147348170157295,0.2702702702702703,3.391322797866359e-05,3.238665697090322e-05,3.4152085449505965e-05,0.08406568397465074
B,5,0.7,4.0147348170157295,0.2702702702702703,5.077536263269706e-06,4.291244457912931e-06,4.5856102483600285e-06,0.04526613752481193
B,6,0.7,4.0147348170157295,0.2702702702702703,8.373036950777717e-07,8.047764220014122e-07,8.714689231551042e-07,0.024374074051821806
B,2,0.8,4.0147348170157295,0.3125,0.0034725610293084583,0.0034243471573805278,0.003435450873839796,0.44444444444444453
B,3,0.8,4.0147348170157295,0.3125,0.0003003617564726331,0.00034612377856733776,0.00034780864313747233,0.2962962962962964
B,4,0.8,4.0147348170157295,0.3125,5.2753434509219676e-05,5.788594190144056e-05,5.826195002131464e-05,0.19753086419753096
B,5,0.8,4.0147348170157295,0.3125,9.046763309350625e-06,8.868332837998941e-06,8.940398442212257e-06,0.13168724279835398
B,6,0.8,4.0147348170157295,0.3125,2.157504359174763e-06,1.9230284907571516e-06,1.941795930195511e-06,0.08779149519890267
B,2,0.5,4.552281388155439,0.1724137931034483,0.0007197001612455374,0.0010423696460040608,0.0010437567759061883,0.1111111111111111
B,3,0.5,4.552281388155439,0.1724137931034483,6.975415130365797e-05,5.812960748746631e-05,5.824567975137396e-05,0.03703703703703703
B,4,0.5,4.552281388155439,0.1724137931034483,3.522817661105028e-06,5.3636575681416716e-06,5.377942405125029e-06,0.012345679012345677
B,5,0.5,4.552281388155439,0.1724137931034483,5.09908787503707e-07,4.5336909082653446e-07,4.5487889501635353e-07,0.004115226337448558
B,6,0.5,4.552281388155439,0.1724137931034483,3.978595345963615e-08,5.423974350794957e-08,5.445656986205999e-08,0.0013717421124828527
B,2,0.6,4.552281388155439,0.20408163265306123,0.0015681232460582715,0.0014604462678707458,0.001503009757304911,0.18367346938775514
B,3,0.6,4.552281388155439,0.20408163265306123,0.00010788155791959208,9.640357313784669e-05,0.00010064853461037417,0.07871720116618078
B,4,0.6,4.552281388155439,0.20408163265306123,1.1021952903169142e-05,1.0529038108209624e-05,1.115170137126726e-05,0.03373594335693462
B,5,0.6,4.552281388155439,0.20408163265306123,1.129751409256307e-06,1.053444052954893e-06,1.1318842520470925e-06,0.014458261438686266
B,6,0.6,4.552281388155439,0.20408163265306123,1.4061341367807156e-07,1.4917948665355144e-07,1.626064463029933e-07,0.006196397759436972
B,2,0.7,4.552281388155439,0.23809523809523808,0.0014312976032172793,0.001987829642379626,0.002045763280776129,0.28994082840236685
B,3,0.7,4.552281388155439,0.23809523809523808,0.0001473681330264737,0.00015308530364019167,0.0001598261452377701,0.15612198452435136
B,4,0.7,4.552281388155439,0.23809523809523808,1.6609654256575606e-05,1.950634297670625e-05,2.0659903543528306e-05,0.08406568397465074
B,5,0.7,4.552281388155439,0.23809523809523808,2.01334440868395e-06,2.2769076900736727e-06,2.4464478683327522e-06,0.04526613752481193
B,6,0.7,4.552281388155439,0.23809523809523808,3.623713667489555e-07,3.761749276685456e-07,4.100327032128955e-07,0.024374074051821806
B,2,0.8,4.552281388155439,0.2702702702702703,0.002008137115196555,0.002561381657529336,0.0026720173463198413,0.44444444444444453
B,3,0.8,4.552281388155439,0.2702702702702703,0.00021537612585622971,0.0002239113966812336,0.00023857430426162766,0.2962962962962964
B,4,0.8,4.552281388155439,0.2702702702702703,3.391214918212585e-05,3.238665697090322e-05,3.524488334622738e-05,0.19753086419753096
B,5,0.8,4.552281388155439,0.2702702702702703,5.07754849575764e-06,4.291244457912931e-06,4.769750922206676e-06,0.13168724279835398
B,6,0.8,4.552281388155439,0.2702702702702703,8.370472273993663e-07,8.047764220014122e-07,9.1362963519487e-07,0.08779149519890267
A,6,0.3,4.643327015918548,0.1,1.0699803458942387e-09,9.461476811990439e-10,1.0337846869774805e-09,3.0201881556506387e-05
A,7,0.3,4.643327015918548,0.1,6.288336220822693e-11,5.773533969435758e-11,6.402133880737558e-11,5.329743804089363e-06
A,8,0.3,4.643327015918548,0.1,3.6445058610788304e-12,3.8179455039884574e-12,4.296596916987114e-12,9.40543024251064e-07
A,6,0.35,4.643327015918548,0.11764705882352941,2.316919978205652e-09,2.508680621347526e-09,2.60681872938558e-09,9.109711028380916e-05
A,7,0.35,4.643327015918548,0.11764705882352941,2.1885763530752204e-10,1.8009814738757922e-10,1.8834421233940089e-10,1.9323629454141335e-05
A,8,0.35,4.643327015918548,0.11764705882352941,1.315666411782674e-11,1.401129636871278e-11,1.4746838684344662e-11,4.098951702393617e-06
A,6,0.4,4.643327015918548,0.13333333333333333,5.555152709585295e-09,5.316078055132074e-09,5.80848021654288e-09,0.000244140625
A,7,0.4,4.643327015918548,0.13333333333333333,4.369660204618419e-10,4.325266600605186e-10,4.796184796616559e-10,6.103515625e-05
A,8,0.4,4.643327015918548,0.13333333333333333,3.8100158192029337e-11,3.8136393316474225e-11,4.291750884799078e-11,1.52587890625e-05
A,6,0.45,4.643327015918548,0.15,1.3564386068175232e-08,1.0777213431157852e-08,1.1775453700102867e-08,0.0005988042769593879
A,7,0.45,4.643327015918548,0.15,1.07665630452793e-09,9.864624055590622e-10,1.0938645935291441e-09,0.0001738464029882094
A,8,0.45,4.643327015918548,0.15,1.3216985138773346e-10,9.784976738932909e-11,1.1011707957950182e-10,5.047153635141563e-05
B,6,0.3,4.643327015918548,0.10101010101010101,1.4860088283091633e-09,2.1931807277968274e-09,2.25609173243834e-09,3.0201881556506387e-05
B,7,0.3,4.643327015918548,0.10101010101010101,1.101213623647307e-10,1.379317118671387e-10,1.4255863057925485e-10,5.329743804089363e-06
B,8,0.3,4.643327015918548,0.10101010101010101,5.67689675333912e-12,1.1746327465672059e-11,1.2197716861766004e-11,9.40543024251064e-07
B,6,0.35,4.643327015918548,0.11764705882352941,4.6819698912835864e-09,5.474847596841723e-09,5.68902040958587e-09,9.109711028380916e-05
B,7,0.35,4.643327015918548,0.11764705882352941,2.1968120295240745e-10,4.0103105838949214e-10,4.1939286945277246e-10,1.9323629454141335e-05
B,8,0.35,4.643327015918548,0.11764705882352941,2.735203021748382e-11,3.977702104103642e-11,4.1865170588054385e-11,4.098951702393617e-06
B,6,0.4,4.643327015918548,0.13513513513513514,9.851248403197308e-09,1.2574631593772066e-08,1.2676202655785241e-08,0.000244140625
B,7,0.4,4.643327015918548,0.13513513513513514,6.752949161082493e-10,1.0580067788762911e-09,1.06798381500252e-09,6.103515625e-05
B,8,0.4,4.643327015918548,0.13513513513513514,7.324195850585694e-11,1.2053964356492508e-10,1.218395933931865e-10,1.52587890625e-05
B,6,0.45,4.643327015918548,0.15151515151515152,1.9004962687546836e-08,2.4981699227560746e-08,2.5698294889805475e-08,0.0005988042769593879
B,7,0.45,4.643327015918548,0.15151515151515152,1.4799721673489858e-09,2.356692608229941e-09,2.435747852162738e-09,0.0001738464029882094
B,8,0.45,4.643327015918548,0.15151515151515152,2.1442417508469413e-10,3.0104552539950945e-10,3.126141419142452e-10,5.047153635141563e-05
