t,observable,comparison,n_states,n_paths_per_state,mean_of_state_means,sd_between_states,sem_states,t_crit_95,ci95_low,ci95_high,ci_excludes_zero,dense_dt_mean,rel_to_dense_mean,state101_mean,state102_mean,state103_mean,state104_mean,state105_mean
0.5,KE_per_particle,fast_minus_dense@dt,5,"16,16,16,16,16",5.537609163e-10,2.469112387e-09,1.104220628e-09,2.776445105,-2.512047042e-09,3.619568875e-09,False,1.014649035,5.457659716e-10,1.184395561e-09,-1.224589416e-09,3.069897628e-09,-2.734158677e-09,2.473259486e-09
0.5,KE_per_particle,dense@2dt_minus_dense@dt/4,5,"16,16,16,16,16",-0.004364545322,0.002941311776,0.001315394615,2.776445105,-0.008016666262,-0.0007124243827,True,1.014649035,-0.00430153203,-0.003537904244,-0.005508355284,-0.003753273175,-0.008523873187,-0.0004993207206
0.5,KE_per_particle,dense@dt_minus_dense@dt/4,5,"16,16,16,16,16",-0.0006091367656,0.001715351621,0.0007671285658,2.776445105,-0.002739027117,0.001520753586,False,1.014649035,-0.0006003423299,-0.0008221491061,0.001594601429,0.0005279341645,-0.00275758703,-0.001588483285
0.5,KE_per_particle,dense@dt/2_minus_dense@dt/4,5,"16,16,16,16,16",2.181568652e-05,0.0004170679973,0.0001865184786,2.776445105,-0.0004960426305,0.0005396740036,False,1.014649035,2.15007217e-05,-0.0002069213564,0.0004439204255,0.0004927636927,-0.000203477504,-0.0004172068252
0.5,KE_per_particle,dense@2dt_minus_dense@dt,5,"16,16,16,16,16",-0.003755408557,0.003165316742,0.001415572681,2.776445105,-0.007685668399,0.0001748512853,False,1.014649035,-0.0037011897,-0.002715755137,-0.007102956713,-0.00428120734,-0.005766286157,0.001089162564
0.5,KE_per_particle,dense@dt_minus_dense@dt/2,5,"16,16,16,16,16",-0.0006309524521,0.0013791907,0.0006167928319,2.776445105,-0.002343443891,0.001081538987,False,1.014649035,-0.0006218430516,-0.0006152277497,0.001150681003,3.517047176e-05,-0.002554109526,-0.001171276459
0.5,U_per_particle,fast_minus_dense@dt,5,"16,16,16,16,16",-2.084864137e-09,3.114235571e-09,1.392728487e-09,2.776445105,-5.951698328e-09,1.781970054e-09,False,-5.681284269,-3.669705718e-10,-5.625430677e-09,-6.735930702e-10,-2.343228001e-09,2.376177255e-09,-4.158246192e-09
0.5,U_per_particle,dense@2dt_minus_dense@dt/4,5,"16,16,16,16,16",0.0002654875573,0.002871732379,0.001284277762,2.776445105,-0.00330023915,0.003831214264,False,-5.681284269,4.673020126e-05,0.003585062932,0.001595970417,-0.002947890032,0.001649503168,-0.002555208699
0.5,U_per_particle,dense@dt_minus_dense@dt/4,5,"16,16,16,16,16",0.000266678767,0.001204127564,0.0005385022174,2.776445105,-0.001228443079,0.001761800613,False,-5.681284269,4.693987387e-05,0.002322237354,-0.0005826960091,-0.0005357838965,-0.0001876619441,0.0003172983308
0.5,U_per_particle,dense@dt/2_minus_dense@dt/4,5,"16,16,16,16,16",-6.593327929e-05,0.0002997564876,0.0001340551766,2.776445105,-0.0004381301181,0.0003062635595,False,-5.681284269,-1.160534769e-05,-0.0001722731251,-0.0003378927839,3.240878585e-05,-0.0002615782874,0.000409669014
0.5,U_per_particle,dense@2dt_minus_dense@dt,5,"16,16,16,16,16",-1.19120971e-06,0.002438546546,0.001090551169,2.776445105,-0.003029046664,0.003026664245,False,-5.681284269,-2.096726116e-07,0.001262825578,0.002178666426,-0.002412106135,0.001837165112,-0.00287250703
0.5,U_per_particle,dense@dt_minus_dense@dt/2,5,"16,16,16,16,16",0.0003326120463,0.001231482458,0.0005507356978,2.776445105,-0.001196475386,0.001861699479,False,-5.681284269,5.854522156e-05,0.002494510479,-0.0002448032253,-0.0005681926824,7.391634331e-05,-9.237068323e-05
0.5,M4_velocity,fast_minus_dense@dt,5,"16,16,16,16,16",-6.46585363e-10,3.964290087e-08,1.772884423e-08,2.776445105,-4.986974815e-08,4.857657743e-08,False,6.860878706,-9.424235448e-11,1.165218377e-08,-2.074685956e-08,-2.865129745e-09,-4.890866862e-08,5.763554733e-08
0.5,M4_velocity,dense@2dt_minus_dense@dt/4,5,"16,16,16,16,16",-0.06821039317,0.0117184888,0.005240667508,2.776445105,-0.08276081882,-0.05365996752,True,6.860878706,-0.009941932528,-0.08457992639,-0.07167157027,-0.05429755423,-0.0706492749,-0.05985364008
0.5,M4_velocity,dense@dt_minus_dense@dt/4,5,"16,16,16,16,16",-0.004853134039,0.02448943905,0.01095201009,2.776445105,-0.03526078885,0.02555452077,False,6.860878706,-0.0007073633345,-0.0192251297,0.03043390251,0.008254088953,-0.0119485013,-0.03178003066
0.5,M4_velocity,dense@dt/2_minus_dense@dt/4,5,"16,16,16,16,16",0.003149606934,0.00952921425,0.004261594167,2.776445105,-0.008682475331,0.0149816892,False,6.860878706,0.0004590675727,0.0003509606563,0.003756821752,0.01917154915,-0.004922890777,-0.002608406113
0.5,M4_velocity,dense@2dt_minus_dense@dt,5,"16,16,16,16,16",-0.06335725913,0.02632813148,0.01177429834,2.776445105,-0.09604795213,-0.03066656614,True,6.860878706,-0.009234569193,-0.0653547967,-0.1021054728,-0.06255164318,-0.0587007736,-0.02807360942
0.5,M4_velocity,dense@dt_minus_dense@dt/2,5,"16,16,16,16,16",-0.008002740973,0.02117902533,0.009471548066,2.776445105,-0.03429997424,0.01829449229,False,6.860878706,-0.001166430907,-0.01957609035,0.02667708076,-0.0109174602,-0.007025610522,-0.02917162455
0.5,MSD,fast_minus_dense@dt,5,"16,16,16,16,16",2.331714305e-09,6.423476833e-10,2.87266617e-10,2.776445105,1.534134312e-09,3.129294298e-09,True,0.0962809141,2.421782476e-08,2.308889005e-09,1.506706634e-09,3.310912343e-09,2.296250517e-09,2.235813026e-09
0.5,MSD,dense@2dt_minus_dense@dt/4,5,"16,16,16,16,16",-4.228511096e-05,0.0001927620232,8.620579748e-05,2.776445105,-0.0002816307754,0.0001970605535,False,0.0962809141,-0.0004391847684,-0.000175098055,3.898188676e-05,0.0001173923386,-0.0003120382387,0.0001193365136
0.5,MSD,dense@dt_minus_dense@dt/4,5,"16,16,16,16,16",-4.720612677e-05,8.162912369e-05,3.65056539e-05,2.776445105,-0.0001485620709,5.414981733e-05,False,0.0962809141,-0.0004902957892,-0.0001544246365,-4.9824212e-06,3.762828013e-05,-0.0001118110435,-2.440812757e-06
0.5,MSD,dense@dt/2_minus_dense@dt/4,5,"16,16,16,16,16",-3.67919815e-06,2.702717171e-05,1.208691864e-05,2.776445105,-3.723786424e-05,2.987946793e-05,False,0.0962809141,-3.821316182e-05,-1.794883601e-05,3.308501266e-05,-2.23631184e-05,-2.805998744e-05,1.689093843e-05
0.5,MSD,dense@2dt_minus_dense@dt,5,"16,16,16,16,16",4.921015804e-06,0.0001260179754,5.63569519e-05,2.776445105,-0.0001515509674,0.000161392999,False,0.0962809141,5.111102081e-05,-2.067341857e-05,4.396430796e-05,7.976405842e-05,-0.0002002271952,0.0001217773264
0.5,MSD,dense@dt_minus_dense@dt/2,5,"16,16,16,16,16",-4.352692862e-05,7.346551905e-05,3.285477892e-05,2.776445105,-0.0001347464187,4.76925615e-05,False,0.0962809141,-0.0004520826274,-0.0001364758005,-3.806743386e-05,5.999139853e-05,-8.37510561e-05,-1.933175119e-05
1,KE_per_particle,fast_minus_dense@dt,5,"16,16,16,16,16",2.403060868e-09,1.953353188e-08,8.735661024e-09,2.776445105,-2.185102242e-08,2.665714416e-08,False,1.020517132,2.354748188e-09,-1.98742314e-08,-1.761328912e-08,1.28192789e-08,1.581979289e-08,2.086375308e-08
1,KE_per_particle,dense@2dt_minus_dense@dt/4,5,"16,16,16,16,16",-0.003685489927,0.003960335813,0.001771116018,2.776445105,-0.008602896327,0.001231916472,False,1.020517132,-0.003611394469,-0.003955320546,-0.004122609288,0.002895796205,-0.007598854019,-0.005646461989
1,KE_per_particle,dense@dt_minus_dense@dt/4,5,"16,16,16,16,16",-0.002844480549,0.005591529715,0.002500608108,2.776445105,-0.009787281691,0.004098320592,False,1.020517132,-0.002787293285,-0.001144019427,-0.0001769456619,0.001102559496,-0.01269868491,-0.001305312243
1,KE_per_particle,dense@dt/2_minus_dense@dt/4,5,"16,16,16,16,16",-0.001138448327,0.002529001366,0.001131003794,2.776445105,-0.004278618274,0.002001721619,False,1.020517132,-0.001115560231,-0.003403218432,-0.00166807831,0.003215136574,-0.001965316214,-0.001870765256
1,KE_per_particle,dense@2dt_minus_dense@dt,5,"16,16,16,16,16",-0.0008410093778,0.004123249498,0.001843973233,2.776445105,-0.005960699835,0.004278681079,False,1.020517132,-0.0008241011848,-0.002811301118,-0.003945663626,0.001793236709,0.005099830892,-0.004341149746
1,KE_per_particle,dense@dt_minus_dense@dt/2,5,"16,16,16,16,16",-0.001706032222,0.00530948796,0.002374475201,2.776445105,-0.008298632271,0.004886567827,False,1.020517132,-0.001671733054,0.002259199004,0.001491132648,-0.002112577079,-0.0107333687,0.0005654530131
1,U_per_particle,fast_minus_dense@dt,5,"16,16,16,16,16",-5.982019724e-09,2.279852343e-08,1.019580964e-08,2.776445105,-3.429012548e-08,2.232608603e-08,False,-5.66618724,-1.05573986e-09,3.132768917e-08,-6.891942406e-09,-3.026104839e-08,-8.627670744e-09,-1.545712625e-08
1,U_per_particle,dense@2dt_minus_dense@dt/4,5,"16,16,16,16,16",-0.0003055550999,0.008117775569,0.0036303796,2.776445105,-0.01038510477,0.00977399457,False,-5.66618724,-5.392605061e-05,-0.004130626276,0.005408919775,0.01096815448,-0.005752117275,-0.008022106203
1,U_per_particle,dense@dt_minus_dense@dt/4,5,"16,16,16,16,16",0.003967198225,0.00443283662,0.001982424803,2.776445105,-0.001536895416,0.009471291865,False,-5.66618724,0.0007001530406,0.002034331464,0.008475836791,-0.002769137005,0.005545977183,0.00654898269
1,U_per_particle,dense@dt/2_minus_dense@dt/4,5,"16,16,16,16,16",0.001345642679,0.004142200895,0.001852448555,2.776445105,-0.003797579045,0.006488864404,False,-5.66618724,0.0002374864477,0.006796535278,-0.001337968799,-0.003303981907,0.0002463861417,0.004327242684
1,U_per_particle,dense@2dt_minus_dense@dt,5,"16,16,16,16,16",-0.004272753325,0.01100917034,0.004923450651,2.776445105,-0.01794244379,0.009396937137,False,-5.66618724,-0.0007540790912,-0.00616495774,-0.003066917016,0.01373729148,-0.01129809446,-0.01457108889
1,U_per_particle,dense@dt_minus_dense@dt/2,5,"16,16,16,16,16",0.002621555545,0.005429881465,0.002428316813,2.776445105,-0.004120532784,0.009363643874,False,-5.66618724,0.000462666593,-0.004762203814,0.009813805591,0.0005348449026,0.005299591042,0.002221740006
1,M4_velocity,fast_minus_dense@dt,5,"16,16,16,16,16",-8.17671062e-09,2.507227198e-07,1.12126609e-07,2.776445105,-3.194900853e-07,3.03136664e-07,False,6.973358482,-1.172564216e-09,-1.000872341e-07,-3.875181654e-07,1.349546734e-07,2.671982079e-07,4.456896496e-08
1,M4_velocity,dense@2dt_minus_dense@dt/4,5,"16,16,16,16,16",-0.1079982478,0.181358483,0.08110597926,2.776445105,-0.3331845469,0.1171880513,False,6.973358482,-0.01548726458,-0.1290062766,-0.1941300709,0.1906505108,-0.2936822778,-0.1138231246
1,M4_velocity,dense@dt_minus_dense@dt/4,5,"16,16,16,16,16",-0.09584032465,0.1515905466,0.06779335339,2.776445105,-0.2840648488,0.09238419954,False,6.973358482,-0.01374378284,-0.07252378497,-0.142803172,0.0662727123,-0.3283257198,-0.001821658831
1,M4_velocity,dense@dt/2_minus_dense@dt/4,5,"16,16,16,16,16",-0.02947898503,0.03767014691,0.01684660184,2.776445105,-0.07625265026,0.0172946802,False,6.973358482,-0.004227372665,-0.03275286157,-0.04288974031,0.03534402549,-0.04564504828,-0.06145130048
1,M4_velocity,dense@2dt_minus_dense@dt,5,"16,16,16,16,16",-0.01215792316,0.09260126904,0.04141254647,2.776445105,-0.1271375851,0.1028217388,False,6.973358482,-0.001743481738,-0.05648249162,-0.05132689894,0.1243777985,0.03464344203,-0.1120014658
1,M4_velocity,dense@dt_minus_dense@dt/2,5,"16,16,16,16,16",-0.06636133963,0.1359833842,0.06081361816,2.776445105,-0.2352070121,0.1024843328,False,6.973358482,-0.009516410178,-0.0397709234,-0.09991343165,0.03092868681,-0.2826806715,0.05962964165
1,MSD,fast_minus_dense@dt,5,"16,16,16,16,16",3.701996604e-09,1.852642154e-09,8.285267589e-10,2.776445105,1.401637539e-09,6.002355668e-09,True,0.1785125412,2.073801974e-08,1.095570842e-09,5.762777875e-09,3.66158596e-09,5.116517323e-09,2.873531019e-09
1,MSD,dense@2dt_minus_dense@dt/4,5,"16,16,16,16,16",-0.0007381447203,0.001179668673,0.0005275638688,2.776445105,-0.002202896841,0.0007266074008,False,0.1785125412,-0.00413497402,-0.001287246383,-0.0009433319092,0.000679185438,-0.002293230171,0.0001538994242
1,MSD,dense@dt_minus_dense@dt/4,5,"16,16,16,16,16",-0.0002518627105,0.0007877684353,0.0003523007544,2.776445105,-0.001230006416,0.0007262809946,False,0.1785125412,-0.001410896449,-0.00109149827,-0.000849418078,0.0006003049058,-0.0004706926031,0.000551990493
1,MSD,dense@dt/2_minus_dense@dt/4,5,"16,16,16,16,16",8.607031046e-05,0.0002833847603,0.0001267335176,2.776445105,-0.0002657983441,0.000437938965,False,0.1785125412,0.0004821527376,-0.0003560039383,3.73886606e-05,8.055132819e-05,0.0003454617992,0.0003229537026
1,MSD,dense@2dt_minus_dense@dt,5,"16,16,16,16,16",-0.0004862820099,0.0007666694189,0.0003428649874,2.776445105,-0.001438227826,0.0004656638061,False,0.1785125412,-0.002724077572,-0.0001957481132,-9.391383119e-05,7.888053225e-05,-0.001822537568,-0.0003980910688
1,MSD,dense@dt_minus_dense@dt/2,5,"16,16,16,16,16",-0.0003379330209,0.0006605100513,0.0002953890749,2.776445105,-0.001158064572,0.0004821985303,False,0.1785125412,-0.001893049186,-0.0007354943317,-0.0008868067386,0.0005197535776,-0.0008161544023,0.0002290367904
2,KE_per_particle,fast_minus_dense@dt,5,"16,16,16,16,16",-3.840182909e-07,4.113253993e-07,1.839503107e-07,2.776445105,-8.947462308e-07,1.267096489e-07,False,1.042004255,-3.685381219e-07,-7.949168457e-07,-1.191435949e-07,-2.215453293e-07,-8.456881863e-07,6.120250146e-08
2,KE_per_particle,dense@2dt_minus_dense@dt/4,5,"16,16,16,16,16",-0.01394908307,0.03579427763,0.0160076876,2.776445105,-0.05839354894,0.0304953828,False,1.042004255,-0.0133867813,-0.03672612329,-0.04168311042,-0.04161563754,0.02234304429,0.02793641161
2,KE_per_particle,dense@dt_minus_dense@dt/4,5,"16,16,16,16,16",0.007290943483,0.02035914345,0.009104885741,2.776445105,-0.01798827197,0.03257015893,False,1.042004255,0.006997038113,0.01995898431,-0.0126057846,0.001762480719,0.03591455729,-0.008575520296
2,KE_per_particle,dense@dt/2_minus_dense@dt/4,5,"16,16,16,16,16",0.006194736773,0.02896350745,0.01295287431,2.776445105,-0.02976820769,0.04215768124,False,1.042004255,0.005945020614,0.00547445198,-0.0237545784,0.003695721781,0.05361518524,-0.008057096733
2,KE_per_particle,dense@2dt_minus_dense@dt,5,"16,16,16,16,16",-0.02124002656,0.03606233125,0.01612756482,2.776445105,-0.06601732496,0.02353727185,False,1.042004255,-0.02038381942,-0.0566851076,-0.02907732582,-0.04337811826,-0.013571513,0.0365119319
2,KE_per_particle,dense@dt_minus_dense@dt/2,5,"16,16,16,16,16",0.00109620671,0.01270243429,0.005680701312,2.776445105,-0.01467594864,0.01686836206,False,1.042004255,0.001052017499,0.01448453233,0.0111487938,-0.001933241062,-0.01770062795,-0.0005184235622
2,U_per_particle,fast_minus_dense@dt,5,"16,16,16,16,16",-2.947456945e-08,4.419254601e-07,1.97635074e-07,2.776445105,-5.781975032e-07,5.192483643e-07,False,-5.71049225,-5.161476132e-09,-5.412188627e-07,3.998798744e-07,-2.697391968e-07,4.674006851e-07,-2.036953472e-07
2,U_per_particle,dense@2dt_minus_dense@dt/4,5,"16,16,16,16,16",0.004654008194,0.03625184957,0.01621231999,2.776445105,-0.04035860829,0.04966662467,False,-5.71049225,0.0008149924719,0.01917652886,0.02943935555,0.04112033352,-0.04397814007,-0.02248803689
2,U_per_particle,dense@dt_minus_dense@dt/4,5,"16,16,16,16,16",-0.005786738566,0.005746869833,0.002570078321,2.776445105,-0.01292241994,0.001348942808,False,-5.71049225,-0.001013351969,0.0002709434151,-0.01221660626,0.0003237115032,-0.008291245573,-0.009020495919
2,U_per_particle,dense@dt/2_minus_dense@dt/4,5,"16,16,16,16,16",0.001132275339,0.02232348198,0.009983364639,2.776445105,-0.02658598855,0.02885053922,False,-5.71049225,0.0001982798135,-0.01893535433,0.0200652843,0.02918121047,-0.005873142605,-0.01877662114
2,U_per_particle,dense@2dt_minus_dense@dt,5,"16,16,16,16,16",0.01044074676,0.03415731187,0.01527561426,2.776445105,-0.03197115767,0.05285265119,False,-5.71049225,0.001828344441,0.01890558545,0.04165596181,0.04079662201,-0.0356868945,-0.01346754097
2,U_per_particle,dense@dt_minus_dense@dt/2,5,"16,16,16,16,16",-0.006919013905,0.02294244435,0.01026017303,2.776445105,-0.03540582109,0.02156779328,False,-5.71049225,-0.001211631783,0.01920629775,-0.03228189055,-0.02885749897,-0.002418102968,0.009756125219
2,M4_velocity,fast_minus_dense@dt,5,"16,16,16,16,16",-7.462777172e-06,9.793011611e-06,4.379567933e-06,2.776445105,-1.962240712e-05,4.69685278e-06,False,7.195124153,-1.037199222e-06,-1.219939719e-05,-1.859111422e-06,-4.373438511e-06,-2.193907251e-05,3.05713378e-06
2,M4_velocity,dense@2dt_minus_dense@dt/4,5,"16,16,16,16,16",-0.1572482001,0.6451290526,0.2885104832,2.776445105,-0.958281719,0.6437853187,False,7.195124153,-0.0218548279,-0.7478247035,-0.6897760798,-0.3227158162,0.7826820102,0.1913935888
2,M4_velocity,dense@dt_minus_dense@dt/4,5,"16,16,16,16,16",0.07661460408,0.2670739583,0.1194391051,2.776445105,-0.2550015148,0.4082307229,False,7.195124153,0.01064812816,0.0007057592418,-0.2095288649,0.1686376747,0.4879873426,-0.06472889117
2,M4_velocity,dense@dt/2_minus_dense@dt/4,5,"16,16,16,16,16",0.01714428894,0.4352773339,0.1946619415,2.776445105,-0.5233239058,0.5576124837,False,7.195124153,0.002382764852,-0.2365625773,-0.3865492624,-0.05840442518,0.7415399,0.02569780956
2,M4_velocity,dense@2dt_minus_dense@dt,5,"16,16,16,16,16",-0.2338628042,0.4773227708,0.2134652325,2.776445105,-0.8265373042,0.3588116958,False,7.195124153,-0.03250295606,-0.7485304628,-0.4802472149,-0.491353491,0.2946946676,0.25612248
2,M4_velocity,dense@dt_minus_dense@dt/2,5,"16,16,16,16,16",0.05947031515,0.2202060941,0.09847915907,2.776445105,-0.213951664,0.3328922943,False,7.195124153,0.008265363304,0.2372683365,0.1770203974,0.2270420999,-0.2535525574,-0.09042670072
2,MSD,fast_minus_dense@dt,5,"16,16,16,16,16",6.725042658e-09,1.065936169e-07,4.767011465e-08,2.776445105,-1.256284138e-07,1.390784992e-07,False,0.3254895667,2.066131559e-08,6.424281481e-08,-8.730200115e-09,1.41254289e-08,-1.605258564e-07,1.245130261e-07
2,MSD,dense@2dt_minus_dense@dt/4,5,"16,16,16,16,16",-0.001956504311,0.008449383781,0.0037786793,2.776445105,-0.01244779996,0.008534791337,False,0.3254895667,-0.006010958601,-0.01037967259,0.001123466955,-0.007135727837,-0.004535808531,0.01114522045
2,MSD,dense@dt_minus_dense@dt/4,5,"16,16,16,16,16",0.005882423574,0.01134337028,0.005072909409,2.776445105,-0.008202230924,0.01996707807,False,0.3254895667,0.01807254111,0.005179197508,-0.004096624903,-0.004788299988,0.01052681451,0.02259103074
2,MSD,dense@dt/2_minus_dense@dt/4,5,"16,16,16,16,16",0.004710550989,0.003843162217,0.001718714393,2.776445105,-6.136517456e-05,0.009482467153,False,0.3254895667,0.01447220271,0.003525293375,0.002150186827,0.00517260236,0.001581860625,0.01112281176
2,MSD,dense@2dt_minus_dense@dt,5,"16,16,16,16,16",-0.007838927885,0.009020579935,0.004034125986,2.776445105,-0.01903945723,0.003361601464,False,0.3254895667,-0.02408349971,-0.0155588701,0.005220091858,-0.002347427849,-0.01506262304,-0.0114458103
2,MSD,dense@dt_minus_dense@dt/2,5,"16,16,16,16,16",0.001171872585,0.009295744338,0.004157183248,2.776445105,-0.0103703185,0.01271406367,False,0.3254895667,0.003600338396,0.001653904133,-0.006246811731,-0.009960902348,0.008944953884,0.01146821899
