t,observable,comparison,state,n_paths,mean_diff,sd_paths,sem,t_crit_95,ci95_low,ci95_high,ci_excludes_zero,rms_pathwise,dense_dt_mean,dense_dt_sd_over_paths,rel_to_dense_mean,in_units_of_path_sd
0.5,KE_per_particle,fast_minus_dense@dt,101,16,1.184395561e-09,1.213709654e-08,3.034274136e-09,2.131449546,-5.283006667e-09,7.651797789e-09,False,1.181122711e-08,1.019545589,0.0788138815,1.161689653e-09,1.502775321e-08
0.5,KE_per_particle,fast_minus_dense@dt,102,16,-1.224589416e-09,1.160231592e-08,2.900578979e-09,2.131449546,-7.407027162e-09,4.95784833e-09,False,1.130044227e-08,1.018101283,0.120144733,-1.202816887e-09,-1.01926184e-08
0.5,KE_per_particle,fast_minus_dense@dt,103,16,3.069897628e-09,1.18484758e-08,2.962118949e-09,2.131449546,-3.24370946e-09,9.383504715e-09,False,1.187587898e-08,1.001017748,0.09477976919,3.066776423e-09,3.238979852e-08
0.5,KE_per_particle,fast_minus_dense@dt,104,16,-2.734158677e-09,1.433882131e-08,3.584705327e-09,2.131449546,-1.037477722e-08,4.906459862e-09,False,1.415016989e-08,1.021503689,0.08652899945,-2.676601865e-09,-3.159817743e-08
0.5,KE_per_particle,fast_minus_dense@dt,105,16,2.473259486e-09,1.266637702e-08,3.166594254e-09,2.131449546,-4.276176397e-09,9.222695369e-09,False,1.25110671e-08,1.013076866,0.07544348665,2.441334483e-09,3.278294252e-08
0.5,KE_per_particle,dense@2dt_minus_dense@dt/4,101,16,-0.003537904244,0.01078881895,0.002697204738,2.131449546,-0.009286860056,0.002211051569,False,0.01102907373,1.019545589,0.0788138815,-0.003470079498,-0.04488935422
0.5,KE_per_particle,dense@2dt_minus_dense@dt/4,102,16,-0.005508355284,0.01007717177,0.002519292942,2.131449546,-0.01087810108,-0.0001386094883,True,0.01120466563,1.018101283,0.120144733,-0.005410419743,-0.04584766345
0.5,KE_per_particle,dense@2dt_minus_dense@dt/4,103,16,-0.003753273175,0.008815903667,0.002203975917,2.131449546,-0.008450936642,0.0009443902908,False,0.009324682684,1.001017748,0.09477976919,-0.003749457174,-0.03959994002
0.5,KE_per_particle,dense@2dt_minus_dense@dt/4,104,16,-0.008523873187,0.01064692594,0.002661731484,2.131449546,-0.01419721955,-0.002850526825,True,0.01337642073,1.021503689,0.08652899945,-0.008344437013,-0.0985088611
0.5,KE_per_particle,dense@2dt_minus_dense@dt/4,105,16,-0.0004993207206,0.00593620598,0.001484051495,2.131449546,-0.003662501605,0.002663860164,False,0.00576935471,1.013076866,0.07544348665,-0.0004928754545,-0.006618473546
0.5,KE_per_particle,dense@dt_minus_dense@dt/4,101,16,-0.0008221491061,0.004410628097,0.001102657024,2.131449546,-0.00317240692,0.001528108707,False,0.004348990326,1.019545589,0.0788138815,-0.0008063877823,-0.01043152666
0.5,KE_per_particle,dense@dt_minus_dense@dt/4,102,16,0.001594601429,0.003400791413,0.0008501978534,2.131449546,-0.0002175523995,0.003406755257,False,0.003658592566,1.018101283,0.120144733,0.001566250288,0.01327233736
0.5,KE_per_particle,dense@dt_minus_dense@dt/4,103,16,0.0005279341645,0.005178600906,0.001294650227,2.131449546,-0.002231547472,0.003287415801,False,0.005041874911,1.001017748,0.09477976919,0.000527397407,0.005570114477
0.5,KE_per_particle,dense@dt_minus_dense@dt/4,104,16,-0.00275758703,0.006248523086,0.001562130772,2.131449546,-0.006087189953,0.0005720158928,False,0.006648915283,1.021503689,0.08652899945,-0.002699537027,-0.03186893467
0.5,KE_per_particle,dense@dt_minus_dense@dt/4,105,16,-0.001588483285,0.002772042363,0.0006930105908,2.131449546,-0.003065600394,-0.0001113661757,True,0.003118851444,1.013076866,0.07544348665,-0.001567979034,-0.02105527402
0.5,KE_per_particle,dense@dt/2_minus_dense@dt/4,101,16,-0.0002069213564,0.002789184079,0.0006972960199,2.131449546,-0.001693172641,0.001279329928,False,0.002708531436,1.019545589,0.0788138815,-0.0002029544914,-0.002625443037
0.5,KE_per_particle,dense@dt/2_minus_dense@dt/4,102,16,0.0004439204255,0.001680519432,0.0004201298581,2.131449546,-0.0004515651695,0.001339406021,False,0.001686624383,1.018101283,0.120144733,0.0004360277634,0.003694880453
0.5,KE_per_particle,dense@dt/2_minus_dense@dt/4,103,16,0.0004927636927,0.002162967525,0.0005407418811,2.131449546,-0.0006598003441,0.00164532773,False,0.002151474561,1.001017748,0.09477976919,0.0004922626935,0.00519903875
0.5,KE_per_particle,dense@dt/2_minus_dense@dt/4,104,16,-0.000203477504,0.002180770698,0.0005451926746,2.131449546,-0.001365528182,0.0009585731745,False,0.002121303581,1.021503689,0.08652899945,-0.0001991940962,-0.002351552719
0.5,KE_per_particle,dense@dt/2_minus_dense@dt/4,105,16,-0.0004172068252,0.001646242688,0.0004115606721,2.131449546,-0.001294427633,0.0004600139822,False,0.001647663296,1.013076866,0.07544348665,-0.0004118214909,-0.00553005758
0.5,KE_per_particle,dense@2dt_minus_dense@dt,101,16,-0.002715755137,0.00846027408,0.00211506852,2.131449546,-0.007223916973,0.001792406698,False,0.008630066549,1.019545589,0.0788138815,-0.002663691715,-0.03445782755
0.5,KE_per_particle,dense@2dt_minus_dense@dt,102,16,-0.007102956713,0.008791398726,0.002197849682,2.131449546,-0.01178756242,-0.002418351008,True,0.01108648467,1.018101283,0.120144733,-0.006976670031,-0.05912000081
0.5,KE_per_particle,dense@2dt_minus_dense@dt,103,16,-0.00428120734,0.0105421123,0.002635528074,2.131449546,-0.009898702456,0.001336287776,False,0.01106882377,1.001017748,0.09477976919,-0.004276854581,-0.0451700545
0.5,KE_per_particle,dense@2dt_minus_dense@dt,104,16,-0.005766286157,0.007214179851,0.001803544963,2.131449546,-0.009610451248,-0.001922121066,True,0.009057685826,1.021503689,0.08652899945,-0.005644899986,-0.06663992643
0.5,KE_per_particle,dense@2dt_minus_dense@dt,105,16,0.001089162564,0.004940437752,0.001235109438,2.131449546,-0.001543410886,0.003721736014,False,0.004905986644,1.013076866,0.07544348665,0.001075103579,0.01443680048
0.5,KE_per_particle,dense@dt_minus_dense@dt/2,101,16,-0.0006152277497,0.003454651956,0.0008636629891,2.131449546,-0.002456081835,0.001225626336,False,0.003401060359,1.019545589,0.0788138815,-0.0006034332909,-0.007806083624
0.5,KE_per_particle,dense@dt_minus_dense@dt/2,102,16,0.001150681003,0.003357404001,0.0008393510003,2.131449546,-0.0006383533049,0.002939715311,False,0.00344843708,1.018101283,0.120144733,0.001130222525,0.009577456909
0.5,KE_per_particle,dense@dt_minus_dense@dt/2,103,16,3.517047176e-05,0.004697100961,0.00117427524,2.131449546,-0.002467737955,0.002538078899,False,0.004548084439,1.001017748,0.09477976919,3.513471349e-05,0.000371075727
0.5,KE_per_particle,dense@dt_minus_dense@dt/2,104,16,-0.002554109526,0.005710617118,0.00142765428,2.131449546,-0.005597082592,0.0004888635392,False,0.006090683591,1.021503689,0.08652899945,-0.002500342931,-0.02951738195
0.5,KE_per_particle,dense@dt_minus_dense@dt/2,105,16,-0.001171276459,0.002802202096,0.0007005505241,2.131449546,-0.002664464556,0.0003219116368,False,0.0029552418,1.013076866,0.07544348665,-0.001156157543,-0.01552521644
0.5,U_per_particle,fast_minus_dense@dt,101,16,-5.625430677e-09,1.334903561e-08,3.337258902e-09,2.131449546,-1.273862965e-08,1.487768294e-09,False,1.409627344e-08,-5.536955556,0.09102355086,-1.015979019e-09,-6.180192515e-08
0.5,U_per_particle,fast_minus_dense@dt,102,16,-6.735930702e-10,1.450937792e-08,3.627344479e-09,2.131449546,-8.405094813e-09,7.057908672e-09,False,1.406478394e-08,-6.021276702,0.1311010062,-1.118688118e-10,-5.137970256e-09
0.5,U_per_particle,fast_minus_dense@dt,103,16,-2.343228001e-09,1.782335042e-08,4.455837604e-09,2.131449546,-1.184062104e-08,7.154165035e-09,False,1.741574141e-08,-5.676972477,0.09848452956,-4.127601481e-10,-2.379285367e-08
0.5,U_per_particle,fast_minus_dense@dt,104,16,2.376177255e-09,1.811025386e-08,4.527563466e-09,2.131449546,-7.274095837e-09,1.202645035e-08,False,1.769544242e-08,-5.485782816,0.1142572468,4.331519009e-10,2.079673125e-08
0.5,U_per_particle,fast_minus_dense@dt,105,16,-4.158246192e-09,1.143810366e-08,2.859525915e-09,2.131449546,-1.02531814e-08,1.936689021e-09,False,1.18298072e-08,-5.685433795,0.1430824898,-7.313859138e-10,-2.90618803e-08
0.5,U_per_particle,dense@2dt_minus_dense@dt/4,101,16,0.003585062932,0.00915669637,0.002289174092,2.131449546,-0.001294196147,0.008464322011,False,0.009563338675,-5.536955556,0.09102355086,0.0006474790876,0.03938610281
0.5,U_per_particle,dense@2dt_minus_dense@dt/4,102,16,0.001595970417,0.01184972032,0.00296243008,2.131449546,-0.00471829983,0.007910240664,False,0.01158391131,-6.021276702,0.1311010062,0.000265055153,0.01217359396
0.5,U_per_particle,dense@2dt_minus_dense@dt/4,103,16,-0.002947890032,0.009030792339,0.002257698085,2.131449546,-0.007760059588,0.001864279525,False,0.00922757093,-5.676972477,0.09848452956,-0.0005192715032,-0.02993251879
0.5,U_per_particle,dense@2dt_minus_dense@dt/4,104,16,0.001649503168,0.01572758255,0.003931895637,2.131449546,-0.006731134001,0.01003014034,False,0.01531724225,-5.485782816,0.1142572468,0.0003006869253,0.01443674878
0.5,U_per_particle,dense@2dt_minus_dense@dt/4,105,16,-0.002555208699,0.008365838976,0.002091459744,2.131449546,-0.00701304962,0.001902632222,False,0.008493653478,-5.685433795,0.1430824898,-0.0004494307367,-0.01785829071
0.5,U_per_particle,dense@dt_minus_dense@dt/4,101,16,0.002322237354,0.006843093934,0.001710773483,2.131449546,-0.00132419001,0.005968664718,False,0.007020966814,-5.536955556,0.09102355086,0.000419406898,0.02551248915
0.5,U_per_particle,dense@dt_minus_dense@dt/4,102,16,-0.0005826960091,0.005008220281,0.00125205507,2.131449546,-0.003251388219,0.002085996201,False,0.004884072391,-6.021276702,0.1311010062,-9.677283373e-05,-0.00444463415
0.5,U_per_particle,dense@dt_minus_dense@dt/4,103,16,-0.0005357838965,0.006667535353,0.001666883838,2.131449546,-0.004088662696,0.003017094903,False,0.006478008208,-5.676972477,0.09848452956,-9.437845589e-05,-0.005440284874
0.5,U_per_particle,dense@dt_minus_dense@dt/4,104,16,-0.0001876619441,0.007485101595,0.001871275399,2.131449546,-0.004176191043,0.003800867154,False,0.007249847673,-5.485782816,0.1142572468,-3.42087812e-05,-0.00164245113
0.5,U_per_particle,dense@dt_minus_dense@dt/4,105,16,0.0003172983308,0.006260632203,0.001565158051,2.131449546,-0.003018757085,0.003653353747,False,0.00607012966,-5.685433795,0.1430824898,5.580899228e-05,0.002217590225
0.5,U_per_particle,dense@dt/2_minus_dense@dt/4,101,16,-0.0001722731251,0.003466918323,0.0008667295807,2.131449546,-0.002019663496,0.001675117246,False,0.00336124687,-5.536955556,0.09102355086,-3.111332994e-05,-0.001892621453
0.5,U_per_particle,dense@dt/2_minus_dense@dt/4,102,16,-0.0003378927839,0.002286013847,0.0005715034617,2.131449546,-0.001556023578,0.0008802380099,False,0.002239065572,-6.021276702,0.1311010062,-5.611646841e-05,-0.002577346992
0.5,U_per_particle,dense@dt/2_minus_dense@dt/4,103,16,3.240878585e-05,0.002203174118,0.0005507935295,2.131449546,-0.001141579832,0.001206397404,False,0.002133460337,-5.676972477,0.09848452956,5.708815039e-06,0.0003290748912
0.5,U_per_particle,dense@dt/2_minus_dense@dt/4,104,16,-0.0002615782874,0.003034843104,0.0007587107761,2.131449546,-0.001878732026,0.001355575452,False,0.002950093867,-5.485782816,0.1142572468,-4.768294629e-05,-0.002289380277
0.5,U_per_particle,dense@dt/2_minus_dense@dt/4,105,16,0.000409669014,0.002999513188,0.000749878297,2.131449546,-0.001188658741,0.002007996769,False,0.002933017321,-5.685433795,0.1430824898,7.205589385e-05,0.002863166657
0.5,U_per_particle,dense@2dt_minus_dense@dt,101,16,0.001262825578,0.009156659097,0.002289164774,2.131449546,-0.00361641364,0.006142064795,False,0.00895538156,-5.536955556,0.09102355086,0.0002280721897,0.01387361365
0.5,U_per_particle,dense@2dt_minus_dense@dt,102,16,0.002178666426,0.01191007355,0.002977518387,2.131449546,-0.004167763786,0.008525096639,False,0.01173587762,-6.021276702,0.1311010062,0.0003618279867,0.01661822811
0.5,U_per_particle,dense@2dt_minus_dense@dt,103,16,-0.002412106135,0.01020620146,0.002551550365,2.131449546,-0.007850607,0.00302639473,False,0.01017223648,-5.676972477,0.09848452956,-0.0004248930473,-0.02449223392
0.5,U_per_particle,dense@2dt_minus_dense@dt,104,16,0.001837165112,0.01039771292,0.002599428231,2.131449546,-0.003703385009,0.007377715234,False,0.0102337961,-5.485782816,0.1142572468,0.0003348957065,0.01607919991
0.5,U_per_particle,dense@2dt_minus_dense@dt,105,16,-0.00287250703,0.007630715765,0.001907678941,2.131449546,-0.006938628442,0.001193614383,False,0.007927160953,-5.685433795,0.1430824898,-0.0005052397289,-0.02007588094
0.5,U_per_particle,dense@dt_minus_dense@dt/2,101,16,0.002494510479,0.005768600089,0.001442150022,2.131449546,-0.0005793595306,0.005568380489,False,0.006117150712,-5.536955556,0.09102355086,0.0004505202279,0.02740511061
0.5,U_per_particle,dense@dt_minus_dense@dt/2,102,16,-0.0002448032253,0.003961328037,0.0009903320092,2.131449546,-0.002355645936,0.001866039486,False,0.00384334372,-6.021276702,0.1311010062,-4.065636532e-05,-0.001867287159
0.5,U_per_particle,dense@dt_minus_dense@dt/2,103,16,-0.0005681926824,0.005939681095,0.001484920274,2.131449546,-0.003733225325,0.00259683996,False,0.005779071398,-5.676972477,0.09848452956,-0.0001000872709,-0.005769359765
0.5,U_per_particle,dense@dt_minus_dense@dt/2,104,16,7.391634331e-05,0.007264367925,0.001816091981,2.131449546,-0.003796992085,0.003944824771,False,0.007034082377,-5.485782816,0.1142572468,1.347416509e-05,0.0006469291478
0.5,U_per_particle,dense@dt_minus_dense@dt/2,105,16,-9.237068323e-05,0.004627285457,0.001156821364,2.131449546,-0.002558077054,0.002373335688,False,0.004481301973,-5.685433795,0.1430824898,-1.624690157e-05,-0.0006455764319
0.5,M4_velocity,fast_minus_dense@dt,101,16,1.165218377e-08,1.579697028e-07,3.94924257e-08,2.131449546,-7.252392903e-08,9.582829658e-08,False,1.533967037e-07,7.134010184,1.386571575,1.633328727e-09,8.403593426e-09
0.5,M4_velocity,fast_minus_dense@dt,102,16,-2.074685956e-08,1.691402775e-07,4.228506938e-08,2.131449546,-1.108753515e-07,6.938163235e-08,False,1.650782801e-07,6.585972786,1.569471397,-3.150158714e-09,-1.321901094e-08
0.5,M4_velocity,fast_minus_dense@dt,103,16,-2.865129745e-09,2.094086976e-07,5.235217441e-08,2.131449546,-1.144511481e-07,1.087208886e-07,False,2.027793418e-07,6.822910988,1.443071201,-4.199277624e-10,-1.985438933e-09
0.5,M4_velocity,fast_minus_dense@dt,104,16,-4.890866862e-08,2.452903183e-07,6.132257958e-08,2.131449546,-1.79614653e-07,8.179731577e-08,False,2.424849261e-07,6.916006036,1.288780116,-7.071808261e-09,-3.79495835e-08
0.5,M4_velocity,fast_minus_dense@dt,105,16,5.763554733e-08,2.007376406e-07,5.018441016e-08,2.131449546,-4.932999089e-08,1.646010856e-07,False,2.027288378e-07,6.845493535,1.031944395,8.419487512e-09,5.585140788e-08
0.5,M4_velocity,dense@2dt_minus_dense@dt/4,101,16,-0.08457992639,0.2063507103,0.05158767757,2.131449546,-0.1945364583,0.02537660552,False,0.2169633405,7.134010184,1.386571575,-0.01185587408,-0.06099932229
0.5,M4_velocity,dense@2dt_minus_dense@dt/4,102,16,-0.07167157027,0.1518831797,0.03797079494,2.131449546,-0.1526044039,0.009261263346,False,0.1635956387,6.585972786,1.569471397,-0.0108824577,-0.04566605701
0.5,M4_velocity,dense@2dt_minus_dense@dt/4,103,16,-0.05429755423,0.1117004242,0.02792510604,2.131449546,-0.1138185088,0.005223400347,False,0.1210181706,6.822910988,1.443071201,-0.007958121442,-0.03762638614
0.5,M4_velocity,dense@2dt_minus_dense@dt/4,104,16,-0.0706492749,0.1254079232,0.03135198079,2.131449546,-0.1374744401,-0.003824109682,True,0.1404831682,6.916006036,1.288780116,-0.01021532869,-0.0548187189
0.5,M4_velocity,dense@2dt_minus_dense@dt/4,105,16,-0.05985364008,0.1545439737,0.03863599342,2.131449546,-0.1422043107,0.02249703054,False,0.1611631411,6.845493535,1.031944395,-0.008743509839,-0.05800083837
0.5,M4_velocity,dense@dt_minus_dense@dt/4,101,16,-0.0192251297,0.09237999119,0.0230949978,2.131449546,-0.06845095226,0.03000069286,False,0.09148928604,7.134010184,1.386571575,-0.002694855937,-0.01386522704
0.5,M4_velocity,dense@dt_minus_dense@dt/4,102,16,0.03043390251,0.04850590967,0.01212647742,2.131449546,0.00458692773,0.05628087729,True,0.05596422286,6.585972786,1.569471397,0.004621018565,0.0193911801
0.5,M4_velocity,dense@dt_minus_dense@dt/4,103,16,0.008254088953,0.0738674949,0.01846687373,2.131449546,-0.03110712066,0.04761529856,False,0.0719966066,6.822910988,1.443071201,0.001209760609,0.005719807137
0.5,M4_velocity,dense@dt_minus_dense@dt/4,104,16,-0.0119485013,0.08456890521,0.0211422263,2.131449546,-0.05701208995,0.03311508735,False,0.08275066573,6.916006036,1.288780116,-0.001727659178,-0.009271171361
0.5,M4_velocity,dense@dt_minus_dense@dt/4,105,16,-0.03178003066,0.05395017022,0.01348754255,2.131449546,-0.06052804711,-0.003032014214,True,0.06114472513,6.845493535,1.031944395,-0.004642474717,-0.03079626267
0.5,M4_velocity,dense@dt/2_minus_dense@dt/4,101,16,0.0003509606563,0.02790004815,0.006975012037,2.131449546,-0.01451592558,0.01521784689,False,0.02701638516,7.134010184,1.386571575,4.919542406e-05,0.0002531139846
0.5,M4_velocity,dense@dt/2_minus_dense@dt/4,102,16,0.003756821752,0.0243169097,0.006079227424,2.131449546,-0.009200744778,0.01671438828,False,0.02384258377,6.585972786,1.569471397,0.0005704277673,0.002393686027
0.5,M4_velocity,dense@dt/2_minus_dense@dt/4,103,16,0.01917154915,0.03959649216,0.009899123041,2.131449546,-0.001927932153,0.04027103046,False,0.04286534558,6.822910988,1.443071201,0.002809878245,0.01328524133
0.5,M4_velocity,dense@dt/2_minus_dense@dt/4,104,16,-0.004922890777,0.0310802102,0.007770052551,2.131449546,-0.02148436576,0.0116385842,False,0.03049328784,6.916006036,1.288780116,-0.0007118112321,-0.003819806588
0.5,M4_velocity,dense@dt/2_minus_dense@dt/4,105,16,-0.002608406113,0.02323624813,0.005809062033,2.131449546,-0.01499012874,0.009773316518,False,0.0226491017,6.845493535,1.031944395,-0.0003810398914,-0.002527661495
0.5,M4_velocity,dense@2dt_minus_dense@dt,101,16,-0.0653547967,0.1290610227,0.03226525567,2.131449546,-0.1341265612,0.003416967835,False,0.1410210988,7.134010184,1.386571575,-0.009161018139,-0.04713409525
0.5,M4_velocity,dense@2dt_minus_dense@dt,102,16,-0.1021054728,0.1371067017,0.03427667543,2.131449546,-0.1751644771,-0.0290464685,True,0.1674780127,6.585972786,1.569471397,-0.01550347627,-0.06505723711
0.5,M4_velocity,dense@2dt_minus_dense@dt,103,16,-0.06255164318,0.1460211955,0.03650529887,2.131449546,-0.1403608459,0.01525755952,False,0.15460356,6.822910988,1.443071201,-0.009167882051,-0.04334619328
0.5,M4_velocity,dense@2dt_minus_dense@dt,104,16,-0.0587007736,0.08540192821,0.02135048205,2.131449546,-0.1042082489,-0.01319329833,True,0.1014072339,6.916006036,1.288780116,-0.008487669516,-0.04554754754
0.5,M4_velocity,dense@2dt_minus_dense@dt,105,16,-0.02807360942,0.1467471483,0.03668678707,2.131449546,-0.106269645,0.0501224262,False,0.1448341559,6.845493535,1.031944395,-0.004101035122,-0.0272045757
0.5,M4_velocity,dense@dt_minus_dense@dt/2,101,16,-0.01957609035,0.08873403121,0.0221835078,2.131449546,-0.06685911798,0.02770693727,False,0.08811834991,7.134010184,1.386571575,-0.002744051361,-0.01411834103
0.5,M4_velocity,dense@dt_minus_dense@dt/2,102,16,0.02667708076,0.0466987238,0.01167468095,2.131449546,0.001793087355,0.05156107417,True,0.05249894539,6.585972786,1.569471397,0.004050590798,0.01699749407
0.5,M4_velocity,dense@dt_minus_dense@dt/2,103,16,-0.0109174602,0.0558976672,0.0139744168,2.131449546,-0.04070322454,0.01886830414,False,0.05521282288,6.822910988,1.443071201,-0.001600117636,-0.007565434191
0.5,M4_velocity,dense@dt_minus_dense@dt/2,104,16,-0.007025610522,0.07820204347,0.01955051087,2.131449546,-0.04869653803,0.03464531698,False,0.07604404205,6.916006036,1.288780116,-0.001015847946,-0.005451364772
0.5,M4_velocity,dense@dt_minus_dense@dt/2,105,16,-0.02917162455,0.05256311232,0.01314077808,2.131449546,-0.05718053002,-0.001162719082,True,0.05866160931,6.845493535,1.031944395,-0.004261434826,-0.02826860118
0.5,MSD,fast_minus_dense@dt,101,16,2.308889005e-09,1.188100762e-09,2.970251904e-10,2.131449546,1.675794798e-09,2.941983212e-09,True,2.579598398e-09,0.1040707485,0.01331862421,2.218576342e-08,1.733579211e-07
0.5,MSD,fast_minus_dense@dt,102,16,1.506706634e-09,9.853815744e-10,2.463453936e-10,2.131449546,9.816338564e-10,2.031779411e-09,True,1.78338321e-09,0.08687048248,0.008409554716,1.734428762e-08,1.79166042e-07
0.5,MSD,fast_minus_dense@dt,103,16,3.310912343e-09,1.031190255e-09,2.577975637e-10,2.131449546,2.761429843e-09,3.860394843e-09,True,3.458183671e-09,0.1041727144,0.0128032917,3.178291325e-08,2.585985245e-07
0.5,MSD,fast_minus_dense@dt,104,16,2.296250517e-09,1.261285773e-09,3.153214432e-10,2.131449546,1.62415877e-09,2.968342264e-09,True,2.600803842e-09,0.09336132655,0.01392508721,2.459530731e-08,1.649002611e-07
0.5,MSD,fast_minus_dense@dt,105,16,2.235813026e-09,1.0154426e-09,2.5386065e-10,2.131449546,1.694721859e-09,2.776904193e-09,True,2.442445154e-09,0.09292929859,0.01330584789,2.405929088e-08,1.680323603e-07
0.5,MSD,dense@2dt_minus_dense@dt/4,101,16,-0.000175098055,0.0008856135286,0.0002214033821,2.131449546,-0.0006470081933,0.0002968120832,False,0.0008751863763,0.1040707485,0.01331862421,-0.00168249059,-0.01314685753
0.5,MSD,dense@2dt_minus_dense@dt/4,102,16,3.898188676e-05,0.0007465466537,0.0001866366634,2.131449546,-0.0003588247447,0.0004367885182,False,0.0007238910481,0.08687048248,0.008409554716,0.0004487356999,0.004635428162
0.5,MSD,dense@2dt_minus_dense@dt/4,103,16,0.0001173923386,0.0009879699854,0.0002469924963,2.131449546,-0.0004090597055,0.0006438443826,False,0.0009637740191,0.1041727144,0.0128032917,0.001126901025,0.009168918532
0.5,MSD,dense@2dt_minus_dense@dt/4,104,16,-0.0003120382387,0.0006647356461,0.0001661839115,2.131449546,-0.0006662508614,4.217438401e-05,False,0.0007152791407,0.09336132655,0.01392508721,-0.003342264407,-0.02240835077
0.5,MSD,dense@2dt_minus_dense@dt/4,105,16,0.0001193365136,0.0005708287078,0.0001427071769,2.131449546,-0.0001848366338,0.000423509661,False,0.0005654390142,0.09292929859,0.01330584789,0.001284164579,0.008968726729
0.5,MSD,dense@dt_minus_dense@dt/4,101,16,-0.0001544246365,0.0003768047314,9.420118284e-05,2.131449546,-0.0003552097048,4.636043188e-05,False,0.0003961753539,0.1040707485,0.01331862421,-0.001483842854,-0.01159463876
0.5,MSD,dense@dt_minus_dense@dt/4,102,16,-4.9824212e-06,0.0003126481807,7.816204517e-05,2.131449546,-0.0001715808769,0.0001616160345,False,0.0003027612989,0.08687048248,0.008409554716,-5.735459339e-05,-0.0005924714647
0.5,MSD,dense@dt_minus_dense@dt/4,103,16,3.762828013e-05,0.0003292910131,8.232275327e-05,2.131449546,-0.0001378385149,0.0002130950752,False,0.0003210473844,0.1041727144,0.0128032917,0.0003612105182,0.002938953592
0.5,MSD,dense@dt_minus_dense@dt/4,104,16,-0.0001118110435,0.0002717060987,6.792652468e-05,2.131449546,-0.0002565930037,3.297091662e-05,False,0.0002858529356,0.09336132655,0.01392508721,-0.001197616269,-0.0080294681
0.5,MSD,dense@dt_minus_dense@dt/4,105,16,-2.440812757e-06,0.000327814393,8.195359824e-05,2.131449546,-0.0001771207725,0.000172239147,False,0.0003174143058,0.09292929859,0.01330584789,-2.626526611e-05,-0.0001834390997
0.5,MSD,dense@dt/2_minus_dense@dt/4,101,16,-1.794883601e-05,0.0002516788074,6.291970184e-05,2.131449546,-0.0001520590059,0.0001161613339,False,0.0002443470767,0.1040707485,0.01331862421,-0.0001724676363,-0.001347649406
0.5,MSD,dense@dt/2_minus_dense@dt/4,102,16,3.308501266e-05,0.000228387281,5.709682025e-05,2.131449546,-8.861397891e-05,0.0001547840042,False,0.0002235963356,0.08687048248,0.008409554716,0.0003808544827,0.003934216945
0.5,MSD,dense@dt/2_minus_dense@dt/4,103,16,-2.23631184e-05,0.0001419071991,3.547679977e-05,2.131449546,-9.798012716e-05,5.325389036e-05,False,0.0001392090475,0.1041727144,0.0128032917,-0.0002146734732,-0.001746669444
0.5,MSD,dense@dt/2_minus_dense@dt/4,104,16,-2.805998744e-05,0.0001297330491,3.243326228e-05,2.131449546,-9.718984958e-05,4.10698747e-05,False,0.000128709403,0.09336132655,0.01392508721,-0.0003005525787,-0.002015067268
0.5,MSD,dense@dt/2_minus_dense@dt/4,105,16,1.689093843e-05,0.0002115265112,5.28816278e-05,2.131449546,-9.582358312e-05,0.00012960546,False,0.0002055049931,0.09292929859,0.01330584789,0.0001817611742,0.001269437211
0.5,MSD,dense@2dt_minus_dense@dt,101,16,-2.067341857e-05,0.0006322821807,0.0001580705452,2.131449546,-0.0003575928103,0.0003162459731,False,0.0006125535479,0.1040707485,0.01331862421,-0.0001986477359,-0.001552218776
0.5,MSD,dense@2dt_minus_dense@dt,102,16,4.396430796e-05,0.0006966121895,0.0001741530474,2.131449546,-0.0003272341257,0.0004151627417,False,0.0006759231606,0.08687048248,0.008409554716,0.0005060902933,0.005227899626
0.5,MSD,dense@2dt_minus_dense@dt,103,16,7.976405842e-05,0.0008707435336,0.0002176858834,2.131449546,-0.0003842224188,0.0005437505356,False,0.0008468585847,0.1041727144,0.0128032917,0.0007656905066,0.00622996494
0.5,MSD,dense@2dt_minus_dense@dt,104,16,-0.0002002271952,0.0006285216791,0.0001571304198,2.131449546,-0.000535142757,0.0001346883667,False,0.0006406562744,0.09336132655,0.01392508721,-0.002144648138,-0.01437888267
0.5,MSD,dense@2dt_minus_dense@dt,105,16,0.0001217773264,0.0005026897329,0.0001256724332,2.131449546,-0.0001460871243,0.0003896417771,False,0.000501730131,0.09292929859,0.01330584789,0.001310429845,0.009152165829
0.5,MSD,dense@dt_minus_dense@dt/2,101,16,-0.0001364758005,0.0002916449339,7.291123347e-05,2.131449546,-0.0002918824159,1.893081498e-05,False,0.0003136341238,0.1040707485,0.01331862421,-0.001311375217,-0.01024698935
0.5,MSD,dense@dt_minus_dense@dt/2,102,16,-3.806743386e-05,0.0003199576921,7.998942302e-05,2.131449546,-0.0002085608532,0.0001324259855,False,0.0003121277726,0.08687048248,0.008409554716,-0.000438209076,-0.00452668841
0.5,MSD,dense@dt_minus_dense@dt/2,103,16,5.999139853e-05,0.0003724315525,9.310788813e-05,2.131449546,-0.0001384633673,0.0002584461644,False,0.0003655614181,0.1041727144,0.0128032917,0.0005758839914,0.004685623036
0.5,MSD,dense@dt_minus_dense@dt/2,104,16,-8.37510561e-05,0.0003049306452,7.623266131e-05,2.131449546,-0.0002462371274,7.873501521e-05,False,0.0003068965936,0.09336132655,0.01392508721,-0.00089706369,-0.006014400832
0.5,MSD,dense@dt_minus_dense@dt/2,105,16,-1.933175119e-05,0.0003899593361,9.748983404e-05,2.131449546,-0.0002271264136,0.0001884629113,False,0.0003780710683,0.09292929859,0.01330584789,-0.0002080264403,-0.00145287631
1,KE_per_particle,fast_minus_dense@dt,101,16,-1.98742314e-08,9.989883952e-08,2.497470988e-08,2.131449546,-7.310656542e-08,3.335810262e-08,False,9.874728896e-08,1.029417882,0.126020278,-1.930628149e-08,-1.577066144e-07
1,KE_per_particle,fast_minus_dense@dt,102,16,-1.761328912e-08,4.799661086e-08,1.199915272e-08,2.131449546,-4.318887772e-08,7.962299485e-09,False,4.969831931e-08,0.9844755847,0.1004473241,-1.789103701e-08,-1.75348515e-07
1,KE_per_particle,fast_minus_dense@dt,103,16,1.28192789e-08,6.460004049e-08,1.615001012e-08,2.131449546,-2.160365284e-08,4.724221063e-08,False,6.384885524e-08,1.045871788,0.0814903467,1.225702715e-08,1.573103983e-07
1,KE_per_particle,fast_minus_dense@dt,104,16,1.581979289e-08,5.595695792e-08,1.398923948e-08,2.131449546,-1.399756525e-08,4.563715102e-08,False,5.644243232e-08,1.006998894,0.1140074462,1.570984137e-08,1.387610495e-07
1,KE_per_particle,fast_minus_dense@dt,105,16,2.086375308e-08,4.422701931e-08,1.105675483e-08,2.131449546,-2.703161971e-09,4.443066813e-08,False,4.763479403e-08,1.035821513,0.08642014946,2.0142228e-08,2.414223212e-07
1,KE_per_particle,dense@2dt_minus_dense@dt/4,101,16,-0.003955320546,0.05954420788,0.01488605197,2.131449546,-0.03568418925,0.02777354816,False,0.05778894972,1.029417882,0.126020278,-0.003842288555,-0.03138638168
1,KE_per_particle,dense@2dt_minus_dense@dt/4,102,16,-0.004122609288,0.02652912734,0.006632281834,2.131449546,-0.01825898339,0.01001376481,False,0.0260154443,0.9844755847,0.1004473241,-0.004187619634,-0.04104249988
1,KE_per_particle,dense@2dt_minus_dense@dt/4,103,16,0.002895796205,0.04943733604,0.01235933401,2.131449546,-0.02344750066,0.02923909307,False,0.04795500697,1.045871788,0.0814903467,0.002768786996,0.03553545079
1,KE_per_particle,dense@2dt_minus_dense@dt/4,104,16,-0.007598854019,0.0566050575,0.01415126438,2.131449546,-0.03776156004,0.022563852,False,0.055331879,1.006998894,0.1140074462,-0.007546040082,-0.06665226062
1,KE_per_particle,dense@2dt_minus_dense@dt/4,105,16,-0.005646461989,0.03402459981,0.008506149952,2.131449546,-0.02377689144,0.01248396746,False,0.0334245619,1.035821513,0.08642014946,-0.005451192043,-0.0653373319
1,KE_per_particle,dense@dt_minus_dense@dt/4,101,16,-0.001144019427,0.01955958333,0.004889895832,2.131449546,-0.01156658568,0.009278546822,False,0.01897300712,1.029417882,0.126020278,-0.001111326554,-0.009078058273
1,KE_per_particle,dense@dt_minus_dense@dt/4,102,16,-0.0001769456619,0.02159139451,0.005397848628,2.131449546,-0.01168218767,0.01132829634,False,0.02090652666,0.9844755847,0.1004473241,-0.0001797359576,-0.001761576662
1,KE_per_particle,dense@dt_minus_dense@dt/4,103,16,0.001102559496,0.01774867522,0.004437168805,2.131449546,-0.008355041937,0.01056016093,False,0.01722041354,1.045871788,0.0814903467,0.001054201393,0.01352993993
1,KE_per_particle,dense@dt_minus_dense@dt/4,104,16,-0.01269868491,0.03249048037,0.008122620092,2.131449546,-0.03001163981,0.004614269992,False,0.03392507857,1.006998894,0.1140074462,-0.01261042587,-0.1113846975
1,KE_per_particle,dense@dt_minus_dense@dt/4,105,16,-0.001305312243,0.01396906565,0.003492266412,2.131449546,-0.008748901901,0.006138277414,False,0.01358832994,1.035821513,0.08642014946,-0.001260171011,-0.01510425811
1,KE_per_particle,dense@dt/2_minus_dense@dt/4,101,16,-0.003403218432,0.01368695803,0.003421739507,2.131449546,-0.01069648355,0.003890046686,False,0.01368233951,1.029417882,0.126020278,-0.003305963974,-0.02700532394
1,KE_per_particle,dense@dt/2_minus_dense@dt/4,102,16,-0.00166807831,0.006967450785,0.001741862696,2.131449546,-0.005380770762,0.002044614143,False,0.006949371917,0.9844755847,0.1004473241,-0.001694382609,-0.01660649823
1,KE_per_particle,dense@dt/2_minus_dense@dt/4,103,16,0.003215136574,0.01191200043,0.002978000108,2.131449546,-0.003132320403,0.009562593552,False,0.01197348624,1.045871788,0.0814903467,0.003074121142,0.03945420169
1,KE_per_particle,dense@dt/2_minus_dense@dt/4,104,16,-0.001965316214,0.01200834928,0.003002087321,2.131449546,-0.008364113869,0.004433481441,False,0.01179196303,1.006998894,0.1140074462,-0.001951656775,-0.01723848993
1,KE_per_particle,dense@dt/2_minus_dense@dt/4,105,16,-0.001870765256,0.008827454754,0.002206863689,2.131449546,-0.006574583862,0.00283305335,False,0.008749484142,1.035821513,0.08642014946,-0.001806069128,-0.02164732725
1,KE_per_particle,dense@2dt_minus_dense@dt,101,16,-0.002811301118,0.04669350599,0.0116733765,2.131449546,-0.02769251415,0.02206991191,False,0.04529811472,1.029417882,0.126020278,-0.002730962001,-0.02230832341
1,KE_per_particle,dense@2dt_minus_dense@dt,102,16,-0.003945663626,0.02302880544,0.00575720136,2.131449546,-0.01621684785,0.008325520596,False,0.02264395667,0.9844755847,0.1004473241,-0.004007883677,-0.03928092322
1,KE_per_particle,dense@2dt_minus_dense@dt,103,16,0.001793236709,0.04509358979,0.01127339745,2.131449546,-0.02223544115,0.02582191457,False,0.04369849022,1.045871788,0.0814903467,0.001714585603,0.02200551086
1,KE_per_particle,dense@2dt_minus_dense@dt,104,16,0.005099830892,0.04670756908,0.01167689227,2.131449546,-0.01978887583,0.02998853761,False,0.0455110478,1.006998894,0.1140074462,0.005064385791,0.04473243687
1,KE_per_particle,dense@2dt_minus_dense@dt,105,16,-0.004341149746,0.0333392792,0.008334819799,2.131449546,-0.02210639762,0.01342409813,False,0.03257121271,1.035821513,0.08642014946,-0.004191021032,-0.0502330738
1,KE_per_particle,dense@dt_minus_dense@dt/2,101,16,0.002259199004,0.02424374724,0.006060936811,2.131449546,-0.01065938201,0.01517778002,False,0.02358237277,1.029417882,0.126020278,0.00219463742,0.01792726567
1,KE_per_particle,dense@dt_minus_dense@dt/2,102,16,0.001491132648,0.02077893047,0.005194732617,2.131449546,-0.009581177828,0.01256344312,False,0.02017429506,0.9844755847,0.1004473241,0.001514646651,0.01484492157
1,KE_per_particle,dense@dt_minus_dense@dt/2,103,16,-0.002112577079,0.01704888688,0.004262221721,2.131449546,-0.01119728763,0.006972133471,False,0.01664214505,1.045871788,0.0814903467,-0.002019919749,-0.02592426176
1,KE_per_particle,dense@dt_minus_dense@dt/2,104,16,-0.0107333687,0.02354428138,0.005886070346,2.131449546,-0.02327923066,0.001812493267,False,0.02519707454,1.006998894,0.1140074462,-0.0106587691,-0.09414620756
1,KE_per_particle,dense@dt_minus_dense@dt/2,105,16,0.0005654530131,0.01076471746,0.002691179366,2.131449546,-0.005170660023,0.00630156605,False,0.01043821981,1.035821513,0.08642014946,0.0005458981167,0.006543069141
1,U_per_particle,fast_minus_dense@dt,101,16,3.132768917e-08,1.275648681e-07,3.189121702e-08,2.131449546,-3.664683085e-08,9.930220918e-08,False,1.274251543e-07,-5.569937832,0.1432444025,5.624423488e-09,2.187009658e-07
1,U_per_particle,fast_minus_dense@dt,102,16,-6.891942406e-09,9.209024612e-08,2.302256153e-08,2.131449546,-5.596337072e-08,4.21794859e-08,False,8.943195157e-08,-5.998850515,0.1272405205,-1.14887717e-09,-5.41646826e-08
1,U_per_particle,fast_minus_dense@dt,103,16,-3.026104839e-08,5.522974524e-08,1.380743631e-08,2.131449546,-5.969090224e-08,-8.311945398e-10,True,6.144436924e-08,-5.675639992,0.1395193067,-5.331742047e-09,-2.168950599e-07
1,U_per_particle,fast_minus_dense@dt,104,16,-8.627670744e-09,5.884875665e-08,1.471218916e-08,2.131449546,-3.998595965e-08,2.273061816e-08,False,5.762954409e-08,-5.459719061,0.1251006631,-1.580240787e-09,-6.896582746e-08
1,U_per_particle,fast_minus_dense@dt,105,16,-1.545712625e-08,4.772345898e-08,1.193086475e-08,2.131449546,-4.088716249e-08,9.972909994e-09,False,4.87247961e-08,-5.626788799,0.1302926058,-2.747059966e-09,-1.186339481e-07
1,U_per_particle,dense@2dt_minus_dense@dt/4,101,16,-0.004130626276,0.06079568432,0.01519892108,2.131449546,-0.0365263597,0.02826510715,False,0.05900991529,-5.569937832,0.1432444025,-0.0007415928869,-0.02883621422
1,U_per_particle,dense@2dt_minus_dense@dt/4,102,16,0.005408919775,0.03943420744,0.00985855186,2.131449546,-0.01560408611,0.02642192566,False,0.03856322192,-5.998850515,0.1272405205,0.0009016593699,0.04250941253
1,U_per_particle,dense@2dt_minus_dense@dt/4,103,16,0.01096815448,0.04790439558,0.01197609889,2.131449546,-0.01455829606,0.03649460503,False,0.0476624022,-5.675639992,0.1395193067,0.001932496511,0.07861388318
1,U_per_particle,dense@2dt_minus_dense@dt/4,104,16,-0.005752117275,0.06200370826,0.01550092707,2.131449546,-0.03879156123,0.02728732667,False,0.06030976664,-5.459719061,0.1251006631,-0.001053555542,-0.04597991037
1,U_per_particle,dense@2dt_minus_dense@dt/4,105,16,-0.008022106203,0.04334321897,0.01083580474,2.131449546,-0.0311180773,0.01507386489,False,0.04272673817,-5.626788799,0.1302926058,-0.001425698829,-0.06156992679
1,U_per_particle,dense@dt_minus_dense@dt/4,101,16,0.002034331464,0.02663294563,0.006658236408,2.131449546,-0.0121573635,0.01622602643,False,0.02586735753,-5.569937832,0.1432444025,0.0003652341418,0.0142018217
1,U_per_particle,dense@dt_minus_dense@dt/4,102,16,0.008475836791,0.03999108984,0.009997772461,2.131449546,-0.01283391078,0.02978558436,False,0.03963800729,-5.998850515,0.1272405205,0.001412910152,0.06661271708
1,U_per_particle,dense@dt_minus_dense@dt/4,103,16,-0.002769137005,0.02499565127,0.006248912818,2.131449546,-0.01608837939,0.01055010538,False,0.02435983972,-5.675639992,0.1395193067,-0.000487898635,-0.01984769757
1,U_per_particle,dense@dt_minus_dense@dt/4,104,16,0.005545977183,0.04370312292,0.01092578073,2.131449546,-0.01774177319,0.02883372755,False,0.04267725543,-5.459719061,0.1251006631,0.001015799004,0.04433211661
1,U_per_particle,dense@dt_minus_dense@dt/4,105,16,0.00654898269,0.02390801005,0.005977002513,2.131449546,-0.0061906966,0.01928866198,False,0.02405738057,-5.626788799,0.1302926058,0.001163893461,0.05026365577
1,U_per_particle,dense@dt/2_minus_dense@dt/4,101,16,0.006796535278,0.01469308999,0.003673272497,2.131449546,-0.001032859718,0.01462593027,False,0.01576663738,-5.569937832,0.1432444025,0.001220217439,0.04744712645
1,U_per_particle,dense@dt/2_minus_dense@dt/4,102,16,-0.001337968799,0.009550277253,0.002387569313,2.131449546,-0.006426952327,0.003751014728,False,0.009343311452,-5.998850515,0.1272405205,-0.0002230375296,-0.01051527292
1,U_per_particle,dense@dt/2_minus_dense@dt/4,103,16,-0.003303981907,0.007849238431,0.001962309608,2.131449546,-0.007486545829,0.0008785820146,False,0.008287109351,-5.675639992,0.1395193067,-0.0005821338055,-0.02368118065
1,U_per_particle,dense@dt/2_minus_dense@dt/4,104,16,0.0002463861417,0.01080765255,0.002701913137,2.131449546,-0.005512605386,0.006005377669,False,0.01046736476,-5.459719061,0.1251006631,4.5127989e-05,0.001969503084
1,U_per_particle,dense@dt/2_minus_dense@dt/4,105,16,0.004327242684,0.008804487212,0.002201121803,2.131449546,-0.0003643373824,0.009018822751,False,0.009560286979,-5.626788799,0.1302926058,0.0007690430259,0.03321172875
1,U_per_particle,dense@2dt_minus_dense@dt,101,16,-0.00616495774,0.04567574767,0.01141893692,2.131449546,-0.03050384564,0.01817393016,False,0.04465297872,-5.569937832,0.1432444025,-0.001106827029,-0.04303803593
1,U_per_particle,dense@2dt_minus_dense@dt,102,16,-0.003066917016,0.02786189122,0.006965472804,2.131449546,-0.01791347086,0.01177963683,False,0.02715093278,-5.998850515,0.1272405205,-0.0005112507818,-0.02410330455
1,U_per_particle,dense@2dt_minus_dense@dt,103,16,0.01373729148,0.04942046137,0.01235511534,2.131449546,-0.01259701349,0.04007159646,False,0.04978399646,-5.675639992,0.1395193067,0.002420395146,0.09846158074
1,U_per_particle,dense@2dt_minus_dense@dt,104,16,-0.01129809446,0.04752012104,0.01188003026,2.131449546,-0.03661977956,0.01402359064,False,0.04737798775,-5.459719061,0.1251006631,-0.002069354546,-0.09031202698
1,U_per_particle,dense@2dt_minus_dense@dt,105,16,-0.01457108889,0.04641344786,0.01160336196,2.131449546,-0.03930306948,0.01016089169,False,0.04724284882,-5.626788799,0.1302926058,-0.00258959229,-0.1118335826
1,U_per_particle,dense@dt_minus_dense@dt/2,101,16,-0.004762203814,0.03561845918,0.008904614796,2.131449546,-0.02374194097,0.01421753335,False,0.03481466724,-5.569937832,0.1432444025,-0.0008549832974,-0.03324530474
1,U_per_particle,dense@dt_minus_dense@dt/2,102,16,0.009813805591,0.04085233177,0.01021308294,2.131449546,-0.01195486541,0.03158247659,False,0.04075434613,-5.998850515,0.1272405205,0.001635947681,0.07712799
1,U_per_particle,dense@dt_minus_dense@dt/2,103,16,0.0005348449026,0.02195335226,0.005488338065,2.131449546,-0.01116327077,0.01223296058,False,0.02126296968,-5.675639992,0.1395193067,9.423517054e-05,0.003833483087
1,U_per_particle,dense@dt_minus_dense@dt/2,104,16,0.005299591042,0.04300775006,0.01075193752,2.131449546,-0.01761762129,0.02821680337,False,0.04197794743,-5.459719061,0.1251006631,0.0009706710148,0.04236261353
1,U_per_particle,dense@dt_minus_dense@dt/2,105,16,0.002221740006,0.02293450614,0.005733626535,2.131449546,-0.009999195667,0.01444267568,False,0.02231710616,-5.626788799,0.1302926058,0.0003948504352,0.01705192702
1,M4_velocity,fast_minus_dense@dt,101,16,-1.000872341e-07,1.034546687e-06,2.586366717e-07,2.131449546,-6.513582504e-07,4.511837823e-07,False,1.006683353e-06,7.130053977,1.76825882,-1.403737396e-08,-5.660214044e-08
1,M4_velocity,fast_minus_dense@dt,102,16,-3.875181654e-07,1.302140255e-06,3.255350637e-07,2.131449546,-1.081379729e-06,3.063433982e-07,False,1.319002083e-06,6.317581073,1.428201898,-6.133964264e-08,-2.713329018e-07
1,M4_velocity,fast_minus_dense@dt,103,16,1.349546734e-07,9.711877662e-07,2.427969416e-07,2.131449546,-3.825547573e-07,6.524641042e-07,False,9.499832032e-07,7.259414623,1.289483777,1.859029694e-08,1.046579072e-07
1,M4_velocity,fast_minus_dense@dt,104,16,2.671982079e-07,7.411665319e-07,1.85291633e-07,2.131449546,-1.277415589e-07,6.621379748e-07,False,7.657608772e-07,6.852670247,1.739180159,3.899183797e-08,1.53634577e-07
1,M4_velocity,fast_minus_dense@dt,105,16,4.456896496e-08,7.801237228e-07,1.950309307e-07,2.131449546,-3.711296236e-07,4.602675536e-07,False,7.566652837e-07,7.307072487,1.411319172,6.099428334e-09,3.157964962e-08
1,M4_velocity,dense@2dt_minus_dense@dt/4,101,16,-0.1290062766,0.8038590506,0.2009647627,2.131449546,-0.5573525286,0.2993399754,False,0.7889519357,7.130053977,1.76825882,-0.01809330995,-0.07295667078
1,M4_velocity,dense@2dt_minus_dense@dt/4,102,16,-0.1941300709,0.7708522769,0.1927130692,2.131449546,-0.6048882547,0.2166281129,False,0.7712077478,6.317581073,1.428201898,-0.03072854446,-0.1359262099
1,M4_velocity,dense@2dt_minus_dense@dt/4,103,16,0.1906505108,1.12918337,0.2822958426,2.131449546,-0.4110488346,0.7923498563,False,1.109825103,7.259414623,1.289483777,0.0262625185,0.1478502594
1,M4_velocity,dense@2dt_minus_dense@dt/4,104,16,-0.2936822778,1.14579938,0.2864498451,2.131449546,-0.9042356699,0.3168711143,False,1.147628854,6.852670247,1.739180159,-0.04285661898,-0.1688624818
1,M4_velocity,dense@2dt_minus_dense@dt/4,105,16,-0.1138231246,0.6459547785,0.1614886946,2.131449546,-0.4580281294,0.2303818802,False,0.6357158808,7.307072487,1.411319172,-0.01557711721,-0.08065016537
1,M4_velocity,dense@dt_minus_dense@dt/4,101,16,-0.07252378497,0.3169874643,0.07924686608,2.131449546,-0.2414344817,0.09638691172,False,0.3153738831,7.130053977,1.76825882,-0.01017156184,-0.04101423624
1,M4_velocity,dense@dt_minus_dense@dt/4,102,16,-0.142803172,0.7553747417,0.1888436854,2.131449546,-0.5453139594,0.2597076155,False,0.7451991739,6.317581073,1.428201898,-0.02260409012,-0.09998808443
1,M4_velocity,dense@dt_minus_dense@dt/4,103,16,0.0662727123,0.2777252803,0.06943132008,2.131449546,-0.08171664334,0.2142620679,False,0.2769525149,7.259414623,1.289483777,0.009129208861,0.05139476239
1,M4_velocity,dense@dt_minus_dense@dt/4,104,16,-0.3283257198,0.8697479227,0.2174369807,2.131449546,-0.7917816734,0.1351302338,False,0.9038696735,6.852670247,1.739180159,-0.04791208506,-0.1887818914
1,M4_velocity,dense@dt_minus_dense@dt/4,105,16,-0.001821658831,0.2787970408,0.06969926021,2.131449546,-0.1503821153,0.1467387977,False,0.2699502205,7.307072487,1.411319172,-0.0002493007746,-0.001290749015
1,M4_velocity,dense@dt/2_minus_dense@dt/4,101,16,-0.03275286157,0.163116567,0.04077914176,2.131449546,-0.1196715447,0.05416582159,False,0.1612973217,7.130053977,1.76825882,-0.004593634448,-0.01852266263
1,M4_velocity,dense@dt/2_minus_dense@dt/4,102,16,-0.04288974031,0.1348463783,0.03371159458,2.131449546,-0.1147443033,0.02896482264,False,0.1374285413,6.317581073,1.428201898,-0.006788949728,-0.03003058627
1,M4_velocity,dense@dt/2_minus_dense@dt/4,103,16,0.03534402549,0.1811527803,0.04528819507,2.131449546,-0.06118547731,0.1318735283,False,0.1789259884,7.259414623,1.289483777,0.004868715637,0.0274094379
1,M4_velocity,dense@dt/2_minus_dense@dt/4,104,16,-0.04564504828,0.3317134616,0.08292836541,2.131449546,-0.222402675,0.1311125785,False,0.3244074248,6.852670247,1.739180159,-0.006660914159,-0.02624515238
1,M4_velocity,dense@dt/2_minus_dense@dt/4,105,16,-0.06145130048,0.1509559131,0.03773897827,2.131449546,-0.1418900286,0.0189874276,False,0.1585550994,7.307072487,1.411319172,-0.008409838631,-0.04354174569
1,M4_velocity,dense@2dt_minus_dense@dt,101,16,-0.05648249162,0.521906304,0.130476576,2.131449546,-0.3345867302,0.221621747,False,0.5084804078,7.130053977,1.76825882,-0.00792174811,-0.03194243455
1,M4_velocity,dense@2dt_minus_dense@dt,102,16,-0.05132689894,0.3239078022,0.08097695055,2.131449546,-0.2239251834,0.1212713855,False,0.3177946638,6.317581073,1.428201898,-0.008124454335,-0.03593812542
1,M4_velocity,dense@2dt_minus_dense@dt,103,16,0.1243777985,1.038409472,0.2596023679,2.131449546,-0.4289515506,0.6777071476,False,1.01309954,7.259414623,1.289483777,0.01713330963,0.09645549697
1,M4_velocity,dense@2dt_minus_dense@dt,104,16,0.03464344203,0.7634433719,0.190860843,2.131449546,-0.372166815,0.441453699,False,0.740012222,6.852670247,1.739180159,0.005055466085,0.01991940965
1,M4_velocity,dense@2dt_minus_dense@dt,105,16,-0.1120014658,0.6669567313,0.1667391828,2.131449546,-0.4673976212,0.2433946897,False,0.6554186865,7.307072487,1.411319172,-0.01532781644,-0.07935941635
1,M4_velocity,dense@dt_minus_dense@dt/2,101,16,-0.0397709234,0.2901895111,0.07254737779,2.131449546,-0.1944019988,0.114860152,False,0.2837755393,7.130053977,1.76825882,-0.005577927394,-0.0224915736
1,M4_velocity,dense@dt_minus_dense@dt/2,102,16,-0.09991343165,0.6563067769,0.1640766942,2.131449546,-0.449634627,0.2498077637,False,0.6432729729,6.317581073,1.428201898,-0.0158151404,-0.06995749816
1,M4_velocity,dense@dt_minus_dense@dt/2,103,16,0.03092868681,0.257105947,0.06427648674,2.131449546,-0.1060734016,0.1679307753,False,0.2508557053,7.259414623,1.289483777,0.004260493223,0.02398532449
1,M4_velocity,dense@dt_minus_dense@dt/2,104,16,-0.2826806715,0.5966011624,0.1491502906,2.131449546,-0.6005869907,0.03522564758,False,0.6431139089,6.852670247,1.739180159,-0.04125117091,-0.162536739
1,M4_velocity,dense@dt_minus_dense@dt/2,105,16,0.05962964165,0.1974800852,0.04937002131,2.131449546,-0.04560006783,0.1648593511,False,0.2002914856,7.307072487,1.411319172,0.008160537856,0.04225099667
1,MSD,fast_minus_dense@dt,101,16,1.095570842e-09,8.630453951e-09,2.157613488e-09,2.131449546,-3.503273446e-09,5.69441513e-09,False,8.427912844e-09,0.1954081193,0.02181262372,5.606577897e-09,5.022645861e-08
1,MSD,fast_minus_dense@dt,102,16,5.762777875e-09,6.309750815e-09,1.577437704e-09,2.131449546,2.400548998e-09,9.125006751e-09,True,8.398467388e-09,0.157620561,0.0235796608,3.656107958e-08,2.443961312e-07
1,MSD,fast_minus_dense@dt,103,16,3.66158596e-09,5.630987853e-09,1.407746963e-09,2.131449546,6.610443348e-10,6.662127585e-09,True,6.56760873e-09,0.1834152023,0.03019138739,1.996337225e-08,1.212791553e-07
1,MSD,fast_minus_dense@dt,104,16,5.116517323e-09,6.987601746e-09,1.746900437e-09,2.131449546,1.393087181e-09,8.839947464e-09,True,8.48255071e-09,0.1790470824,0.02588291877,2.857637921e-08,1.976793022e-07
1,MSD,fast_minus_dense@dt,105,16,2.873531019e-09,7.219312373e-09,1.804828093e-09,2.131449546,-9.733690001e-10,6.720431038e-09,False,7.557661491e-09,0.1770717412,0.02518652126,1.622806101e-08,1.140900321e-07
1,MSD,dense@2dt_minus_dense@dt/4,101,16,-0.001287246383,0.005512545287,0.001378136322,2.131449546,-0.00422467442,0.001650181653,False,0.005490528123,0.1954081193,0.02181262372,-0.006587476448,-0.05901382611
1,MSD,dense@2dt_minus_dense@dt/4,102,16,-0.0009433319092,0.003140715544,0.000785178886,2.131449546,-0.002616901089,0.0007302372705,False,0.003183938337,0.157620561,0.0235796608,-0.00598482776,-0.04000616961
1,MSD,dense@2dt_minus_dense@dt/4,103,16,0.000679185438,0.005863102559,0.00146577564,2.131449546,-0.002445041383,0.003803412259,False,0.00571740905,0.1834152023,0.03019138739,0.003702994243,0.02249599958
1,MSD,dense@2dt_minus_dense@dt/4,104,16,-0.002293230171,0.00495045887,0.001237614717,2.131449546,-0.004931143498,0.0003446831556,False,0.005313591766,0.1790470824,0.02588291877,-0.01280797286,-0.08860013785
1,MSD,dense@2dt_minus_dense@dt/4,105,16,0.0001538994242,0.004789294062,0.001197323516,2.131449546,-0.002398135239,0.002705934087,False,0.004639767133,0.1770717412,0.02518652126,0.0008691359964,0.006110388277
1,MSD,dense@dt_minus_dense@dt/4,101,16,-0.00109149827,0.002166813607,0.0005417034018,2.131449546,-0.00224611174,6.311519948e-05,False,0.002364953933,0.1954081193,0.02181262372,-0.00558573653,-0.05003975148
1,MSD,dense@dt_minus_dense@dt/4,102,16,-0.000849418078,0.003310596429,0.0008276491074,2.131449546,-0.002613510392,0.0009146742358,False,0.003316105659,0.157620561,0.0235796608,-0.005389005549,-0.03602333745
1,MSD,dense@dt_minus_dense@dt/4,103,16,0.0006003049058,0.003394768525,0.0008486921313,2.131449546,-0.001208639552,0.002409249363,False,0.003341338203,0.1834152023,0.03019138739,0.003272928843,0.01988331633
1,MSD,dense@dt_minus_dense@dt/4,104,16,-0.0004706926031,0.002886009414,0.0007215023535,2.131449546,-0.002008538467,0.00106715326,False,0.002833731854,0.1790470824,0.02588291877,-0.002628876141,-0.01818545301
1,MSD,dense@dt_minus_dense@dt/4,105,16,0.000551990493,0.00164883742,0.000412209355,2.131449546,-0.0003266129494,0.001430593935,False,0.001689213364,0.1770717412,0.02518652126,0.003117326848,0.02191610693
1,MSD,dense@dt/2_minus_dense@dt/4,101,16,-0.0003560039383,0.001477476256,0.0003693690641,2.131449546,-0.001143295462,0.0004312875854,False,0.001474191774,0.1954081193,0.02181262372,-0.001821848241,-0.01632100489
1,MSD,dense@dt/2_minus_dense@dt/4,102,16,3.73886606e-05,0.001330531193,0.0003326327982,2.131449546,-0.0006716013659,0.0007463786871,False,0.001288823723,0.157620561,0.0235796608,0.0002372067473,0.001585631825
1,MSD,dense@dt/2_minus_dense@dt/4,103,16,8.055132819e-05,0.00161138565,0.0004028464126,2.131449546,-0.0007780954748,0.0009391981312,False,0.001562295426,0.1834152023,0.03019138739,0.0004391747641,0.002668023405
1,MSD,dense@dt/2_minus_dense@dt/4,104,16,0.0003454617992,0.001053138417,0.0002632846043,2.131449546,-0.0002157160509,0.0009066396494,False,0.001076626954,0.1790470824,0.02588291877,0.001929446683,0.01334709591
1,MSD,dense@dt/2_minus_dense@dt/4,105,16,0.0003229537026,0.00117195466,0.000292988665,2.131449546,-0.0003015368544,0.0009474442595,False,0.001179802721,0.1770717412,0.02518652126,0.001823857948,0.01282248149
1,MSD,dense@2dt_minus_dense@dt,101,16,-0.0001957481132,0.004310531,0.00107763275,2.131449546,-0.002492667949,0.002101171722,False,0.004178241554,0.1954081193,0.02181262372,-0.001001739917,-0.008974074634
1,MSD,dense@2dt_minus_dense@dt,102,16,-9.391383119e-05,0.00155789902,0.0003894747551,2.131449546,-0.0009240596209,0.0007362319585,False,0.00151134992,0.157620561,0.0235796608,-0.0005958222111,-0.003982832153
1,MSD,dense@2dt_minus_dense@dt,103,16,7.888053225e-05,0.004733651287,0.001183412822,2.131449546,-0.002443504189,0.002601265253,False,0.004584016878,0.1834152023,0.03019138739,0.0004300653996,0.002612683254
1,MSD,dense@2dt_minus_dense@dt,104,16,-0.001822537568,0.004408792898,0.001102198225,2.131449546,-0.004171817473,0.0005267423364,False,0.004641579158,0.1790470824,0.02588291877,-0.01017909672,-0.07041468484
1,MSD,dense@2dt_minus_dense@dt,105,16,-0.0003980910688,0.005050807765,0.001262701941,2.131449546,-0.003089476548,0.00229329441,False,0.004906599575,0.1770717412,0.02518652126,-0.002248190852,-0.01580571865
1,MSD,dense@dt_minus_dense@dt/2,101,16,-0.0007354943317,0.00279254833,0.0006981370824,2.131449546,-0.002223538299,0.0007525496353,False,0.002802121107,0.1954081193,0.02181262372,-0.003763888289,-0.03371874659
1,MSD,dense@dt_minus_dense@dt/2,102,16,-0.0008868067386,0.002263240624,0.0005658101561,2.131449546,-0.002092802539,0.0003191890615,False,0.002364009979,0.157620561,0.0235796608,-0.005626212296,-0.03760896928
1,MSD,dense@dt_minus_dense@dt/2,103,16,0.0005197535776,0.002954404578,0.0007386011445,2.131449546,-0.001054537496,0.002094044651,False,0.002907424727,0.1834152023,0.03019138739,0.002833754079,0.01721529292
1,MSD,dense@dt_minus_dense@dt/2,104,16,-0.0008161544023,0.002538439451,0.0006346098627,2.131449546,-0.002168793306,0.0005364845011,False,0.002589797902,0.1790470824,0.02588291877,-0.004558322824,-0.03153254892
1,MSD,dense@dt_minus_dense@dt/2,105,16,0.0002290367904,0.001594225015,0.0003985562537,2.131449546,-0.0006204657555,0.001078539336,False,0.001560501253,0.1770717412,0.02518652126,0.0012934689,0.009093625438
2,KE_per_particle,fast_minus_dense@dt,101,16,-7.949168457e-07,2.14357593e-06,5.358939825e-07,2.131449546,-1.937147831e-06,3.473141398e-07,False,2.222527435e-06,1.074747057,0.0750659045,-7.396315632e-07,-1.058958592e-05
2,KE_per_particle,fast_minus_dense@dt,102,16,-1.191435949e-07,1.272517957e-06,3.181294892e-07,2.131449546,-7.972205501e-07,5.589333602e-07,False,1.237857332e-06,0.9940147854,0.09170671826,-1.198609887e-07,-1.299180662e-06
2,KE_per_particle,fast_minus_dense@dt,103,16,-2.215453293e-07,1.418442735e-06,3.546106838e-07,2.131449546,-9.7738011e-07,5.342894515e-07,False,1.391155415e-06,1.079227203,0.1089809366,-2.052814539e-07,-2.032881494e-06
2,KE_per_particle,fast_minus_dense@dt,104,16,-8.456881863e-07,5.027797341e-06,1.256949335e-06,2.131449546,-3.524812275e-06,1.833435903e-06,False,4.941053833e-06,1.039535107,0.1281070788,-8.135253735e-07,-6.601416518e-06
2,KE_per_particle,fast_minus_dense@dt,105,16,6.120250146e-08,1.078206265e-06,2.695515663e-07,2.131449546,-5.13333062e-07,6.357380649e-07,False,1.045761182e-06,1.022497121,0.07806457698,5.98559157e-08,7.839983745e-07
2,KE_per_particle,dense@2dt_minus_dense@dt/4,101,16,-0.03672612329,0.07922402064,0.01980600516,2.131449546,-0.07894162399,0.005489377406,False,0.08504690317,1.074747057,0.0750659045,-0.03417187612,-0.4892517254
2,KE_per_particle,dense@2dt_minus_dense@dt/4,102,16,-0.04168311042,0.1003889823,0.02509724558,2.131449546,-0.09517662311,0.01181040226,False,0.1057617971,0.9940147854,0.09170671826,-0.04193409498,-0.4545262464
2,KE_per_particle,dense@2dt_minus_dense@dt/4,103,16,-0.04161563754,0.09975874869,0.02493968717,2.131449546,-0.09477332243,0.01154204735,False,0.1051745275,1.079227203,0.1089809366,-0.03856058988,-0.381861625
2,KE_per_particle,dense@2dt_minus_dense@dt/4,104,16,0.02234304429,0.1281519694,0.03203799234,2.131449546,-0.04594431992,0.0906304085,False,0.1260781739,1.039535107,0.1281070788,0.0214933042,0.1744091309
2,KE_per_particle,dense@2dt_minus_dense@dt/4,105,16,0.02793641161,0.1039008901,0.02597522254,2.131449546,-0.02742846467,0.08330128788,False,0.1044084569,1.022497121,0.07806457698,0.02732175088,0.3578628449
2,KE_per_particle,dense@dt_minus_dense@dt/4,101,16,0.01995898431,0.064774491,0.01619362275,2.131449546,-0.01455690554,0.05447487416,False,0.06581688477,1.074747057,0.0750659045,0.01857086668,0.2658861495
2,KE_per_particle,dense@dt_minus_dense@dt/4,102,16,-0.0126057846,0.08748249663,0.02187062416,2.131449546,-0.05922191652,0.03401034732,False,0.08563742652,0.9940147854,0.09170671826,-0.01268168722,-0.1374575913
2,KE_per_particle,dense@dt_minus_dense@dt/4,103,16,0.001762480719,0.07093144333,0.01773286083,2.131449546,-0.03603421744,0.03955917888,False,0.06870168584,1.079227203,0.1089809366,0.001633095158,0.01617237633
2,KE_per_particle,dense@dt_minus_dense@dt/4,104,16,0.03591455729,0.1188308303,0.02970770757,2.131449546,-0.02740592252,0.09923503709,False,0.1205324594,1.039535107,0.1281070788,0.03454867185,0.2803479528
2,KE_per_particle,dense@dt_minus_dense@dt/4,105,16,-0.008575520296,0.1077738502,0.02694346255,2.131449546,-0.06600415131,0.04885311071,False,0.1047033532,1.022497121,0.07806457698,-0.008386840532,-0.1098516206
2,KE_per_particle,dense@dt/2_minus_dense@dt/4,101,16,0.00547445198,0.08476083802,0.02119020951,2.131449546,-0.03969141044,0.0506403144,False,0.0822517131,1.074747057,0.0750659045,0.005093711999,0.07292860875
2,KE_per_particle,dense@dt/2_minus_dense@dt/4,102,16,-0.0237545784,0.07685701511,0.01921425378,2.131449546,-0.06470879088,0.01719963408,False,0.07811589606,0.9940147854,0.09170671826,-0.02389761073,-0.2590276792
2,KE_per_particle,dense@dt/2_minus_dense@dt/4,103,16,0.003695721781,0.06739413151,0.01684853288,2.131449546,-0.03221607596,0.03960751952,False,0.06535865865,1.079227203,0.1089809366,0.003424414964,0.03391163534
2,KE_per_particle,dense@dt/2_minus_dense@dt/4,104,16,0.05361518524,0.1110261612,0.0277565403,2.131449546,-0.00554647997,0.1127768504,False,0.1201289766,1.039535107,0.1281070788,0.05157611789,0.4185185216
2,KE_per_particle,dense@dt/2_minus_dense@dt/4,105,16,-0.008057096733,0.1004892867,0.02512232167,2.131449546,-0.06160405783,0.04548986437,False,0.09763136021,1.022497121,0.07806457698,-0.007879823395,-0.1032106628
2,KE_per_particle,dense@2dt_minus_dense@dt,101,16,-0.0566851076,0.06465309814,0.01616327453,2.131449546,-0.09113631176,-0.02223390344,True,0.08445100993,1.074747057,0.0750659045,-0.0527427428,-0.7551378749
2,KE_per_particle,dense@2dt_minus_dense@dt,102,16,-0.02907732582,0.08919795902,0.02229948975,2.131449546,-0.07660756313,0.01845291148,False,0.09112902681,0.9940147854,0.09170671826,-0.02925240776,-0.3170686551
2,KE_per_particle,dense@2dt_minus_dense@dt,103,16,-0.04337811826,0.0897157375,0.02242893438,2.131449546,-0.09118426024,0.004428023718,False,0.09709540464,1.079227203,0.1089809366,-0.04019368504,-0.3980340013
2,KE_per_particle,dense@2dt_minus_dense@dt,104,16,-0.013571513,0.1235541456,0.03088853641,2.131449546,-0.0794088699,0.0522658439,False,0.1203981362,1.039535107,0.1281070788,-0.01305536764,-0.1059388218
2,KE_per_particle,dense@2dt_minus_dense@dt,105,16,0.0365119319,0.07102321637,0.01775580409,2.131449546,-0.001333668663,0.07435753246,False,0.07785980899,1.022497121,0.07806457698,0.03570859141,0.4677144655
2,KE_per_particle,dense@dt_minus_dense@dt/2,101,16,0.01448453233,0.07754540285,0.01938635071,2.131449546,-0.02683649609,0.05580556074,False,0.0764673825,1.074747057,0.0750659045,0.01347715468,0.1929575407
2,KE_per_particle,dense@dt_minus_dense@dt/2,102,16,0.0111487938,0.09589910169,0.02397477542,2.131449546,-0.03995223038,0.06224981798,False,0.09352081828,0.9940147854,0.09170671826,0.01121592351,0.1215700879
2,KE_per_particle,dense@dt_minus_dense@dt/2,103,16,-0.001933241062,0.07509663765,0.01877415941,2.131449546,-0.04194941461,0.03808293249,False,0.07273770237,1.079227203,0.1089809366,-0.001791319805,-0.01773925901
2,KE_per_particle,dense@dt_minus_dense@dt/2,104,16,-0.01770062795,0.08841974557,0.02210493639,2.131449546,-0.06481618458,0.02941492868,False,0.08742273974,1.039535107,0.1281070788,-0.01702744605,-0.1381705688
2,KE_per_particle,dense@dt_minus_dense@dt/2,105,16,-0.0005184235622,0.06996983082,0.0174924577,2.131449546,-0.03780271459,0.03676586746,False,0.0677499809,1.022497121,0.07806457698,-0.0005070171365,-0.00664095781
2,U_per_particle,fast_minus_dense@dt,101,16,-5.412188627e-07,2.312834516e-06,5.782086289e-07,2.131449546,-1.773641382e-06,6.912036566e-07,False,2.303865477e-06,-5.634585593,0.1645369043,-9.605300227e-08,-3.289346334e-06
2,U_per_particle,fast_minus_dense@dt,102,16,3.998798744e-07,2.396793868e-06,5.99198467e-07,2.131449546,-8.772814258e-07,1.677041175e-06,False,2.354885551e-06,-6.035394857,0.1171134124,6.625579334e-08,3.414466937e-06
2,U_per_particle,fast_minus_dense@dt,103,16,-2.697391968e-07,1.308321541e-06,3.270803852e-07,2.131449546,-9.668945353e-07,4.274161417e-07,False,1.295176787e-06,-5.687871613,0.1900947421,-4.742357338e-08,-1.418972423e-06
2,U_per_particle,fast_minus_dense@dt,104,16,4.674006851e-07,3.249706757e-06,8.124266892e-07,2.131449546,-1.264245812e-06,2.199047183e-06,False,3.181040754e-06,-5.534317504,0.1322839723,8.445498199e-08,3.533313045e-06
2,U_per_particle,fast_minus_dense@dt,105,16,-2.036953472e-07,1.069326286e-06,2.673315716e-07,2.131449546,-7.73499104e-07,3.661084096e-07,False,1.05521767e-06,-5.660291683,0.1658977976,-3.59867227e-08,-1.227836355e-06
2,U_per_particle,dense@2dt_minus_dense@dt/4,101,16,0.01917652886,0.1429705692,0.03574264229,2.131449546,-0.05700710981,0.09536016753,False,0.1397525901,-5.634585593,0.1645369043,0.003403361001,0.1165484968
2,U_per_particle,dense@2dt_minus_dense@dt/4,102,16,0.02943935555,0.1210323536,0.03025808839,2.131449546,-0.0350542332,0.09393294431,False,0.1208302709,-6.035394857,0.1171134124,0.004877784512,0.2513747568
2,U_per_particle,dense@2dt_minus_dense@dt/4,103,16,0.04112033352,0.1187400672,0.0296850168,2.131449546,-0.02215178206,0.1043924491,False,0.1221019458,-5.687871613,0.1900947421,0.007229476386,0.2163149441
2,U_per_particle,dense@2dt_minus_dense@dt/4,104,16,-0.04397814007,0.1445547645,0.03613869112,2.131449546,-0.1210059368,0.0330496567,False,0.1467111166,-5.534317504,0.1322839723,-0.007946443268,-0.3324525208
2,U_per_particle,dense@2dt_minus_dense@dt/4,105,16,-0.02248803689,0.1150916129,0.02877290321,2.131449546,-0.08381602838,0.03883995459,False,0.1136833813,-5.660291683,0.1658977976,-0.003972946652,-0.135553559
2,U_per_particle,dense@dt_minus_dense@dt/4,101,16,0.0002709434151,0.09380964427,0.02345241107,2.131449546,-0.04971668749,0.05025857433,False,0.09083120159,-5.634585593,0.1645369043,4.808577501e-05,0.001646703008
2,U_per_particle,dense@dt_minus_dense@dt/4,102,16,-0.01221660626,0.08388559154,0.02097139789,2.131449546,-0.05691608275,0.03248287024,False,0.08213548811,-6.035394857,0.1171134124,-0.002024160233,-0.1043143224
2,U_per_particle,dense@dt_minus_dense@dt/4,103,16,0.0003237115032,0.1572150041,0.03930375101,2.131449546,-0.08345025073,0.08409767374,False,0.1522231173,-5.687871613,0.1900947421,5.691258966e-05,0.001702895617
2,U_per_particle,dense@dt_minus_dense@dt/4,104,16,-0.008291245573,0.1412344764,0.03530861911,2.131449546,-0.08354978573,0.06696729458,False,0.1370008157,-5.534317504,0.1322839723,-0.00149815141,-0.06267762772
2,U_per_particle,dense@dt_minus_dense@dt/4,105,16,-0.009020495919,0.1159209392,0.02898023481,2.131449546,-0.07079040423,0.05274941239,False,0.1126018627,-5.660291683,0.1658977976,-0.001593645067,-0.05437381357
2,U_per_particle,dense@dt/2_minus_dense@dt/4,101,16,-0.01893535433,0.1100137625,0.02750344063,2.131449546,-0.07755755036,0.0396868417,False,0.1081902784,-5.634585593,0.1645369043,-0.003360558469,-0.1150827191
2,U_per_particle,dense@dt/2_minus_dense@dt/4,102,16,0.0200652843,0.06832775917,0.01708193979,2.131449546,-0.01634400851,0.0564745771,False,0.06913396878,-6.035394857,0.1171134124,0.003324601749,0.171332078
2,U_per_particle,dense@dt/2_minus_dense@dt/4,103,16,0.02918121047,0.1098863649,0.02747159123,2.131449546,-0.02937310017,0.08773552112,False,0.1103261887,-5.687871613,0.1900947421,0.005130427066,0.1535087723
2,U_per_particle,dense@dt/2_minus_dense@dt/4,104,16,-0.005873142605,0.07279271339,0.01819817835,2.131449546,-0.04466164158,0.03291535637,False,0.07072552037,-5.534317504,0.1322839723,-0.001061222563,-0.04439799093
2,U_per_particle,dense@dt/2_minus_dense@dt/4,105,16,-0.01877662114,0.08965275676,0.02241318919,2.131449546,-0.06654920305,0.02899596077,False,0.08881344068,-5.660291683,0.1658977976,-0.003317253278,-0.113181859
2,U_per_particle,dense@2dt_minus_dense@dt,101,16,0.01890558545,0.1737199822,0.04342999556,2.131449546,-0.07366325884,0.1114744297,False,0.1692627805,-5.634585593,0.1645369043,0.003355275226,0.1149017938
2,U_per_particle,dense@2dt_minus_dense@dt,102,16,0.04165596181,0.09283558551,0.02320889638,2.131449546,-0.007812629827,0.09112455345,False,0.09907074352,-6.035394857,0.1171134124,0.006901944744,0.3556890793
2,U_per_particle,dense@2dt_minus_dense@dt,103,16,0.04079662201,0.1606219075,0.04015547689,2.131449546,-0.04479275095,0.126385995,False,0.1607833923,-5.687871613,0.1900947421,0.007172563797,0.2146120485
2,U_per_particle,dense@2dt_minus_dense@dt,104,16,-0.0356868945,0.1650470229,0.04126175573,2.131449546,-0.123634245,0.052260456,False,0.1637423028,-5.534317504,0.1322839723,-0.006448291858,-0.2697748931
2,U_per_particle,dense@2dt_minus_dense@dt,105,16,-0.01346754097,0.141817361,0.03545434025,2.131449546,-0.08903667838,0.06210159643,False,0.1379729259,-5.660291683,0.1658977976,-0.002379301585,-0.0811797454
2,U_per_particle,dense@dt_minus_dense@dt/2,101,16,0.01920629775,0.1246287275,0.03115718189,2.131449546,-0.04720366342,0.08561625892,False,0.1221901453,-5.634585593,0.1645369043,0.003408644244,0.1167294221
2,U_per_particle,dense@dt_minus_dense@dt/2,102,16,-0.03228189055,0.08674993,0.0216874825,2.131449546,-0.07850766527,0.01394388417,False,0.08998513163,-6.035394857,0.1171134124,-0.005348761981,-0.2756464004
2,U_per_particle,dense@dt_minus_dense@dt/2,103,16,-0.02885749897,0.1390796546,0.03476991365,2.131449546,-0.1029678156,0.04525281768,False,0.1377205819,-5.687871613,0.1900947421,-0.005073514476,-0.1518058767
2,U_per_particle,dense@dt_minus_dense@dt/2,104,16,-0.002418102968,0.121381194,0.0303452985,2.131449546,-0.06709757566,0.06226136973,False,0.1175517092,-5.534317504,0.1322839723,-0.0004369288473,-0.01827963679
2,U_per_particle,dense@dt_minus_dense@dt/2,105,16,0.009756125219,0.1003853676,0.02509634189,2.131449546,-0.0437354613,0.06324771174,False,0.09768611787,-5.660291683,0.1658977976,0.001723608211,0.05880804543
2,M4_velocity,fast_minus_dense@dt,101,16,-1.219939719e-05,3.935755783e-05,9.839389458e-06,2.131449546,-3.317155938e-05,8.772764998e-06,False,4.001286125e-05,7.435643965,1.104429512,-1.640664514e-06,-1.104588121e-05
2,M4_velocity,fast_minus_dense@dt,102,16,-1.859111422e-06,1.715812088e-05,4.28953022e-06,2.131449546,-1.100202866e-05,7.283805817e-06,False,1.671697754e-05,6.429117214,1.243996049,-2.891705596e-07,-1.494467305e-06
2,M4_velocity,fast_minus_dense@dt,103,16,-4.373438511e-06,2.168619931e-05,5.421549827e-06,2.131449546,-1.592919843e-05,7.182321405e-06,False,2.144819345e-05,7.935548836,1.486771751,-5.511198534e-07,-2.94156686e-06
2,M4_velocity,fast_minus_dense@dt,104,16,-2.193907251e-05,9.635438317e-05,2.408859579e-05,2.131449546,-7.328269907e-05,2.940455404e-05,False,9.583960357e-05,7.156861682,1.955464791,-3.065459902e-06,-1.121936463e-05
2,M4_velocity,fast_minus_dense@dt,105,16,3.05713378e-06,1.359343451e-05,3.398358626e-06,2.131449546,-4.18629617e-06,1.030056373e-05,False,1.351216812e-05,7.01844907,1.30937365,4.355853764e-07,2.334806249e-06
2,M4_velocity,dense@2dt_minus_dense@dt/4,101,16,-0.7478247035,1.303775648,0.325943912,2.131449546,-1.442557707,-0.05309170037,True,1.467253657,7.435643965,1.104429512,-0.1005729574,-0.6771140171
2,M4_velocity,dense@2dt_minus_dense@dt/4,102,16,-0.6897760798,1.446477029,0.3616192572,2.131449546,-1.460549281,0.08099712156,False,1.561191323,6.429117214,1.243996049,-0.1072893924,-0.5544841405
2,M4_velocity,dense@2dt_minus_dense@dt/4,103,16,-0.3227158162,1.716490007,0.4291225017,2.131449546,-1.237368777,0.5919371449,False,1.693026084,7.935548836,1.486771751,-0.04066710733,-0.2170580764
2,M4_velocity,dense@2dt_minus_dense@dt/4,104,16,0.7826820102,2.421318462,0.6053296154,2.131449546,-0.5075475235,2.072911544,False,2.471629074,7.156861682,1.955464791,0.1093610642,0.400253696
2,M4_velocity,dense@2dt_minus_dense@dt/4,105,16,0.1913935888,1.714272262,0.4285680655,2.131449546,-0.7220776197,1.104864797,False,1.670835213,7.01844907,1.30937365,0.02727006877,0.1461718653
2,M4_velocity,dense@dt_minus_dense@dt/4,101,16,0.0007057592418,1.280946238,0.3202365595,2.131449546,-0.6818623101,0.6832738286,False,1.240271063,7.435643965,1.104429512,9.491568519e-05,0.0006390260619
2,M4_velocity,dense@dt_minus_dense@dt/4,102,16,-0.2095288649,1.187479682,0.2968699204,2.131449546,-0.8422921219,0.423234392,False,1.168708086,6.429117214,1.243996049,-0.03259061205,-0.1684320985
2,M4_velocity,dense@dt_minus_dense@dt/4,103,16,0.1686376747,1.068005819,0.2670014547,2.131449546,-0.4004624546,0.737737804,False,1.047752508,7.935548836,1.486771751,0.02125091512,0.1134253961
2,M4_velocity,dense@dt_minus_dense@dt/4,104,16,0.4879873426,1.635923793,0.4089809483,2.131449546,-0.3837349138,1.359709599,False,1.657441669,7.156861682,1.955464791,0.06818454292,0.2495505645
2,M4_velocity,dense@dt_minus_dense@dt/4,105,16,-0.06472889117,1.560130809,0.3900327023,2.131449546,-0.8960639172,0.7666061349,False,1.511976343,7.01844907,1.30937365,-0.009222677336,-0.04943500365
2,M4_velocity,dense@dt/2_minus_dense@dt/4,101,16,-0.2365625773,1.312854746,0.3282136865,2.131449546,-0.9361334903,0.4630083357,False,1.292990802,7.435643965,1.104429512,-0.03181467246,-0.2141943643
2,M4_velocity,dense@dt/2_minus_dense@dt/4,102,16,-0.3865492624,1.222629287,0.3056573218,2.131449546,-1.038042422,0.2649438972,False,1.245317754,6.429117214,1.243996049,-0.06012478067,-0.3107319053
2,M4_velocity,dense@dt/2_minus_dense@dt/4,103,16,-0.05840442518,1.23471734,0.3086793349,2.131449546,-0.7163388534,0.599530003,False,1.196935693,7.935548836,1.486771751,-0.007359846985,-0.03928271111
2,M4_velocity,dense@dt/2_minus_dense@dt/4,104,16,0.7415399,1.683789682,0.4209474206,2.131449546,-0.1556882884,1.638768088,False,1.791042263,7.156861682,1.955464791,0.1036124398,0.3792141404
2,M4_velocity,dense@dt/2_minus_dense@dt/4,105,16,0.02569780956,1.421959939,0.3554899846,2.131449546,-0.7320111567,0.7834067758,False,1.377046591,7.01844907,1.30937365,0.003661465561,0.01962603231
2,M4_velocity,dense@2dt_minus_dense@dt,101,16,-0.7485304628,1.035736697,0.2589341743,2.131449546,-1.300435591,-0.1966253347,True,1.251399797,7.435643965,1.104429512,-0.1006678731,-0.6777530431
2,M4_velocity,dense@2dt_minus_dense@dt,102,16,-0.4802472149,1.485172548,0.371293137,2.131449546,-1.271639803,0.3111453734,False,1.516085846,6.429117214,1.243996049,-0.07469878039,-0.3860520421
2,M4_velocity,dense@2dt_minus_dense@dt,103,16,-0.491353491,1.680435781,0.4201089452,2.131449546,-1.386794511,0.4040875293,False,1.699647358,7.935548836,1.486771751,-0.06191802245,-0.3304834725
2,M4_velocity,dense@2dt_minus_dense@dt,104,16,0.2946946676,1.912562446,0.4781406115,2.131449546,-0.7244379215,1.313827257,False,1.875132425,7.156861682,1.955464791,0.04117652132,0.1507031315
2,M4_velocity,dense@2dt_minus_dense@dt,105,16,0.25612248,0.9933511888,0.2483377972,2.131449546,-0.273197005,0.7854419649,False,0.9953259001,7.01844907,1.30937365,0.03649274611,0.195606869
2,M4_velocity,dense@dt_minus_dense@dt/2,101,16,0.2372683365,0.8675302228,0.2168825557,2.131449546,-0.2250058883,0.6995425613,False,0.8728498772,7.435643965,1.104429512,0.03190958814,0.2148333904
2,M4_velocity,dense@dt_minus_dense@dt/2,102,16,0.1770203974,1.309398821,0.3273497053,2.131449546,-0.5207089831,0.874749778,False,1.280118613,6.429117214,1.243996049,0.02753416862,0.1422998069
2,M4_velocity,dense@dt_minus_dense@dt/2,103,16,0.2270420999,1.194319157,0.2985797893,2.131449546,-0.4093656564,0.8634498562,False,1.178472093,7.935548836,1.486771751,0.0286107621,0.1527081072
2,M4_velocity,dense@dt_minus_dense@dt/2,104,16,-0.2535525574,1.381253216,0.345313304,2.131449546,-0.9895704423,0.4824653274,False,1.361215658,7.156861682,1.955464791,-0.03542789685,-0.1296635759
2,M4_velocity,dense@dt_minus_dense@dt/2,105,16,-0.09042670072,1.481686713,0.3704216782,2.131449546,-0.8799618184,0.699108417,False,1.437484012,7.01844907,1.30937365,-0.0128841429,-0.06906103596
2,MSD,fast_minus_dense@dt,101,16,6.424281481e-08,3.522835819e-07,8.807089548e-08,2.131449546,-1.234758553e-07,2.51961485e-07,False,3.470941929e-07,0.3522811255,0.04544037617,1.823623525e-07,1.413782636e-06
2,MSD,fast_minus_dense@dt,102,16,-8.730200115e-09,9.536386353e-08,2.384096588e-08,2.131449546,-5.954601601e-08,4.208561578e-08,False,9.27474593e-08,0.2679957518,0.05238732805,-3.257588994e-08,-1.666471729e-07
2,MSD,fast_minus_dense@dt,103,16,1.41254289e-08,1.717153255e-07,4.292883137e-08,2.131449546,-7.737520921e-08,1.05626067e-07,False,1.668616079e-07,0.318133152,0.06755641195,4.440099629e-08,2.090908693e-07
2,MSD,fast_minus_dense@dt,104,16,-1.605258564e-07,5.284301807e-07,1.321075452e-07,2.131449546,-4.421064235e-07,1.210547108e-07,False,5.362411798e-07,0.3527174401,0.05449456686,-4.55111764e-07,-2.945722218e-06
2,MSD,fast_minus_dense@dt,105,16,1.245130261e-07,2.186708977e-07,5.466772443e-08,2.131449546,7.991529674e-09,2.410345225e-07,True,2.45625518e-07,0.3363203642,0.07550144129,3.702214892e-07,1.649147671e-06
2,MSD,dense@2dt_minus_dense@dt/4,101,16,-0.01037967259,0.03254969587,0.008137423966,2.131449546,-0.0277241812,0.006964836026,False,0.03318135975,0.3522811255,0.04544037617,-0.02946417459,-0.2284240022
2,MSD,dense@2dt_minus_dense@dt/4,102,16,0.001123466955,0.03234795142,0.008086987855,2.131449546,-0.01611353963,0.01836047354,False,0.03134091202,0.2679957518,0.05238732805,0.004192107327,0.02144539523
2,MSD,dense@2dt_minus_dense@dt/4,103,16,-0.007135727837,0.03426368946,0.008565922364,2.131449546,-0.02539355917,0.01112210349,False,0.03393440733,0.318133152,0.06755641195,-0.02243000389,-0.1056262112
2,MSD,dense@2dt_minus_dense@dt/4,104,16,-0.004535808531,0.04776026533,0.01194006633,2.131449546,-0.02998545749,0.02091384043,False,0.04646559285,0.3527174401,0.05449456686,-0.01285960946,-0.08323414226
2,MSD,dense@2dt_minus_dense@dt/4,105,16,0.01114522045,0.03474201313,0.008685503283,2.131449546,-0.007367491577,0.02965793247,False,0.0354370632,0.3363203642,0.07550144129,0.03313870237,0.1476159959
2,MSD,dense@dt_minus_dense@dt/4,101,16,0.005179197508,0.02652177704,0.00663044426,2.131449546,-0.008953259897,0.01931165491,False,0.02619667828,0.3522811255,0.04544037617,0.01470188759,0.1139778748
2,MSD,dense@dt_minus_dense@dt/4,102,16,-0.004096624903,0.02304760752,0.00576190188,2.131449546,-0.01637782805,0.00818457824,False,0.02268865432,0.2679957518,0.05238732805,-0.01528615613,-0.07819877547
2,MSD,dense@dt_minus_dense@dt/4,103,16,-0.004788299988,0.02020460197,0.005051150493,2.131449546,-0.01555457241,0.005977972435,False,0.02014049742,0.318133152,0.06755641195,-0.01505124492,-0.07087854209
2,MSD,dense@dt_minus_dense@dt/4,104,16,0.01052681451,0.04465100357,0.01116275089,2.131449546,-0.01326602581,0.03431965482,False,0.04449628002,0.3527174401,0.05449456686,0.02984489371,0.1931718172
2,MSD,dense@dt_minus_dense@dt/4,105,16,0.02259103074,0.03948516433,0.009871291084,2.131449546,0.001550871851,0.04363118964,True,0.04440709949,0.3363203642,0.07550144129,0.06717116521,0.2992132383
2,MSD,dense@dt/2_minus_dense@dt/4,101,16,0.003525293375,0.01887084357,0.004717710891,2.131449546,-0.00653026936,0.01358085611,False,0.01860859033,0.3522811255,0.04544037617,0.01000704585,0.07758063802
2,MSD,dense@dt/2_minus_dense@dt/4,102,16,0.002150186827,0.01372422404,0.00343105601,2.131449546,-0.005162935947,0.009463309602,False,0.01346125862,0.2679957518,0.05238732805,0.008023212356,0.04104402548
2,MSD,dense@dt/2_minus_dense@dt/4,103,16,0.00517260236,0.02056856573,0.005142141433,2.131449546,-0.00578761266,0.01613281738,False,0.0205762021,0.318133152,0.06755641195,0.01625923714,0.0765671564
2,MSD,dense@dt/2_minus_dense@dt/4,104,16,0.001581860625,0.02521818903,0.006304547259,2.131449546,-0.01185596376,0.01501968501,False,0.02446859263,0.3527174401,0.05449456686,0.004484781428,0.0290278594
2,MSD,dense@dt/2_minus_dense@dt/4,105,16,0.01112281176,0.02484099054,0.006210247635,2.131449546,-0.00211401774,0.02435964126,False,0.02649952031,0.3363203642,0.07550144129,0.03307207337,0.1473191977
2,MSD,dense@2dt_minus_dense@dt,101,16,-0.0155588701,0.03307101386,0.008267753464,2.131449546,-0.03318116946,0.002063429266,False,0.03560076753,0.3522811255,0.04544037617,-0.04416606219,-0.3424018771
2,MSD,dense@2dt_minus_dense@dt,102,16,0.005220091858,0.03848340547,0.009620851368,2.131449546,-0.01528626742,0.02572645113,False,0.03762527176,0.2679957518,0.05238732805,0.01947826345,0.0996441707
2,MSD,dense@2dt_minus_dense@dt,103,16,-0.002347427849,0.03220086597,0.008050216493,2.131449546,-0.01950605813,0.01481120244,False,0.03126659881,0.318133152,0.06755641195,-0.00737875897,-0.03474766911
2,MSD,dense@2dt_minus_dense@dt,104,16,-0.01506262304,0.04198881423,0.01049720356,2.131449546,-0.03743688279,0.007311636713,False,0.04335610512,0.3527174401,0.05449456686,-0.04270450317,-0.2764059595
2,MSD,dense@2dt_minus_dense@dt,105,16,-0.0114458103,0.05390447629,0.01347611907,2.131449546,-0.04016947817,0.01727785758,False,0.05343307358,0.3363203642,0.07550144129,-0.03403246284,-0.1515972424
2,MSD,dense@dt_minus_dense@dt/2,101,16,0.001653904133,0.02661402176,0.006653505441,2.131449546,-0.01252770701,0.01583551528,False,0.02582193677,0.3522811255,0.04544037617,0.004694841742,0.03639723682
2,MSD,dense@dt_minus_dense@dt/2,102,16,-0.006246811731,0.0173748733,0.004343718324,2.131449546,-0.01550522818,0.003011604716,False,0.01794550055,0.2679957518,0.05238732805,-0.02330936848,-0.119242801
2,MSD,dense@dt_minus_dense@dt/2,103,16,-0.009960902348,0.02959086157,0.007397715394,2.131449546,-0.02572875946,0.005806954766,False,0.03033335575,0.318133152,0.06755641195,-0.03131048206,-0.1474456985
2,MSD,dense@dt_minus_dense@dt/2,104,16,0.008944953884,0.03967849612,0.009919624031,2.131449546,-0.01219822425,0.03008813202,False,0.03944611912,0.3527174401,0.05449456686,0.02536011228,0.1641439578
2,MSD,dense@dt_minus_dense@dt/2,105,16,0.01146821899,0.02801791545,0.007004478862,2.131449546,-0.003461474302,0.02639791227,False,0.02945268933,0.3363203642,0.07550144129,0.03409909184,0.1518940406
