t,observable,fast_dense_mean,fast_dense_ci_low,fast_dense_ci_high,fast_dense_abs_ci_bound,time_error_dt_mean,time_error_dt_ci_low,time_error_dt_ci_high,time_error_resolved,fast_dense_bound_below_abs_time_error,rms_pathwise_fast_dense_max_state,rms_pathwise_time_error_dt_min_state
0.5,KE_per_particle,-4.252298763e-09,-8.724904714e-08,7.874444961e-08,8.724904714e-08,0.0001385742658,-0.06513700528,0.06541415381,False,time error not resolved,1.271507613e-08,0.005485026861
0.5,U_per_particle,-2.624492179e-09,-9.245231125e-08,8.720332689e-08,9.245231125e-08,-0.002119511227,-0.0086014437,0.004362421246,False,time error not resolved,1.268093653e-08,0.001616606327
0.5,M4_velocity,-1.471033784e-08,-7.283140237e-07,6.988933481e-07,7.283140237e-07,-0.00770327475,-0.4645560683,0.4491495188,False,time error not resolved,1.021620039e-07,0.03691004896
0.5,MSD,1.842207997e-09,-1.517830364e-09,5.202246358e-09,5.202246358e-09,-0.000320605504,-0.005528689953,0.004887478945,False,time error not resolved,2.119932128e-09,0.000295684003
1,KE_per_particle,-6.743061137e-08,-5.764693483e-07,4.416081255e-07,5.764693483e-07,0.01274435869,-0.0963779167,0.1218666341,False,time error not resolved,1.154582861e-07,0.007792933008
1,U_per_particle,8.624530734e-08,-6.097133138e-07,7.822039285e-07,7.822039285e-07,-0.02028478456,-0.1778001513,0.1372305822,False,time error not resolved,1.569365463e-07,0.01835271479
1,M4_velocity,-1.197342471e-06,-3.756377908e-06,1.361692967e-06,3.756377908e-06,0.249834994,-1.822785615,2.322455603,False,time error not resolved,2.147613423e-06,0.09462308043
1,MSD,1.187446049e-08,3.773435847e-09,1.997548514e-08,1.997548514e-08,-0.0008548549645,-0.01197900687,0.01026929694,False,time error not resolved,1.334497578e-08,0.0002898824302
2,KE_per_particle,-1.937814762e-06,-1.2150829e-05,8.275199475e-06,1.2150829e-05,0.0005159323039,-0.4296410902,0.4306729549,False,time error not resolved,3.2112497e-06,0.05156705804
2,U_per_particle,2.625779987e-06,-2.541270586e-05,3.066426584e-05,3.066426584e-05,-0.03913679736,-0.04421632648,-0.03405726823,True,True,6.438683312e-06,0.0428044629
2,M4_velocity,-2.671008971e-05,-0.0001310768297,7.765665029e-05,0.0001310768297,-0.6121173876,-1.971615719,0.7473809433,False,time error not resolved,4.423032781e-05,0.505317439
2,MSD,1.991169214e-08,-1.721813543e-06,1.761636927e-06,1.761636927e-06,0.001508552226,-0.1403812515,0.143398356,False,time error not resolved,2.748920308e-07,0.01271202692
