state,path,method,dt,t,KE_per_particle,U_per_particle,M4_velocity,MSD
101,0,dense,0.00125,0.5,1.0167666165,-5.62277588184,6.8306123928,0.112854139024
101,0,dense,0.00125,1,1.01929556402,-5.40808956157,6.60312476893,0.226180260517
101,0,dense,0.00125,2,1.18118433763,-5.47985138998,9.47259414599,0.381494799118
101,0,dense,0.0025,0.5,1.01418354694,-5.62546395714,6.81045141057,0.112299172615
101,0,dense,0.0025,1,1.0165062976,-5.42051896855,6.57888913762,0.225322264125
101,0,dense,0.0025,2,1.04913613697,-5.44382809227,7.01391660039,0.369983855428
101,0,dense,0.005,0.5,1.00876266792,-5.62627335641,6.7121319877,0.111920334747
101,0,dense,0.005,1,1.02305280413,-5.39219151363,6.49583855608,0.226490042367
101,0,dense,0.005,2,1.16664131505,-5.53579167631,8.15262283922,0.393207631487
101,0,dense,0.01,0.5,1.00456521862,-5.61057067434,6.627024185,0.111073299244
101,0,dense,0.01,1,0.9990521105,-5.4257599151,6.51198497498,0.22785744157
101,0,dense,0.01,2,1.02511131991,-5.40780932489,6.70854848579,0.350064128202
101,0,fast,0.005,0.5,1.00876267471,-5.62627336937,6.71213202774,0.111920336865
101,0,fast,0.005,1,1.02305265449,-5.39219130374,6.49583746127,0.226490052214
101,0,fast,0.005,2,1.16664061513,-5.53579071085,8.15261398393,0.39320756282
101,1,dense,0.00125,0.5,1.12285516175,-5.38956420423,8.5011451488,0.101599919309
101,1,dense,0.00125,1,0.901402966964,-5.28932214085,5.32640798031,0.24491601903
101,1,dense,0.00125,2,0.951342096465,-5.57963920991,6.27352231113,0.439597250345
101,1,dense,0.0025,0.5,1.12087166847,-5.38886805684,8.47523892564,0.10143585068
101,1,dense,0.0025,1,0.899691070048,-5.26066689423,5.49718280731,0.240259975115
101,1,dense,0.0025,2,0.986558363585,-5.49500024943,6.43465369556,0.460297303215
101,1,dense,0.005,0.5,1.12086165981,-5.39132603042,8.53230881516,0.101072742306
101,1,dense,0.005,1,0.940310662882,-5.37058321434,6.25960174024,0.244647506735
101,1,dense,0.005,2,1.03462516741,-5.60277205352,6.15526916459,0.453235461903
101,1,dense,0.01,0.5,1.12286820512,-5.39996536297,8.55066284181,0.100868238865
101,1,dense,0.01,1,1.07537847975,-5.47945335588,7.57222030336,0.23788403125
101,1,dense,0.01,2,0.933840190626,-5.37174885004,5.20171244243,0.451896374213
101,1,fast,0.005,0.5,1.12086165758,-5.39132603684,8.53230885802,0.101072743345
101,1,fast,0.005,1,0.940310597531,-5.37058314219,6.25960084316,0.244647519362
101,1,fast,0.005,2,1.03462359925,-5.60277218077,6.15524102738,0.453235844547
101,2,dense,0.00125,0.5,1.04301407073,-5.64473345526,8.00532934132,0.0998416150084
101,2,dense,0.00125,1,0.917035688071,-5.5544163799,5.59681908319,0.213718883904
101,2,dense,0.00125,2,1.03665033211,-5.69464609518,6.65967644362,0.336595646319
101,2,dense,0.0025,0.5,1.04270439046,-5.64199711601,8.0206700444,0.099766620178
101,2,dense,0.0025,1,0.913222547221,-5.55735288388,5.50088498697,0.214545449313
101,2,dense,0.0025,2,1.02361779877,-5.70752226724,6.47304368622,0.335296807951
101,2,dense,0.005,0.5,1.03722270086,-5.63763849126,7.73870807682,0.099742724142
101,2,dense,0.005,1,0.895426122892,-5.55529053169,5.37086534688,0.213114159712
101,2,dense,0.005,2,1.09340678697,-5.85688169634,7.86658539485,0.343405550955
101,2,dense,0.01,0.5,1.03481520441,-5.63533190818,7.43871738473,0.0991606214778
101,2,dense,0.01,1,0.916527702149,-5.55868314797,5.74781507081,0.209451727268
101,2,dense,0.01,2,0.959227423574,-5.6192230815,5.45040742964,0.382411511388
101,2,fast,0.005,0.5,1.03722268986,-5.63763848723,7.73870795066,0.0997427254078
101,2,fast,0.005,1,0.895426109175,-5.55529050962,5.37086498967,0.213114156054
101,2,fast,0.005,2,1.09340683042,-5.85688159345,7.86658012999,0.3434054618
101,3,dense,0.00125,0.5,1.02603642536,-5.32962873698,7.11152388559,0.11843622766
101,3,dense,0.00125,1,1.24065696066,-5.57478932048,10.8224126303,0.184291602
101,3,dense,0.00125,2,1.12737222018,-5.63920784467,8.34804185256,0.33065987427
101,3,dense,0.0025,0.5,1.02154305,-5.32851394265,7.10384036456,0.118909697257
101,3,dense,0.0025,1,1.22919154482,-5.5661680157,10.9022980784,0.186003068943
101,3,dense,0.0025,2,1.11907285282,-5.55860321118,8.25614370911,0.355169887698
101,3,dense,0.005,0.5,1.02670963857,-5.33532166923,7.14117157586,0.11864063975
101,3,dense,0.005,1,1.25068639503,-5.58260584895,10.6222566153,0.180462741043
101,3,dense,0.005,2,1.12269282716,-5.77633727532,7.99980943532,0.328207113001
101,3,dense,0.01,0.5,1.03120878044,-5.3204591157,7.12133215626,0.119088820907
101,3,dense,0.01,1,1.23553230255,-5.56872414976,10.2212916346,0.178245263865
101,3,dense,0.01,2,0.966930099395,-5.61933643739,6.43728523101,0.330144148534
101,3,fast,0.005,0.5,1.02670965846,-5.33532168915,7.14117182244,0.118640642967
101,3,fast,0.005,1,1.25068647413,-5.58260594587,10.6222555425,0.180462730674
101,3,fast,0.005,2,1.12269118659,-5.77633738625,7.99977350719,0.328207160069
101,4,dense,0.00125,0.5,1.06211273513,-5.66641871924,7.57557106394,0.0907392277691
101,4,dense,0.00125,1,1.36329112769,-5.56728797805,11.7240858718,0.179843618792
101,4,dense,0.00125,2,0.912773328766,-5.7968403402,5.60358605354,0.322739396195
101,4,dense,0.0025,0.5,1.06230307436,-5.66763220114,7.58694528788,0.0907777134239
101,4,dense,0.0025,1,1.35345578435,-5.54468762662,11.5434041073,0.179632368566
101,4,dense,0.0025,2,0.950252304031,-5.80614846092,5.27178882345,0.348976695311
101,4,dense,0.005,0.5,1.06564483672,-5.66245661493,7.56053488814,0.0906162684449
101,4,dense,0.005,1,1.34877960306,-5.58081816864,11.3987148481,0.179719630438
101,4,dense,0.005,2,0.929208597858,-5.80642868905,5.42470622201,0.304615220307
101,4,dense,0.01,0.5,1.06807270487,-5.6672181461,7.64152162553,0.0908680935465
101,4,dense,0.01,1,1.34385531059,-5.55601675179,11.2813703242,0.178139517422
101,4,dense,0.01,2,0.920748286166,-5.5818333085,5.49706645016,0.28681623192
101,4,fast,0.005,0.5,1.06564486032,-5.66245662524,7.56053518074,0.0906162717502
101,4,fast,0.005,1,1.34877961311,-5.58081811382,11.3987154219,0.179719636254
101,4,fast,0.005,2,0.929209975561,-5.80643025991,5.42471039699,0.304615194057
101,5,dense,0.00125,0.5,0.8903338164,-5.60429742049,5.31376527804,0.134894319663
101,5,dense,0.00125,1,0.997962319816,-5.55715097008,6.18354784672,0.196353072934
101,5,dense,0.00125,2,1.09199980723,-5.39858272498,6.96942876148,0.348600578046
101,5,dense,0.0025,0.5,0.889511764338,-5.5960779793,5.31032624416,0.135078993138
101,5,dense,0.0025,1,0.977367077236,-5.53269592498,6.01628792234,0.196571348518
101,5,dense,0.0025,2,1.23367687367,-5.63480775187,8.2710197669,0.332321893798
101,5,dense,0.005,0.5,0.890638293264,-5.59377018469,5.32265562057,0.135355822119
101,5,dense,0.005,1,0.967007959903,-5.53165753216,5.84546426076,0.196232271354
101,5,dense,0.005,2,1.14947626853,-5.51763140533,7.98646428577,0.374970111925
101,5,dense,0.01,0.5,0.898150918051,-5.60150503573,5.32144833062,0.135267901205
101,5,dense,0.01,1,0.926807265817,-5.52427335393,5.49978367124,0.1947690648
101,5,dense,0.01,2,1.05909583941,-5.47853690989,7.03675850062,0.293196693846
101,5,fast,0.005,0.5,0.890638291693,-5.5937701579,5.32265557685,0.135355827009
101,5,fast,0.005,1,0.967007953593,-5.53165754096,5.8454644037,0.196232278183
101,5,fast,0.005,2,1.14947768751,-5.51763251326,7.98650469208,0.374970439685
101,6,dense,0.00125,0.5,1.11692503836,-5.45631112441,10.4440907045,0.099641969114
101,6,dense,0.00125,1,0.906904634618,-5.58928726507,4.97622937157,0.204435284452
101,6,dense,0.00125,2,1.10506520869,-5.52844734167,7.64771384653,0.430869214412
101,6,dense,0.0025,0.5,1.11840325256,-5.45672591197,10.4427349321,0.0993366329433
101,6,dense,0.0025,1,0.922781314238,-5.5786422586,5.12260882658,0.204169833822
101,6,dense,0.0025,2,1.20140836192,-5.48938055415,9.11021915788,0.40826883518
101,6,dense,0.005,0.5,1.11625277651,-5.45247165108,10.5477178335,0.0992536708546
101,6,dense,0.005,1,0.911632851873,-5.55772816479,4.96419912982,0.201143647875
101,6,dense,0.005,2,1.14640152788,-5.5534608598,8.38188457977,0.370207010107
101,6,dense,0.01,0.5,1.10770794329,-5.45397367307,10.5232429204,0.0999588651092
101,6,dense,0.01,1,0.890770165409,-5.53338650014,4.8737041487,0.196949429555
101,6,dense,0.01,2,1.14915905814,-5.55967034025,8.40989762469,0.36166884178
101,6,fast,0.005,0.5,1.11625278056,-5.45247165821,10.5477180413,0.0992536737024
101,6,fast,0.005,1,0.911632924381,-5.55772817331,4.96420082233,0.201143658843
101,6,fast,0.005,2,1.14640155378,-5.5534606685,8.38188659471,0.370207000295
101,7,dense,0.00125,0.5,0.925470222806,-5.59012989003,5.53260560151,0.0915842055328
101,7,dense,0.00125,1,1.12296194462,-5.67212820028,8.32914754665,0.168676095778
101,7,dense,0.00125,2,1.11776462689,-5.84234782682,9.69486110445,0.323617759209
101,7,dense,0.0025,0.5,0.925340715772,-5.59225065849,5.53248428395,0.0914638694543
101,7,dense,0.0025,1,1.12830553818,-5.67234932786,8.31654341345,0.168441944746
101,7,dense,0.0025,2,0.926912530386,-5.68534073908,6.80009370712,0.314674089282
101,7,dense,0.005,0.5,0.920815726275,-5.59433616581,5.48370075017,0.0912449669004
101,7,dense,0.005,1,1.10781254261,-5.68784666807,7.91740036004,0.167055719937
101,7,dense,0.005,2,1.06818815059,-5.74924639826,7.26045260252,0.342319109458
101,7,dense,0.01,0.5,0.918109370211,-5.60105472754,5.40716975926,0.0906032325668
101,7,dense,0.01,1,1.03868107473,-5.6029138907,7.14979539477,0.173625665931
101,7,dense,0.01,2,1.02759440439,-5.60230678556,6.53914755749,0.315736556522
101,7,fast,0.005,0.5,0.92081570862,-5.59433617296,5.48370047447,0.0912449675911
101,7,fast,0.005,1,1.1078125767,-5.68784673077,7.91740033986,0.167055723338
101,7,fast,0.005,2,1.06818894796,-5.74924655173,7.2604603303,0.342319137683
101,8,dense,0.00125,0.5,1.12327471899,-5.59518822686,7.69128068485,0.106687827503
101,8,dense,0.00125,1,0.898106551317,-5.6161169451,5.49917874539,0.188666798162
101,8,dense,0.00125,2,1.04028165035,-5.76107064623,7.17962392638,0.282461496919
101,8,dense,0.0025,0.5,1.12465554598,-5.6022547425,7.72682765776,0.1064003575
101,8,dense,0.0025,1,0.911870839443,-5.63797739225,5.65873149111,0.18932285686
101,8,dense,0.0025,2,1.0551301066,-5.70875275436,6.43519221036,0.286818512506
101,8,dense,0.005,0.5,1.12974795237,-5.60574614923,7.79326532825,0.106561434849
101,8,dense,0.005,1,0.888068834897,-5.60624409817,5.52641474925,0.186352423906
101,8,dense,0.005,2,0.923473543187,-5.6140012783,5.40466963021,0.286372652599
101,8,dense,0.01,0.5,1.12190631576,-5.60162348517,7.78388587083,0.105871570329
101,8,dense,0.01,1,0.909287339463,-5.58525748566,5.47260182431,0.184475739768
101,8,dense,0.01,2,0.946672894372,-5.81166387451,5.58640596175,0.253344617011
101,8,fast,0.005,0.5,1.12974795856,-5.60574616915,7.79326531628,0.106561439241
101,8,fast,0.005,1,0.888068848668,-5.6062441235,5.52641425734,0.186352418543
101,8,fast,0.005,2,0.923465871308,-5.61400565804,5.40453146858,0.286373556799
101,9,dense,0.00125,0.5,0.982852042895,-5.54985293774,7.80338428042,0.125510939925
101,9,dense,0.00125,1,1.08264198626,-5.8502796503,8.29860272863,0.216315626976
101,9,dense,0.00125,2,1.03041880699,-5.58256084338,7.45421525808,0.307901877836
101,9,dense,0.0025,0.5,0.987220991941,-5.554359107,7.83562556578,0.125598636057
101,9,dense,0.0025,1,1.08589283615,-5.85469856408,8.33737356795,0.214697788889
101,9,dense,0.0025,2,1.02807914198,-5.63611171319,6.80866848409,0.302894093781
101,9,dense,0.005,0.5,0.986643483404,-5.54347965048,7.79163788807,0.124956091015
101,9,dense,0.005,1,1.05690220648,-5.83635168224,7.95714758068,0.213199532293
101,9,dense,0.005,2,1.06024509253,-5.55070005518,6.71527004402,0.345068633666
101,9,dense,0.01,0.5,0.984875464759,-5.53630311695,7.60949975737,0.124805417591
101,9,dense,0.01,1,0.992946992647,-5.84799992951,7.05876818224,0.213069703702
101,9,dense,0.01,2,0.966566340379,-5.69087614792,5.96935024743,0.309805639415
101,9,fast,0.005,0.5,0.986643476623,-5.54347966074,7.79163788046,0.124956093394
101,9,fast,0.005,1,1.05690228811,-5.83635174695,7.95714880494,0.213199537017
101,9,fast,0.005,2,1.06024357189,-5.55069836591,6.71524404851,0.345068495174
101,10,dense,0.00125,0.5,1.03871236896,-5.59825777736,7.13655272372,0.0917616915509
101,10,dense,0.00125,1,1.04384356792,-5.41249315631,7.70860123709,0.178714374294
101,10,dense,0.00125,2,1.07761673536,-5.25991503887,7.82156155958,0.352988465534
101,10,dense,0.0025,0.5,1.03620608306,-5.59757943021,7.12490052273,0.0917425350474
101,10,dense,0.0025,1,1.04940137265,-5.39851887316,7.73156764681,0.178945287015
101,10,dense,0.0025,2,1.09674498878,-5.44493184503,7.74124213407,0.33887075078
101,10,dense,0.005,0.5,1.03396373051,-5.60043183249,7.13107366829,0.0919813650065
101,10,dense,0.005,1,1.06706213602,-5.41823374573,7.86063278851,0.173861921062
101,10,dense,0.005,2,1.05150147915,-5.28766069151,7.69530783194,0.318088193013
101,10,dense,0.01,0.5,1.03803111291,-5.59422897859,7.14493803054,0.0918188578934
101,10,dense,0.01,1,1.07159182241,-5.46923276681,7.86545701299,0.17708952547
101,10,dense,0.01,2,1.02493105659,-5.51420052469,6.52899241685,0.352155966439
101,10,fast,0.005,0.5,1.03396372158,-5.600431814,7.13107355405,0.0919813663402
101,10,fast,0.005,1,1.06706214034,-5.41823372331,7.86063400576,0.173861923425
101,10,fast,0.005,2,1.05150112904,-5.28765947456,7.69532414081,0.318088134074
101,11,dense,0.00125,0.5,0.861646033208,-5.51663761403,4.8893320125,0.111675026619
101,11,dense,0.00125,1,1.03776082738,-5.79879338029,6.98336956785,0.179948624828
101,11,dense,0.00125,2,1.08910915698,-5.85498773066,7.33422971393,0.268624559615
101,11,dense,0.0025,0.5,0.856496140935,-5.51410777923,4.83493049817,0.111854042316
101,11,dense,0.0025,1,1.03721977362,-5.7929411922,7.01719600573,0.180782557582
101,11,dense,0.0025,2,1.0750432612,-5.95719866142,6.68679369985,0.309372233296
101,11,dense,0.005,0.5,0.855133751759,-5.50031705647,4.79624015245,0.111608970841
101,11,dense,0.005,1,1.03708536825,-5.79016372824,6.99105134471,0.179162451428
101,11,dense,0.005,2,1.08820804025,-5.73960368591,7.54682375162,0.297420533895
101,11,dense,0.01,0.5,0.832157335512,-5.50369065074,4.54075617253,0.111393657826
101,11,dense,0.01,1,1.05711800075,-5.85175932509,7.16202951742,0.179575348748
101,11,dense,0.01,2,1.10182160728,-5.99623705796,8.54373645816,0.31705974702
101,11,fast,0.005,0.5,0.855133732954,-5.50031705269,4.7962399579,0.111608972057
101,11,fast,0.005,1,1.0370853499,-5.79016363182,6.9910509203,0.179162457514
101,11,fast,0.005,2,1.08820690677,-5.73960442345,7.54681737908,0.297420512644
101,12,dense,0.00125,0.5,1.07272234409,-5.51436193554,6.89072436051,0.0896191184677
101,12,dense,0.00125,1,1.03488855947,-5.48361745416,6.67353146866,0.175026891294
101,12,dense,0.00125,2,0.853713354503,-5.54481442261,5.31044759468,0.413938351133
101,12,dense,0.0025,0.5,1.07636775385,-5.51253169605,6.93086291954,0.0898632069125
101,12,dense,0.0025,1,1.03723428064,-5.47709130272,6.67352385582,0.175091270815
101,12,dense,0.0025,2,0.928407762092,-5.58430027034,6.19168948108,0.408898012361
101,12,dense,0.005,0.5,1.077468422,-5.50745297112,6.9508123316,0.0894083388152
101,12,dense,0.005,1,1.04933949277,-5.47358134851,6.64944737354,0.174488664616
101,12,dense,0.005,2,0.989390656289,-5.54616704368,6.80740511932,0.397277301773
101,12,dense,0.01,0.5,1.07925952749,-5.50055755123,7.0028574817,0.089572296756
101,12,dense,0.01,1,1.04887030675,-5.43561024334,6.83930818265,0.175655914959
101,12,dense,0.01,2,0.998272850596,-5.66888725908,6.67254111951,0.393001687827
101,12,fast,0.005,0.5,1.07746842769,-5.50745298381,6.95081237442,0.0894083408653
101,12,fast,0.005,1,1.04933948099,-5.47358135091,6.64944705145,0.174488661635
101,12,fast,0.005,2,0.989388688849,-5.54616511973,6.80737848551,0.39727770644
101,13,dense,0.00125,0.5,1.03297977705,-5.47582282824,6.93393543512,0.0987941802449
101,13,dense,0.00125,1,0.954262542963,-5.53968132687,6.22477632788,0.189266759773
101,13,dense,0.00125,2,1.15949487819,-6.02902693626,9.47593011286,0.323518347551
101,13,dense,0.0025,0.5,1.03465515439,-5.47545278439,6.92552417885,0.098797534988
101,13,dense,0.0025,1,0.919850279568,-5.53397006064,5.75904860165,0.189801748072
101,13,dense,0.0025,2,1.06745759779,-5.91794238309,7.63518951776,0.341924803774
101,13,dense,0.005,0.5,1.0296105838,-5.47500644884,6.83850338021,0.0992384767046
101,13,dense,0.005,1,0.955675148235,-5.51479329399,6.02243181476,0.193517115697
101,13,dense,0.005,2,1.15289279298,-5.89252093453,8.93955314517,0.35616563518
101,13,dense,0.01,0.5,1.01014681734,-5.46005961158,6.51907351023,0.100442652924
101,13,dense,0.01,1,0.937745180668,-5.51907938398,5.35997924384,0.203906158914
101,13,dense,0.01,2,1.18879088995,-6.01637013377,9.37345114596,0.285958793252
101,13,fast,0.005,0.5,1.02961058577,-5.47500645208,6.83850335815,0.0992384783733
101,13,fast,0.005,1,0.95567513483,-5.51479342352,6.02243266197,0.193517112641
101,13,fast,0.005,2,1.15289318324,-5.89252165949,8.93954373983,0.356165507573
101,14,dense,0.00125,0.5,0.990485619863,-5.54040638924,5.88401380658,0.100466896094
101,14,dense,0.00125,1,1.01783716634,-5.77880222111,6.99910470672,0.18117691915
101,14,dense,0.00125,2,0.988524664856,-5.76421607349,6.43888820881,0.305834991778
101,14,dense,0.0025,0.5,0.993880499152,-5.54356566058,5.92527412059,0.100301422998
101,14,dense,0.0025,1,0.994357180051,-5.74945702021,6.79258270662,0.179439989092
101,14,dense,0.0025,2,1.04947612055,-5.85957199955,7.47325763429,0.292442863589
101,14,dense,0.005,0.5,0.993763939152,-5.53282668161,5.91722372868,0.100022575013
101,14,dense,0.005,1,1.03877597997,-5.78513001839,7.09763731055,0.182135341053
101,14,dense,0.005,2,1.12012731851,-5.70201114953,9.16321825021,0.316081149643
101,14,dense,0.01,0.5,0.994954724271,-5.54638313171,5.97832649017,0.0993776199465
101,14,dense,0.01,1,1.0196387946,-5.78131783007,7.29509959515,0.182682520967
101,14,dense,0.01,2,1.00790973544,-5.64674409582,6.19486669448,0.309998335078
101,14,fast,0.005,0.5,0.993763953736,-5.53282670335,5.91722390646,0.100022577085
101,14,fast,0.005,1,1.03877565012,-5.78512961621,7.09763498501,0.182135320228
101,14,fast,0.005,2,1.12012826174,-5.70201824381,9.16324596284,0.316080387412
101,15,dense,0.00125,0.5,1.01969681027,-5.53405755405,7.90789829591,0.0934954670648
101,15,dense,0.00125,1,0.950138011187,-5.45929865776,7.29230431116,0.216463048493
101,15,dense,0.00125,2,1.113297956,-5.40155011043,7.27469040604,0.384188239939
101,15,dense,0.0025,0.5,1.01822942844,-5.53382004203,7.87074342992,0.0936893036643
101,15,dense,0.0025,1,0.958191188582,-5.46507373806,7.26907525205,0.21527006589
101,15,dense,0.0025,2,1.17322619171,-5.53122929154,8.57109775497,0.403824904277
101,15,dense,0.005,0.5,1.01948925373,-5.53243394384,7.88647691544,0.0935075548556
101,15,dense,0.005,1,0.933067999456,-5.43578574722,7.10175981416,0.214946738541
101,15,dense,0.005,2,1.09947334575,-5.42215458812,7.470261151,0.409856699438
101,15,dense,0.01,0.5,1.0224476914,-5.53815851904,7.88802967678,0.0946300554822
101,15,dense,0.01,1,0.961902441771,-5.47817659886,7.26593468634,0.210020884054
101,15,dense,0.01,2,1.01231919228,-5.26543598173,6.84364827717,0.394296814356
101,15,fast,0.005,0.5,1.0194892569,-5.53243395518,7.8864768475,0.0935075573146
101,15,fast,0.005,1,0.933067994397,-5.43578572701,7.10175952085,0.214946739659
101,15,fast,0.005,2,1.09947218237,-5.42215333048,7.47025236942,0.409856935163
102,0,dense,0.00125,0.5,0.892622404452,-6.14933631468,4.55181503588,0.0860094193841
102,0,dense,0.00125,1,0.887955143649,-6.05337146438,4.9980730757,0.116165758999
102,0,dense,0.00125,2,1.15392004309,-6.08761953793,8.94777593692,0.205574205012
102,0,dense,0.0025,0.5,0.894471484302,-6.15182513701,4.5769964262,0.0860733137244
102,0,dense,0.0025,1,0.881304319819,-6.04225248888,4.99350790374,0.116863350717
102,0,dense,0.0025,2,1.03097436666,-6.04797899446,7.59422338001,0.209081783403
102,0,dense,0.005,0.5,0.899398503365,-6.15079292049,4.60381946377,0.085816815747
102,0,dense,0.005,1,0.885519322309,-6.04468844028,5.04692340199,0.116568668553
102,0,dense,0.005,2,1.15992306539,-6.08176595058,8.45668638956,0.183057063268
102,0,dense,0.01,0.5,0.891562085201,-6.17579263159,4.55892850258,0.0852684659129
102,0,dense,0.01,1,0.887628793542,-6.0133698143,5.10866834492,0.113731171846
102,0,dense,0.01,2,1.05888715544,-6.05076583953,6.21419791159,0.239620177644
102,0,fast,0.005,0.5,0.899398499316,-6.15079290416,4.60381946648,0.0858168180906
102,0,fast,0.005,1,0.885519307851,-6.04468843145,5.0469236329,0.116568676424
102,0,fast,0.005,2,1.15992199585,-6.081765373,8.45667860676,0.183057113811
102,1,dense,0.00125,0.5,1.08442542798,-6.29584521278,7.63026622391,0.0796150623348
102,1,dense,0.00125,1,1.09016654796,-6.07659804236,7.94393674095,0.169288213174
102,1,dense,0.00125,2,0.99219351278,-6.05601876091,6.18604720476,0.317355745168
102,1,dense,0.0025,0.5,1.08555601147,-6.29721300674,7.64442313341,0.0795820690211
102,1,dense,0.0025,1,1.08813807632,-6.07795953313,7.89115102195,0.169335013756
102,1,dense,0.0025,2,0.962877031223,-5.99899293877,6.11548529824,0.32171056046
102,1,dense,0.005,0.5,1.08820107665,-6.29760735112,7.63476543575,0.0799862252347
102,1,dense,0.005,1,1.10091486802,-6.10105717915,8.06851884369,0.165424614207
102,1,dense,0.005,2,0.919514171329,-6.13934640776,5.66689165508,0.320556051888
102,1,dense,0.01,0.5,1.08457034095,-6.29361885402,7.55059908424,0.0792481577786
102,1,dense,0.01,1,1.07950756317,-6.07441406499,7.69005529825,0.166676369937
102,1,dense,0.01,2,0.90367394045,-6.08680151653,5.10274057956,0.302367658504
102,1,fast,0.005,0.5,1.08820105913,-6.29760735855,7.6347652913,0.0799862271044
102,1,fast,0.005,1,1.10091482774,-6.10105712504,8.0685158153,0.16542463136
102,1,fast,0.005,2,0.919509757676,-6.13933732042,5.66682959002,0.320555767015
102,2,dense,0.00125,0.5,1.02902945074,-5.84798931615,6.01253163773,0.0878404368867
102,2,dense,0.00125,1,1.15916502055,-5.81077536879,12.3075444066,0.168241706856
102,2,dense,0.00125,2,1.14048025949,-6.11639888903,8.98264671005,0.273578018503
102,2,dense,0.0025,0.5,1.0286797713,-5.84326466544,6.01976473057,0.087660211669
102,2,dense,0.0025,1,1.14232028999,-5.82254700193,11.8356645047,0.164181570702
102,2,dense,0.0025,2,1.08546576846,-5.97919594672,7.16035569873,0.248873538
102,2,dense,0.005,0.5,1.03437266336,-5.84321218518,6.13894902141,0.0876390251996
102,2,dense,0.005,1,1.10428100996,-5.69954968045,9.40938142068,0.15790040843
102,2,dense,0.005,2,1.05855755639,-6.06551255317,7.38684626249,0.259771816881
102,2,dense,0.01,0.5,1.03311336297,-5.8447209801,6.14194619149,0.0868260791577
102,2,dense,0.01,1,1.0957413758,-5.78077620823,9.62278193912,0.158970285135
102,2,dense,0.01,2,0.966873378336,-5.87278939092,6.51296502656,0.33360098049
102,2,fast,0.005,0.5,1.03437265393,-5.84321216836,6.1389489587,0.0876390265792
102,2,fast,0.005,1,1.10428089299,-5.69954949318,9.40937782072,0.157900410976
102,2,fast,0.005,2,1.05855758256,-6.06551253417,7.38684631546,0.259771819339
102,3,dense,0.00125,0.5,1.03343795538,-6.17531441718,6.9251066107,0.0877086543137
102,3,dense,0.00125,1,1.00347021327,-5.93898705986,6.58851006646,0.174351520676
102,3,dense,0.00125,2,1.04367949573,-5.97090729811,6.70684605024,0.26506051851
102,3,dense,0.0025,0.5,1.03458095268,-6.17765538203,6.92491938469,0.0877180871149
102,3,dense,0.0025,1,1.0080436457,-5.95767374432,6.40833458863,0.175101163384
102,3,dense,0.0025,2,0.925167301633,-5.96425359051,5.43825991301,0.255590135386
102,3,dense,0.005,0.5,1.03425440461,-6.17271008235,6.91758491863,0.0877795917956
102,3,dense,0.005,1,1.02310515891,-5.97555672146,6.56055650959,0.175927699977
102,3,dense,0.005,2,0.930625136007,-6.05120162459,5.92112309833,0.239233600087
102,3,dense,0.01,0.5,1.03719615491,-6.16067024839,6.96319289707,0.0879382440459
102,3,dense,0.01,1,0.973737821834,-5.97003083222,5.87709009146,0.178316483728
102,3,dense,0.01,2,0.805587921226,-6.04910684529,3.92718014495,0.25643443952
102,3,fast,0.005,0.5,1.03425440825,-6.17271007666,6.91758485833,0.0877795931007
102,3,fast,0.005,1,1.02310518964,-5.97555670192,6.56055726598,0.175927716531
102,3,fast,0.005,2,0.930626460894,-6.0512023984,5.92113278662,0.239233604183
102,4,dense,0.00125,0.5,0.960522175395,-5.93365855854,5.26817268911,0.079719501926
102,4,dense,0.00125,1,1.10333893746,-6.13073725778,6.83908301068,0.168455819318
102,4,dense,0.00125,2,0.997302881576,-6.16978066841,6.22177831061,0.276333235931
102,4,dense,0.0025,0.5,0.960138218201,-5.93224185581,5.26851015419,0.0795510393847
102,4,dense,0.0025,1,1.1014732945,-6.12464889265,6.79740134145,0.168282223969
102,4,dense,0.0025,2,0.989621040883,-6.14705333769,6.1531130121,0.275016136933
102,4,dense,0.005,0.5,0.96031499052,-5.93513917206,5.27369019918,0.0794099082325
102,4,dense,0.005,1,1.09857352264,-6.11637566164,6.80074327263,0.167554876022
102,4,dense,0.005,2,0.943650232099,-6.16742734545,6.12204876636,0.270079268761
102,4,dense,0.01,0.5,0.936115400092,-5.91397984605,5.04907108718,0.0797559043547
102,4,dense,0.01,1,1.1039544969,-6.11275461626,6.81818317241,0.166917574187
102,4,dense,0.01,2,0.932022933688,-6.0981954184,5.07070779395,0.268961457878
102,4,fast,0.005,0.5,0.960314984898,-5.93513915298,5.27369014752,0.0794099095126
102,4,fast,0.005,1,1.09857352576,-6.11637568103,6.80074335792,0.167554881303
102,4,fast,0.005,2,0.943650625346,-6.16742748354,6.12205530133,0.270079262862
102,5,dense,0.00125,0.5,1.15303523956,-5.97223590446,8.63740896786,0.103782906747
102,5,dense,0.00125,1,0.933622900056,-6.19548133232,5.45055248744,0.180367838952
102,5,dense,0.00125,2,0.960761877727,-6.10526457668,6.00781774869,0.231442101799
102,5,dense,0.0025,0.5,1.15240509282,-5.97299484842,8.61655167372,0.103193234856
102,5,dense,0.0025,1,0.942193983154,-6.19653111385,5.52647832969,0.180416393072
102,5,dense,0.0025,2,1.02943654978,-6.13801263997,7.02138073741,0.237763781903
102,5,dense,0.005,0.5,1.15148995895,-5.97561922698,8.65593489124,0.103656191229
102,5,dense,0.005,1,0.925926033233,-6.13303833972,5.27020435523,0.180115727806
102,5,dense,0.005,2,1.11158832286,-6.1909222383,8.47108815433,0.2288100492
102,5,dense,0.01,0.5,1.14414447919,-5.9782563378,8.45500255321,0.104107411657
102,5,dense,0.01,1,0.89912326884,-6.09056732862,4.9426174416,0.181238760617
102,5,dense,0.01,2,0.91558512697,-6.0939788596,5.16852461008,0.248833268787
102,5,fast,0.005,0.5,1.15148995648,-5.97561921987,8.65593488995,0.103656192035
102,5,fast,0.005,1,0.925926102043,-6.13303854386,5.27020541154,0.180115730426
102,5,fast,0.005,2,1.11158860619,-6.19092191399,8.47108762922,0.228809982254
102,6,dense,0.00125,0.5,1.06521698129,-6.00099501274,7.1683209998,0.0858669667711
102,6,dense,0.00125,1,0.961224393548,-5.93728833931,5.92552471451,0.14669004518
102,6,dense,0.00125,2,0.9177301324,-6.01108682029,5.52780185664,0.292450154211
102,6,dense,0.0025,0.5,1.06640431657,-6.00021307638,7.16583945903,0.0860191320777
102,6,dense,0.0025,1,0.955802873686,-5.93224644131,5.90238802486,0.146540292838
102,6,dense,0.0025,2,1.0053353986,-5.98241351745,6.5590993564,0.288385586671
102,6,dense,0.005,0.5,1.06778583258,-5.99561312354,7.23075393745,0.0862320459163
102,6,dense,0.005,1,0.99294972877,-5.96316068226,6.2438125888,0.147119317045
102,6,dense,0.005,2,0.939306132579,-5.89898343722,6.04114606756,0.290765107466
102,6,dense,0.01,0.5,1.06996519275,-5.9956098639,7.33355182935,0.0867569600763
102,6,dense,0.01,1,0.961139422725,-5.97062359042,6.15650432188,0.147967212725
102,6,dense,0.01,2,0.856661546362,-5.78265689005,4.66466778413,0.359064229972
102,6,fast,0.005,0.5,1.06778583119,-5.99561312856,7.23075390196,0.0862320475978
102,6,fast,0.005,1,0.992949630192,-5.96316054401,6.2438112509,0.147119319016
102,6,fast,0.005,2,0.939306421306,-5.89898341449,6.04114523899,0.290765218197
102,7,dense,0.00125,0.5,1.01995820419,-6.19763427726,6.73429333415,0.0839520481159
102,7,dense,0.00125,1,0.995567746237,-6.05995550703,5.86535812399,0.197846565462
102,7,dense,0.00125,2,1.02884638057,-5.97697125164,7.47222535855,0.338331132932
102,7,dense,0.0025,0.5,1.01660557787,-6.19959545918,6.70227682,0.0840131585416
102,7,dense,0.0025,1,0.995908339776,-6.05690949624,5.85944361395,0.197246413232
102,7,dense,0.0025,2,0.872963032748,-5.8433279396,4.70599210777,0.330651882335
102,7,dense,0.005,0.5,1.01988002591,-6.19905930453,6.75448791368,0.0837668023005
102,7,dense,0.005,1,0.996903823809,-6.04334902217,5.84924269117,0.19556624254
102,7,dense,0.005,2,0.997112978964,-5.9207097606,6.28912813438,0.307659263289
102,7,dense,0.01,0.5,1.00685543685,-6.21114377442,6.58076615359,0.0828740363449
102,7,dense,0.01,1,1.00588378496,-6.03633597061,5.98549046248,0.196484293316
102,7,dense,0.01,2,1.02995527661,-5.9166747367,7.63583082335,0.306513360285
102,7,fast,0.005,0.5,1.0198800411,-6.19905933269,6.7544882491,0.0837668028661
102,7,fast,0.005,1,0.996903788657,-6.04334900513,5.84924258095,0.195566243728
102,7,fast,0.005,2,0.997112450926,-5.92070883148,6.28913012635,0.307659226808
102,8,dense,0.00125,0.5,1.0220503628,-6.06262503411,6.05401919812,0.0746265006069
102,8,dense,0.00125,1,1.04458262114,-5.97263693474,7.47308128034,0.13924418586
102,8,dense,0.00125,2,1.03790311363,-5.94514435555,6.25884162198,0.236926503209
102,8,dense,0.0025,0.5,1.02347619285,-6.0637847786,6.0817169319,0.0747830204122
102,8,dense,0.0025,1,1.04692624348,-5.98323500387,7.51711842493,0.141288156715
102,8,dense,0.0025,2,0.987161663741,-5.99979400404,5.6436322365,0.27640955384
102,8,dense,0.005,0.5,1.02608445828,-6.06523510166,6.13253745115,0.0750271620178
102,8,dense,0.005,1,1.0338243449,-5.9958678807,7.42152529176,0.140561226713
102,8,dense,0.005,2,1.0165140773,-6.03393853519,5.74791345879,0.299672161805
102,8,dense,0.01,0.5,1.01763754165,-6.05629504655,6.03021064302,0.0752493540628
102,8,dense,0.01,1,1.02852880803,-6.01416326093,7.28656585493,0.14093317759
102,8,dense,0.01,2,1.0030070822,-5.98926089533,5.92926188417,0.235094110657
102,8,fast,0.005,0.5,1.02608446078,-6.06523511302,6.13253744528,0.0750271622514
102,8,fast,0.005,1,1.03382431598,-5.9958679437,7.42152527158,0.140561225759
102,8,fast,0.005,2,1.0165144074,-6.03393933478,5.7479219262,0.299672070539
102,9,dense,0.00125,0.5,1.06154382637,-5.97655235556,7.35980431205,0.0945915082278
102,9,dense,0.00125,1,0.939835843323,-6.0760578269,5.62205721104,0.153795435143
102,9,dense,0.00125,2,0.917892770205,-6.03031745811,5.10347092379,0.349967156201
102,9,dense,0.0025,0.5,1.06423248774,-5.97765539803,7.41597597275,0.0947021135459
102,9,dense,0.0025,1,0.932368981052,-6.06099736351,5.50503968815,0.153011238242
102,9,dense,0.0025,2,0.91157398032,-5.99230480055,4.73277490362,0.352184290399
102,9,dense,0.005,0.5,1.0606913243,-5.9777968606,7.42205806028,0.0940150470411
102,9,dense,0.005,1,0.959599010226,-6.08653708555,5.86037493576,0.150578056044
102,9,dense,0.005,2,1.09025812559,-6.0881727608,7.43754588723,0.327365342752
102,9,dense,0.01,0.5,1.04984337553,-5.96448597363,7.22235006502,0.0950066755686
102,9,dense,0.01,1,0.982323441718,-6.10583489481,6.38734007306,0.150265183058
102,9,dense,0.01,2,1.05323602821,-6.13145699362,7.48357034752,0.332685388994
102,9,fast,0.005,0.5,1.06069130567,-5.97779685699,7.42205771561,0.094015047545
102,9,fast,0.005,1,0.959598992809,-6.08653713533,5.86037470842,0.150578058711
102,9,fast,0.005,2,1.09025871654,-6.08817333976,7.43755760026,0.327365394945
102,10,dense,0.00125,0.5,0.920661261786,-6.01197011511,5.54671206437,0.0837786521211
102,10,dense,0.00125,1,0.990932191622,-6.00291150492,6.74141427821,0.128574379512
102,10,dense,0.00125,2,1.00853589098,-6.25331341278,6.29489265804,0.197969498773
102,10,dense,0.0025,0.5,0.920143463803,-6.0162355166,5.53445586513,0.0838755157374
102,10,dense,0.0025,1,1.00022372868,-6.01097743975,6.8254589081,0.12764738891
102,10,dense,0.0025,2,1.07320669716,-6.23727822663,7.89949160986,0.195776579461
102,10,dense,0.005,0.5,0.916815155484,-6.02357061546,5.51165624653,0.0838596004695
102,10,dense,0.005,1,0.989386772776,-5.992439467,6.68755673721,0.125755726045
102,10,dense,0.005,2,0.852512812045,-6.07270870884,4.71737708938,0.208999285431
102,10,dense,0.01,0.5,0.91785019947,-6.0219293033,5.498005098,0.0832021716569
102,10,dense,0.01,1,0.983249583321,-6.01287234297,6.32168487139,0.127347497444
102,10,dense,0.01,2,0.993651139068,-6.1245409786,6.52687380043,0.156162569168
102,10,fast,0.005,0.5,0.916815135368,-6.02357060417,5.51165597993,0.083859601733
102,10,fast,0.005,1,0.989386746731,-5.99243955496,6.68755674526,0.125755728524
102,10,fast,0.005,2,0.852512421858,-6.07270783213,4.71736958153,0.208999247905
102,11,dense,0.00125,0.5,0.980145933074,-5.84707691032,6.19414344224,0.0786603576875
102,11,dense,0.00125,1,1.14846124256,-5.94311010209,7.88531005351,0.139999716139
102,11,dense,0.00125,2,0.81314490058,-5.88213651579,4.77670172598,0.267805549662
102,11,dense,0.0025,0.5,0.982332311634,-5.84806085077,6.21984342267,0.0786275320298
102,11,dense,0.0025,1,1.15451073391,-5.94079428059,7.9615742424,0.140525915788
102,11,dense,0.0025,2,0.898021801204,-5.93009798541,5.10519170329,0.275025861158
102,11,dense,0.005,0.5,0.984903002554,-5.84243841201,6.22457509876,0.0783894565978
102,11,dense,0.005,1,1.12713261622,-5.8910006333,7.66838462841,0.143275504401
102,11,dense,0.005,2,0.881014872067,-5.96156189734,5.00262159515,0.245016650634
102,11,dense,0.01,0.5,0.984642541389,-5.8447062962,6.25698649395,0.0790274360975
102,11,dense,0.01,1,1.12132135131,-5.89562198533,7.36580031516,0.140764280038
102,11,dense,0.01,2,0.965861886176,-5.96399013928,6.07477447611,0.220490761942
102,11,fast,0.005,0.5,0.984902994849,-5.84243840724,6.22457496101,0.0783894575112
102,11,fast,0.005,1,1.12713262243,-5.89100061761,7.6683845815,0.143275512607
102,11,fast,0.005,2,0.881015115958,-5.96156263459,5.00262743328,0.245016711292
102,12,dense,0.00125,0.5,1.00538983061,-6.01145279615,6.63553053359,0.085907419001
102,12,dense,0.00125,1,0.984978924954,-5.94070278007,6.30574435639,0.154871174007
102,12,dense,0.00125,2,0.969986969645,-5.96738751075,6.42986123387,0.264638014592
102,12,dense,0.0025,0.5,1.00532742138,-6.01305642517,6.63258112452,0.0861061529449
102,12,dense,0.0025,1,0.984188816846,-5.94182495171,6.30948284413,0.155352789187
102,12,dense,0.0025,2,0.986990075066,-5.94080729384,6.28926654412,0.261147921922
102,12,dense,0.005,0.5,1.0044522124,-6.02095168624,6.66826798352,0.0863685577306
102,12,dense,0.005,1,1.00599542135,-5.94601611092,6.6243134067,0.155560673085
102,12,dense,0.005,2,0.995070889566,-6.09403100675,5.74972279893,0.284081846711
102,12,dense,0.01,0.5,0.976095706702,-5.99848420849,6.20013934379,0.085907927711
102,12,dense,0.01,1,0.991375398356,-5.93688004161,6.37159834398,0.153766689037
102,12,dense,0.01,2,0.989282050632,-5.9040217367,6.22628546247,0.285282656248
102,12,fast,0.005,0.5,1.00445222463,-6.02095168277,6.66826820898,0.0863685602186
102,12,fast,0.005,1,1.00599541782,-5.94601609806,6.62431332408,0.155560674278
102,12,fast,0.005,2,0.995070904336,-6.09403124518,5.74972351224,0.284081785299
102,13,dense,0.00125,0.5,0.684429328766,-5.84444100842,2.86794925569,0.105173261084
102,13,dense,0.00125,1,0.802817142838,-6.0984796557,4.12965493733,0.163823154475
102,13,dense,0.00125,2,1.11466237212,-6.01803188608,8.43772675481,0.285749027409
102,13,dense,0.0025,0.5,0.687302785082,-5.84331575934,2.89282988698,0.105270146735
102,13,dense,0.0025,1,0.797517515556,-6.09136004246,4.04328914088,0.164567802537
102,13,dense,0.0025,2,1.00468679338,-5.90900604844,6.2697563937,0.284438759106
102,13,dense,0.005,0.5,0.687527476703,-5.84603870431,2.90212392276,0.104838779987
102,13,dense,0.005,1,0.81553961653,-6.10662997938,4.31323890111,0.164829995113
102,13,dense,0.005,2,1.08587357764,-5.99094383695,7.55988804706,0.266476614151
102,13,dense,0.01,0.5,0.681875795926,-5.85166054076,2.81436435025,0.104330407817
102,13,dense,0.01,1,0.836119067654,-6.10515972764,4.39653865421,0.163944805247
102,13,dense,0.01,2,1.00600321029,-5.99931396191,6.372964051,0.286813350309
102,13,fast,0.005,0.5,0.687527488436,-5.84603873298,2.90212400523,0.104838782172
102,13,fast,0.005,1,0.81553960254,-6.10662998374,4.31323875657,0.164830013314
102,13,fast,0.005,2,1.08587332615,-5.99094410876,7.55988280662,0.266476668798
102,14,dense,0.00125,0.5,1.18429531439,-5.98378593547,7.91976752219,0.0805339945422
102,14,dense,0.00125,1,0.92102126055,-5.79214534213,5.72881412632,0.130642934005
102,14,dense,0.00125,2,0.949609731857,-5.67708317897,5.55144354903,0.183923810821
102,14,dense,0.0025,0.5,1.18240125373,-5.9807019117,7.88722973874,0.0806147596491
102,14,dense,0.0025,1,0.911132707741,-5.79520328281,5.72841636655,0.131588791105
102,14,dense,0.0025,2,0.939965140248,-5.76903439349,5.42901132385,0.203408349867
102,14,dense,0.005,0.5,1.19016066448,-5.9799573035,7.99888166697,0.0807473723882
102,14,dense,0.005,1,0.894362643035,-5.76271289288,5.50410186717,0.133781126112
102,14,dense,0.005,2,0.882629314305,-5.71887170191,4.63675881742,0.184233638985
102,14,dense,0.01,0.5,1.18480316249,-5.98233510803,7.93428896635,0.0815671838228
102,14,dense,0.01,1,0.940598556347,-5.77758332324,5.88533251377,0.133629258568
102,14,dense,0.01,2,0.99056781848,-5.88300467121,6.18564747794,0.184650055412
102,14,fast,0.005,0.5,1.19016067557,-5.97995731216,7.99888182225,0.0807473734248
102,14,fast,0.005,1,0.894362593951,-5.76271300687,5.50410098797,0.133781125267
102,14,fast,0.005,2,0.882629830058,-5.71887261085,4.63675854598,0.184233752471
102,15,dense,0.00125,0.5,1.1673432151,-6.02019092742,9.3827803017,0.0922407487159
102,15,dense,0.00125,1,0.787300355809,-6.08798310896,3.56148905722,0.203161217991
102,15,dense,0.00125,2,1.05927878841,-6.10338988691,7.31245961891,0.366373354795
102,15,dense,0.0025,0.5,1.16715229726,-6.01869630969,9.36481655262,0.0927473112242
102,15,dense,0.0025,1,0.785697682378,-6.10346805113,3.57516313769,0.204169380165
102,15,dense,0.0025,2,1.02240922527,-6.17025580167,7.91651484591,0.372416295923
102,15,dense,0.005,0.5,1.1632887846,-6.01468518247,9.30547835821,0.0923951378392
102,15,dense,0.005,1,0.79759546224,-6.12362846181,3.75241832356,0.201409114409
102,15,dense,0.005,2,1.04008530303,-6.0902199426,7.65908920162,0.372154267763
102,15,dense,0.01,0.5,1.15970245126,-6.01187955644,9.15247374577,0.0935647325893
102,15,dense,0.01,1,0.798246002411,-6.13369090876,4.04381509383,0.19947331273
102,15,dense,0.01,2,0.968142859883,-5.95326344542,6.0857278122,0.354879032993
102,15,fast,0.005,0.5,1.16328879555,-6.01468519213,9.30547833571,0.0923951420911
102,15,fast,0.005,1,0.797595515991,-6.12362848305,3.75241946358,0.201409120484
102,15,fast,0.005,2,1.04008603781,-6.09022093442,7.65909867703,0.372154263673
103,0,dense,0.00125,0.5,0.894348854071,-5.72760423887,5.36218816147,0.110130344887
103,0,dense,0.00125,1,0.916993076755,-5.70633536328,5.18258273589,0.209810872737
103,0,dense,0.00125,2,1.06088919449,-5.77678504923,8.17641181677,0.353732864919
103,0,dense,0.0025,0.5,0.897228770014,-5.72944361308,5.40823474714,0.110333369499
103,0,dense,0.0025,1,0.919101089654,-5.70795990158,5.21369659832,0.211187070714
103,0,dense,0.0025,2,0.930273552344,-5.74872466897,6.53495563267,0.347221450449
103,0,dense,0.005,0.5,0.895671497305,-5.72674442462,5.45731848567,0.109502589797
103,0,dense,0.005,1,0.927277925001,-5.71743866663,5.31732161421,0.211797110344
103,0,dense,0.005,2,0.957349106101,-5.68692109825,6.44779382448,0.317188568688
103,0,dense,0.01,0.5,0.888283081964,-5.71735213503,5.29074612181,0.108155139031
103,0,dense,0.01,1,0.869199890921,-5.63098007596,4.7984733649,0.210004960129
103,0,dense,0.01,2,1.03039938415,-5.66634008296,7.63856799135,0.316174571506
103,0,fast,0.005,0.5,0.895671490692,-5.72674439841,5.45731839356,0.109502594467
103,0,fast,0.005,1,0.927277939354,-5.71743865337,5.31732192317,0.211797115557
103,0,fast,0.005,2,0.957348054281,-5.68691993809,6.44777572944,0.31718847764
103,1,dense,0.00125,0.5,0.879007777714,-5.67500024396,4.78648468963,0.0871086640297
103,1,dense,0.00125,1,1.05589952445,-5.84511690283,7.77962477091,0.183680831356
103,1,dense,0.00125,2,1.06376749386,-5.77338443039,7.51984032937,0.311440011875
103,1,dense,0.0025,0.5,0.878582943545,-5.67182129314,4.75056561098,0.0868607540111
103,1,dense,0.0025,1,1.07052355191,-5.85168183262,8.05790056907,0.183047071278
103,1,dense,0.0025,2,1.02428973972,-5.6557446203,6.93456499729,0.332906653792
103,1,dense,0.005,0.5,0.881988261979,-5.6811959971,4.79332545338,0.0869345942633
103,1,dense,0.005,1,1.04638763255,-5.8582381432,7.6562525321,0.178991061172
103,1,dense,0.005,2,1.18287384818,-5.92719187733,9.63103101431,0.335952825339
103,1,dense,0.01,0.5,0.881824489668,-5.66991252146,4.82752431092,0.0883048887027
103,1,dense,0.01,1,1.08249085249,-5.80963993172,7.8265694898,0.181723854918
103,1,dense,0.01,2,0.964081465041,-5.62978541165,6.35664076399,0.344861889225
103,1,fast,0.005,0.5,0.881988251003,-5.68119601389,4.79332536503,0.0869345968517
103,1,fast,0.005,1,1.0463876979,-5.85823826202,7.65625268786,0.178991062363
103,1,fast,0.005,2,1.1828728035,-5.92719256273,9.63100295131,0.335952797523
103,2,dense,0.00125,0.5,0.90769239139,-5.64202914226,5.2304589295,0.118513917676
103,2,dense,0.00125,1,1.06796325983,-5.6226236182,7.12504990612,0.200933052022
103,2,dense,0.00125,2,1.11032176397,-5.55317861566,9.82652835177,0.37297778116
103,2,dense,0.0025,0.5,0.912303250255,-5.64602927084,5.34133996672,0.118446384263
103,2,dense,0.0025,1,1.08029045924,-5.62087800661,7.29673744809,0.204103328903
103,2,dense,0.0025,2,1.10485621986,-5.48869047534,8.12449058852,0.387782916886
103,2,dense,0.005,0.5,0.914187413582,-5.65102997367,5.3512655706,0.118314358102
103,2,dense,0.005,1,1.0994424354,-5.62015974642,7.55580828013,0.203704155346
103,2,dense,0.005,2,1.07085977438,-5.28539565168,9.17936472173,0.370171587732
103,2,dense,0.01,0.5,0.902331597042,-5.65142857667,5.17044252677,0.118128185702
103,2,dense,0.01,1,1.0698654013,-5.59732250264,6.89161592769,0.193512166216
103,2,dense,0.01,2,1.04926395362,-5.47392624962,8.2294062493,0.293702107158
103,2,fast,0.005,0.5,0.91418741102,-5.65102996155,5.35126527556,0.11831435919
103,2,fast,0.005,1,1.09944238415,-5.62015975862,7.55580789907,0.203704152197
103,2,fast,0.005,2,1.07086121788,-5.28539661308,9.17939710355,0.370171496096
103,3,dense,0.00125,0.5,1.05206154976,-5.80010528102,6.99357027639,0.0984547234338
103,3,dense,0.00125,1,1.07203236533,-5.67743045364,7.18483419127,0.145772640362
103,3,dense,0.00125,2,1.21627304808,-5.76802675781,10.1049382369,0.281231071294
103,3,dense,0.0025,0.5,1.05231849224,-5.80056137233,7.01244972093,0.0984748538026
103,3,dense,0.0025,1,1.08022657849,-5.67160338951,7.4360553923,0.142239126046
103,3,dense,0.0025,2,1.21813712774,-5.84954252215,9.66328765334,0.286606421918
103,3,dense,0.005,0.5,1.05657737891,-5.80559219413,7.032389743,0.0987263583096
103,3,dense,0.005,1,1.07389654166,-5.68273070455,7.24110195961,0.143336970553
103,3,dense,0.005,2,1.29952564299,-5.76703525304,10.7623119592,0.274344953243
103,3,dense,0.01,0.5,1.04165148774,-5.7965912615,6.78939087157,0.0983067710332
103,3,dense,0.01,1,1.10466300468,-5.71427782729,7.82071517524,0.136891063904
103,3,dense,0.01,2,1.26353570939,-5.99032196193,11.0549509373,0.287905308923
103,3,fast,0.005,0.5,1.05657739778,-5.80559219813,7.03238994393,0.0987263607281
103,3,fast,0.005,1,1.07389653863,-5.68273074628,7.24110140257,0.143336984113
103,3,fast,0.005,2,1.29952560026,-5.76703482003,10.7623060071,0.274344952167
103,4,dense,0.00125,0.5,0.976040656509,-5.70691189798,7.54951158783,0.104350178657
103,4,dense,0.00125,1,1.14837606355,-5.7238812674,8.94996215043,0.189257643386
103,4,dense,0.00125,2,1.02167297241,-5.65937750689,7.37192141335,0.314710289823
103,4,dense,0.0025,0.5,0.976959740229,-5.70600450535,7.55470409685,0.104413584201
103,4,dense,0.0025,1,1.15654716036,-5.73254104418,8.91675334802,0.187473293063
103,4,dense,0.0025,2,1.03672730145,-5.67592048,6.62970148916,0.354365037813
103,4,dense,0.005,0.5,0.975430602779,-5.69202480621,7.51536090538,0.104300587637
103,4,dense,0.005,1,1.156844155,-5.73878968921,9.24833201406,0.187956883025
103,4,dense,0.005,2,0.977311792414,-5.6604875612,6.88988790384,0.293594813472
103,4,dense,0.01,0.5,0.988846399951,-5.70530368123,7.66769695118,0.104136876706
103,4,dense,0.01,1,1.12772023295,-5.72176304989,8.67042667664,0.188510742789
103,4,dense,0.01,2,0.885530944658,-5.69036852571,4.99523627145,0.301053959096
103,4,fast,0.005,0.5,0.97543061968,-5.69202481191,7.51536104418,0.104300590707
103,4,fast,0.005,1,1.15684422944,-5.738789731,9.24833269162,0.187956886249
103,4,fast,0.005,2,0.977312595188,-5.66048843178,6.8899020648,0.29359471802
103,5,dense,0.00125,0.5,1.11160727605,-5.54590518177,8.33983912388,0.0996660171199
103,5,dense,0.00125,1,1.05216115123,-5.73365535386,7.26773096189,0.176791015467
103,5,dense,0.00125,2,1.12525125351,-5.89053542379,8.81133170157,0.32446934688
103,5,dense,0.0025,0.5,1.1114255448,-5.54444266519,8.35426190209,0.0996130721768
103,5,dense,0.0025,1,1.07415926843,-5.75687563169,7.54415030556,0.177751684129
103,5,dense,0.0025,2,1.11062032096,-5.68864015836,7.9800938694,0.340348910847
103,5,dense,0.005,0.5,1.10065230112,-5.54418597849,8.20951407191,0.0995244618916
103,5,dense,0.005,1,1.08107010171,-5.74665277066,7.63957475671,0.177180564266
103,5,dense,0.005,2,1.18730742764,-5.77330931109,8.90830575211,0.315765095316
103,5,dense,0.01,0.5,1.1166464146,-5.54995438426,8.44290630912,0.100138669452
103,5,dense,0.01,1,1.07964322283,-5.67668573842,7.19619038336,0.187006368466
103,5,dense,0.01,2,1.15642366294,-5.6495650827,8.51533812955,0.309655706694
103,5,fast,0.005,0.5,1.10065229755,-5.54418599306,8.20951386096,0.0995244648575
103,5,fast,0.005,1,1.08107006097,-5.74665281018,7.63957517922,0.177180564767
103,5,fast,0.005,2,1.18730773592,-5.77331206139,8.90830776108,0.315765257994
103,6,dense,0.00125,0.5,1.04252398453,-5.66905445811,7.35828026403,0.0993417407932
103,6,dense,0.00125,1,0.975865746175,-5.67994884529,6.15068927939,0.173210959333
103,6,dense,0.00125,2,1.10221681213,-5.81854482933,8.5013621385,0.302827844381
103,6,dense,0.0025,0.5,1.04495189626,-5.66947590427,7.42265420008,0.0994943443458
103,6,dense,0.0025,1,0.975488716671,-5.67757667839,6.05625770247,0.173480708506
103,6,dense,0.0025,2,1.15755206061,-5.7904882576,10.5557904165,0.281698252037
103,6,dense,0.005,0.5,1.05154826271,-5.67697932299,7.49004696091,0.0989946938249
103,6,dense,0.005,1,0.952426096139,-5.64484900098,5.88863246367,0.17336772879
103,6,dense,0.005,2,1.1371649649,-5.80903033193,9.31161064911,0.318116570938
103,6,dense,0.01,0.5,1.042151695,-5.67688770931,7.29930791233,0.099473279207
103,6,dense,0.01,1,0.96357809792,-5.66616419331,5.93332539194,0.176282212449
103,6,dense,0.01,2,1.0424057049,-5.75311967523,7.78929583626,0.308007405579
103,6,fast,0.005,0.5,1.05154826999,-5.67697932729,7.49004694963,0.0989946968338
103,6,fast,0.005,1,0.952426052174,-5.6448490062,5.88863211316,0.17336773011
103,6,fast,0.005,2,1.13716438256,-5.80902854832,9.31159228682,0.318117067301
103,7,dense,0.00125,0.5,0.903733369399,-5.9159340909,5.20582770066,0.129984696776
103,7,dense,0.00125,1,1.05807225275,-5.67214444143,7.81076461664,0.233870926355
103,7,dense,0.00125,2,1.11690439879,-5.67099079787,8.233628797,0.365030108668
103,7,dense,0.0025,0.5,0.903772403287,-5.91388269615,5.1999424092,0.130041118037
103,7,dense,0.0025,1,1.06248065726,-5.67248360119,7.8654850681,0.233355750514
103,7,dense,0.0025,2,1.09380649699,-5.51600822269,7.93868908108,0.361058199075
103,7,dense,0.005,0.5,0.898529052965,-5.90852414826,5.12825681098,0.12981385709
103,7,dense,0.005,1,1.06930924754,-5.65134132236,7.81161107882,0.23267418672
103,7,dense,0.005,2,1.07567101253,-5.43442495949,7.69229468012,0.332399472135
103,7,dense,0.01,0.5,0.904627030051,-5.92453368193,5.19638123228,0.129675113358
103,7,dense,0.01,1,1.10110147787,-5.66369610943,8.24098833133,0.23454385478
103,7,dense,0.01,2,1.21652277906,-5.64130254842,11.5571088361,0.334026995313
103,7,fast,0.005,0.5,0.898529075382,-5.90852415647,5.12825706915,0.129813861419
103,7,fast,0.005,1,1.06930918637,-5.65134130887,7.81161049959,0.232674201399
103,7,fast,0.005,2,1.07567117235,-5.43442655208,7.69230255663,0.332399436834
103,8,dense,0.00125,0.5,1.15210236478,-5.56972177515,8.51252554456,0.0911477311661
103,8,dense,0.00125,1,1.08809230794,-5.6472825337,7.25664292448,0.141000134487
103,8,dense,0.00125,2,1.12167757046,-5.85856941943,7.15450612457,0.2785911098
103,8,dense,0.0025,0.5,1.14800360619,-5.56921441677,8.47013288259,0.0912011294383
103,8,dense,0.0025,1,1.09248295232,-5.66134978567,7.3566828937,0.142050404044
103,8,dense,0.0025,2,1.16075709094,-5.91642133107,7.86399362356,0.274037945885
103,8,dense,0.005,0.5,1.14986161837,-5.56838540158,8.47513294811,0.0914520905281
103,8,dense,0.005,1,1.10799990135,-5.70479762955,7.75707195561,0.143928469287
103,8,dense,0.005,2,1.14592176456,-6.04867447026,8.23373941023,0.254438214487
103,8,dense,0.01,0.5,1.13846868372,-5.57526762297,8.25548632039,0.0923497490878
103,8,dense,0.01,1,1.11203966894,-5.63717484023,7.87073757938,0.148294069182
103,8,dense,0.01,2,1.15868711246,-5.84242266907,8.41832489954,0.275155522933
103,8,fast,0.005,0.5,1.14986160638,-5.56838538928,8.4751326551,0.0914520938864
103,8,fast,0.005,1,1.10799987322,-5.70479770615,7.7570721782,0.143928465024
103,8,fast,0.005,2,1.14592141434,-6.04867449643,8.23372995456,0.254437975981
103,9,dense,0.00125,0.5,1.10286677308,-5.7132191382,8.19575533006,0.102538620293
103,9,dense,0.00125,1,1.08987491878,-5.60387614624,8.68729547936,0.177177864052
103,9,dense,0.00125,2,1.11223939687,-5.61593559782,7.89741217034,0.252850166122
103,9,dense,0.0025,0.5,1.1026827131,-5.71492906465,8.23164098807,0.102196635423
103,9,dense,0.0025,1,1.09867449892,-5.60398342525,8.8446909943,0.176234831598
103,9,dense,0.0025,2,1.15710828603,-5.61099066315,8.84508439259,0.25451698303
103,9,dense,0.005,0.5,1.10512505691,-5.71910709435,8.22372203974,0.10232994336
103,9,dense,0.005,1,1.08405310124,-5.59470240194,8.89379146448,0.174629326119
103,9,dense,0.005,2,0.978491865058,-5.55862416409,6.54124102907,0.235063992027
103,9,dense,0.01,0.5,1.10125434065,-5.73682464801,8.17919864715,0.102992903646
103,9,dense,0.01,1,1.05866229993,-5.58278456245,8.52861303455,0.17094345701
103,9,dense,0.01,2,0.907700492607,-5.52231777129,4.88899902319,0.285993711995
103,9,fast,0.005,0.5,1.10512504554,-5.71910708752,8.22372172999,0.102329947909
103,9,fast,0.005,1,1.08405311567,-5.59470241317,8.89379008358,0.174629332964
103,9,fast,0.005,2,0.978487953943,-5.55862218852,6.54119013413,0.235064072962
103,10,dense,0.00125,0.5,1.13359150003,-5.70230167509,9.55961123759,0.0952519410651
103,10,dense,0.00125,1,1.00783432614,-5.32788510648,7.31835997762,0.252936687034
103,10,dense,0.00125,2,0.828678348266,-5.37884438198,4.29883180052,0.495741974994
103,10,dense,0.0025,0.5,1.13763406881,-5.70482474943,9.6285792535,0.0953633546431
103,10,dense,0.0025,1,1.01363938117,-5.32396374506,7.33919077213,0.252919752725
103,10,dense,0.0025,2,0.963434131115,-5.55745673413,5.96211187837,0.463591907971
103,10,dense,0.005,0.5,1.13719887479,-5.70663238495,9.616223337,0.0954607027679
103,10,dense,0.005,1,0.988766955926,-5.324592431,7.08778042714,0.252356017531
103,10,dense,0.005,2,0.908211035189,-5.42896358671,5.90258825046,0.530649722833
103,10,dense,0.01,0.5,1.13104097658,-5.6905030787,9.43372443491,0.0935753474592
103,10,dense,0.01,1,0.926745109176,-5.27462217792,6.57128722378,0.247228127259
103,10,dense,0.01,2,0.96941722925,-5.30478692309,7.10143709239,0.496309874993
103,10,fast,0.005,0.5,1.13719888643,-5.70663240715,9.61622342705,0.0954607064441
103,10,fast,0.005,1,0.988767046629,-5.32459246157,7.08778187692,0.252356022164
103,10,fast,0.005,2,0.908212439321,-5.42896569465,5.90260810381,0.530649742481
103,11,dense,0.00125,0.5,1.06009728243,-5.51582950431,7.56255519018,0.110816104791
103,11,dense,0.00125,1,1.14283557498,-5.66720730072,8.07165326251,0.164391797134
103,11,dense,0.00125,2,1.0479516088,-5.83773185742,7.17518017463,0.303779532302
103,11,dense,0.0025,0.5,1.06097045894,-5.51523515996,7.59342171438,0.110845534819
103,11,dense,0.0025,1,1.10965829778,-5.66111455183,7.62719003458,0.165217690045
103,11,dense,0.0025,2,1.06217961309,-5.76217668208,7.64660017091,0.300163028197
103,11,dense,0.005,0.5,1.05835009135,-5.5096041372,7.54345168905,0.111362526851
103,11,dense,0.005,1,1.13978574582,-5.64711033608,7.9516999385,0.16789111633
103,11,dense,0.005,2,1.08287999659,-5.69202520069,7.08544598315,0.294106637754
103,11,dense,0.01,0.5,1.05965795054,-5.51419954568,7.67224735431,0.11252991628
103,11,dense,0.01,1,1.10392970103,-5.74709220514,7.48148398212,0.17052504383
103,11,dense,0.01,2,1.03638944367,-5.84563109436,7.06837770956,0.312827721092
103,11,fast,0.005,0.5,1.05835010192,-5.50960415838,7.5434519124,0.111362531391
103,11,fast,0.005,1,1.13978589788,-5.64711046072,7.9517025432,0.167891116632
103,11,fast,0.005,2,1.08287991806,-5.69202534877,7.08544253547,0.294106557054
103,12,dense,0.00125,0.5,0.864204158255,-5.69808879917,4.84678618014,0.109889355202
103,12,dense,0.00125,1,0.90320736522,-5.45437432464,5.28019608587,0.189680563924
103,12,dense,0.00125,2,1.11558211153,-5.55422254692,8.59558754184,0.30002888819
103,12,dense,0.0025,0.5,0.862993289431,-5.69569525474,4.84649151883,0.109854004834
103,12,dense,0.0025,1,0.900142355249,-5.45286475828,5.24706510483,0.188371550488
103,12,dense,0.0025,2,1.03032457861,-5.40838100402,7.00002061294,0.347491843961
103,12,dense,0.005,0.5,0.871387743003,-5.70182109278,4.90752269759,0.110202879956
103,12,dense,0.005,1,0.900418292487,-5.45984880337,5.13788812944,0.18988748749
103,12,dense,0.005,2,1.06726698097,-5.66341885192,8.42760238648,0.315670954598
103,12,dense,0.01,0.5,0.858639979775,-5.69751820973,4.8319995158,0.109741316349
103,12,dense,0.01,1,0.926938723475,-5.41437401537,5.43309340848,0.190764984653
103,12,dense,0.01,2,0.950069368381,-5.46028774089,6.88726114994,0.311282197341
103,12,fast,0.005,0.5,0.871387730817,-5.70182105504,4.90752266847,0.110202882656
103,12,fast,0.005,1,0.900418329083,-5.45984880971,5.13788789342,0.189887490017
103,12,fast,0.005,2,1.06726442253,-5.66341859207,8.42756753346,0.315671172468
103,13,dense,0.00125,0.5,0.960267053296,-5.65105067291,6.12654114077,0.119035441245
103,13,dense,0.00125,1,0.974909450699,-5.7767013038,6.34106293541,0.183311694417
103,13,dense,0.00125,2,0.931649457129,-5.4741919342,4.96980242256,0.347244338022
103,13,dense,0.0025,0.5,0.960242372099,-5.64978215315,6.12944149586,0.118977769775
103,13,dense,0.0025,1,0.971380538407,-5.78051439434,6.25559664235,0.185606782936
103,13,dense,0.0025,2,1.0371901434,-5.61369883164,6.69657776952,0.339965218635
103,13,dense,0.005,0.5,0.956931783587,-5.6469345546,6.11265557169,0.1195454986
103,13,dense,0.005,1,0.952547329452,-5.75199557469,6.08816984202,0.184852754132
103,13,dense,0.005,2,0.984393845066,-5.75286302589,6.48303191802,0.334953822228
103,13,dense,0.01,0.5,0.934348796061,-5.65174749137,5.98462345399,0.119799688923
103,13,dense,0.01,1,0.986686889183,-5.7481352209,6.42005015626,0.186122551347
103,13,dense,0.01,2,0.857163476507,-5.65010752683,4.72198152585,0.271368497345
103,13,fast,0.005,0.5,0.956931788567,-5.64693457686,6.1126555731,0.119545502079
103,13,fast,0.005,1,0.952547383999,-5.75199568509,6.08817071223,0.18485275002
103,13,fast,0.005,2,0.984394246908,-5.75286306947,6.48303694891,0.334953883861
103,14,dense,0.00125,0.5,0.964319592762,-5.7151702106,6.9359280583,0.0797782984113
103,14,dense,0.00125,1,1.13367777237,-5.8520458486,8.61541058894,0.139914385149
103,14,dense,0.00125,2,1.00131568958,-5.57647677202,6.48583088227,0.316821513889
103,14,dense,0.0025,0.5,0.963309966305,-5.71260622789,6.92543298424,0.0796848189384
103,14,dense,0.0025,1,1.13811435502,-5.85902100495,8.63180401268,0.140194199261
103,14,dense,0.0025,2,1.01919119239,-5.60226505989,6.89077825169,0.313759975278
103,14,dense,0.005,0.5,0.960491116295,-5.71141581825,6.85612129434,0.0798289841943
103,14,dense,0.005,1,1.14710956843,-5.90247148713,9.06198450796,0.150111038408
103,14,dense,0.005,2,0.996500352184,-5.77792419031,6.12083029744,0.324881409362
103,14,dense,0.01,0.5,0.965574418214,-5.72439028465,6.80479848683,0.0796075524423
103,14,dense,0.01,1,1.26505281671,-5.95696731016,12.774281749,0.149859091411
103,14,dense,0.01,2,0.999178474706,-5.60392410373,6.08757463459,0.348122920232
103,14,fast,0.005,0.5,0.960491118765,-5.71141583597,6.85612128729,0.0798289862455
103,14,fast,0.005,1,1.14710958951,-5.9024714421,9.06198449463,0.150111046778
103,14,fast,0.005,2,0.99650149337,-5.77792532254,6.12084524842,0.324881410175
103,15,dense,0.00125,0.5,1.003372432,-5.57506078327,6.46864696956,0.110153601577
103,15,dense,0.00125,1,1.02851249238,-5.77542487091,6.06841070537,0.163297290546
103,15,dense,0.00125,2,1.26304442897,-5.80432927711,9.14746467536,0.245266389268
103,15,dense,0.0025,0.5,1.00234171964,-5.57852020606,6.47196167957,0.110002839022
103,15,dense,0.0025,1,1.02483997289,-5.78438564037,5.96651809347,0.163093934762
103,15,dense,0.0025,2,1.1921192421,-5.65907611894,8.06936734699,0.263990123573
103,15,dense,0.005,0.5,1.00235290702,-5.58138230674,6.45426822845,0.110469302433
103,15,dense,0.005,1,1.00661357079,-5.76452116533,5.81361300442,0.16197836674
103,15,dense,0.005,2,1.21590583161,-5.73965627994,9.35170159337,0.242831791628
103,15,dense,0.01,0.5,0.992437303676,-5.58773850157,6.31927506751,0.11112425716
103,15,dense,0.01,1,0.984322998447,-5.74876344849,5.68282687046,0.163692776426
103,15,dense,0.01,2,1.0868161468,-5.62899249416,7.79662446732,0.256123196774
103,15,fast,0.005,0.5,1.00235292029,-5.58138230252,6.45426860654,0.110469306914
103,15,fast,0.005,1,1.00661348061,-5.76452110222,5.81361194974,0.161978374485
103,15,fast,0.005,2,1.21590624523,-5.73965588973,9.3517044786,0.242831639228
104,0,dense,0.00125,0.5,1.06268020091,-5.60728607272,8.12118469054,0.0915906710271
104,0,dense,0.00125,1,0.894929323146,-5.6725766241,5.24994972445,0.173336856183
104,0,dense,0.00125,2,0.904314072673,-5.49784886734,5.15868410643,0.316619742068
104,0,dense,0.0025,0.5,1.06040433046,-5.60876589807,8.09271727646,0.0916545854098
104,0,dense,0.0025,1,0.881709601954,-5.66476868246,5.14567029699,0.17502559137
104,0,dense,0.0025,2,1.05421542356,-5.46474355016,6.85854913188,0.339193820473
104,0,dense,0.005,0.5,1.05643330925,-5.59852712434,8.20846001904,0.0912952627882
104,0,dense,0.005,1,0.840437051814,-5.57177682504,5.03391053747,0.173942190719
104,0,dense,0.005,2,0.961545926366,-5.51837974519,5.83146635075,0.331253016727
104,0,dense,0.01,0.5,1.0573536738,-5.58103941936,8.14465863411,0.0911722745652
104,0,dense,0.01,1,0.84753669531,-5.51150126136,4.98566799708,0.170400735208
104,0,dense,0.01,2,1.11114899534,-5.65816217695,8.62347801334,0.388202649645
104,0,fast,0.005,0.5,1.05643329431,-5.59852709295,8.20845978734,0.0912952653815
104,0,fast,0.005,1,0.840436988747,-5.57177676811,5.03391123126,0.173942194611
104,0,fast,0.005,2,0.961528174447,-5.51836924988,5.83110558588,0.33125233125
104,1,dense,0.00125,0.5,1.03265925131,-5.65543445588,6.14620201352,0.089056942314
104,1,dense,0.00125,1,1.03191685562,-5.58037692912,8.75434137746,0.199632776331
104,1,dense,0.00125,2,1.08608082032,-5.6531249297,7.88982136081,0.316052711608
104,1,dense,0.0025,0.5,1.03105266771,-5.65282221457,6.14613503294,0.0888910741321
104,1,dense,0.0025,1,1.03288744773,-5.57080733215,8.90724011026,0.20143070895
104,1,dense,0.0025,2,1.0369421585,-5.62635878297,7.030693111,0.332833854656
104,1,dense,0.005,0.5,1.03179235466,-5.65686818887,6.17560589576,0.0892448977817
104,1,dense,0.005,1,1.01491808154,-5.5084745005,7.79823392443,0.197932385089
104,1,dense,0.005,2,0.898382142653,-5.37497755444,5.35411028414,0.295376329122
104,1,dense,0.01,0.5,1.02472236757,-5.65604741637,6.07947997264,0.0886077568651
104,1,dense,0.01,1,1.02892344434,-5.5726571164,8.75214895061,0.199000974143
104,1,dense,0.01,2,1.01179132571,-5.59003387392,7.00498965971,0.349580377242
104,1,fast,0.005,0.5,1.03179235913,-5.65686819281,6.17560610401,0.0892449010566
104,1,fast,0.005,1,1.01491815018,-5.50847451427,7.79823484264,0.197932380724
104,1,fast,0.005,2,0.898385577884,-5.37497790012,5.35417669269,0.295376785296
104,2,dense,0.00125,0.5,0.873138735691,-5.27983103268,4.76591151683,0.110561117959
104,2,dense,0.00125,1,1.0693680408,-5.47837046017,7.45478062386,0.197140331142
104,2,dense,0.00125,2,1.04538859144,-5.50648414198,8.43497656413,0.358899825264
104,2,dense,0.0025,0.5,0.8702393196,-5.28359212378,4.73665156567,0.110738748148
104,2,dense,0.0025,1,1.05474523532,-5.47786060476,7.07226556208,0.197296963383
104,2,dense,0.0025,2,0.942109877706,-5.39559788432,7.92114031923,0.349552502178
104,2,dense,0.005,0.5,0.861771063518,-5.28234571531,4.65482685338,0.110563356137
104,2,dense,0.005,1,1.06306535233,-5.51296935764,6.86081587263,0.201896860912
104,2,dense,0.005,2,1.08301518723,-5.40204509671,8.78132337602,0.336729175156
104,2,dense,0.01,0.5,0.85136039204,-5.28845270558,4.58273656126,0.110862116657
104,2,dense,0.01,1,1.1299329657,-5.5420629204,8.71574304196,0.20313365523
104,2,dense,0.01,2,1.01155686052,-5.66941729438,8.45932067797,0.347373832914
104,2,fast,0.005,0.5,0.861771082884,-5.28234571728,4.65482710847,0.110563358751
104,2,fast,0.005,1,1.06306551353,-5.51296938757,6.86081701086,0.201896850859
104,2,fast,0.005,2,1.08301588006,-5.40204698809,8.78130620423,0.336728776587
104,3,dense,0.00125,0.5,0.99711772777,-5.48567324568,6.77916712135,0.112726502004
104,3,dense,0.00125,1,1.11957482677,-5.25094631909,9.47457639919,0.166528836597
104,3,dense,0.00125,2,0.832767669492,-5.56543632629,4.60667087062,0.286101480037
104,3,dense,0.0025,0.5,0.998311805275,-5.48961427351,6.78626066314,0.112614270366
104,3,dense,0.0025,1,1.12554160294,-5.24698207193,9.63687175361,0.166767849882
104,3,dense,0.0025,2,1.05629915721,-5.46999001429,8.7184568481,0.279159333181
104,3,dense,0.005,0.5,0.996670495303,-5.49270803613,6.7622478671,0.112368415515
104,3,dense,0.005,1,1.13110322977,-5.27498088323,9.68379445049,0.16452693642
104,3,dense,0.005,2,1.01992295983,-5.52717986391,6.4659678612,0.337234771237
104,3,dense,0.01,0.5,0.986242190084,-5.50163600037,6.55310409229,0.112959405144
104,3,dense,0.01,1,1.14757782907,-5.31557985562,9.32795273691,0.16914596916
104,3,dense,0.01,2,1.02627633673,-5.43442603985,7.69670230249,0.325147207812
104,3,fast,0.005,0.5,0.996670458025,-5.49270800766,6.76224735457,0.112368418814
104,3,fast,0.005,1,1.13110322504,-5.27498080341,9.68379526565,0.164526947328
104,3,fast,0.005,2,1.0199274412,-5.5271851207,6.46601565822,0.337234815584
104,4,dense,0.00125,0.5,1.07701310814,-5.51102372778,6.61378580231,0.092655715585
104,4,dense,0.00125,1,0.987599230919,-5.42731697572,6.07946277403,0.210231364936
104,4,dense,0.00125,2,0.969173295818,-5.45946017706,5.62773093919,0.454072052274
104,4,dense,0.0025,0.5,1.07617353042,-5.51351685126,6.59589226447,0.0927465933346
104,4,dense,0.0025,1,1.00099637531,-5.43796315738,6.16702772604,0.210055879376
104,4,dense,0.0025,2,1.02061965084,-5.5138493613,6.60131547998,0.427206648087
104,4,dense,0.005,0.5,1.06698182925,-5.51306192048,6.55406733063,0.0927782928671
104,4,dense,0.005,1,1.03269025576,-5.40756803474,6.71166411535,0.207956730107
104,4,dense,0.005,2,1.02168056277,-5.51600308079,6.20428953463,0.480432856266
104,4,dense,0.01,0.5,1.05500698112,-5.50238991192,6.50063981347,0.0931090306018
104,4,dense,0.01,1,0.947507048139,-5.37190206462,5.71241035903,0.197571064792
104,4,dense,0.01,2,1.00018365646,-5.61281671411,6.67674363698,0.436300162181
104,4,fast,0.005,0.5,1.06698182569,-5.51306192542,6.55406729383,0.0927782947924
104,4,fast,0.005,1,1.0326902626,-5.40756809462,6.71166461849,0.207956743121
104,4,fast,0.005,2,1.02168037412,-5.5160031657,6.20428205511,0.480432928706
104,5,dense,0.00125,0.5,1.06817453513,-5.37480266484,7.57434141381,0.0707511660297
104,5,dense,0.00125,1,1.39073579354,-5.3494796638,14.5469039368,0.153971765169
104,5,dense,0.00125,2,1.16353916363,-5.56746587812,10.4200975749,0.32361449014
104,5,dense,0.0025,0.5,1.06999196011,-5.37586227586,7.60083535201,0.0706556357826
104,5,dense,0.0025,1,1.35465989493,-5.32340309356,13.3605157784,0.152369846855
104,5,dense,0.0025,2,1.2336072254,-5.48414193049,9.87890148276,0.368305640148
104,5,dense,0.005,0.5,1.07321442368,-5.38132686142,7.7147421811,0.0709295444456
104,5,dense,0.005,1,1.2884710377,-5.33513051314,11.2709755205,0.145646282817
104,5,dense,0.005,2,1.35618543466,-5.56612820941,12.6561507478,0.445923380795
104,5,dense,0.01,0.5,1.07214535053,-5.37777753955,7.64844876799,0.0698256547985
104,5,dense,0.01,1,1.26109079455,-5.36442461019,10.5870473373,0.148663041033
104,5,dense,0.01,2,1.14884766596,-5.38991064396,9.39373477209,0.430341852928
104,5,fast,0.005,0.5,1.0732144176,-5.38132686762,7.71474234164,0.0709295457648
104,5,fast,0.005,1,1.28847100907,-5.33513056191,11.270974968,0.145646298363
104,5,fast,0.005,2,1.3561876396,-5.56612698077,12.6561884701,0.445923371944
104,6,dense,0.00125,0.5,0.960276613348,-5.43843187022,7.02239233855,0.102487726958
104,6,dense,0.00125,1,0.851600874477,-5.59479065391,4.39295086428,0.171216830021
104,6,dense,0.00125,2,0.96643891777,-5.56769555022,6.06814667908,0.326422293883
104,6,dense,0.0025,0.5,0.958083566028,-5.4404884579,7.02068193199,0.102475700357
104,6,dense,0.0025,1,0.850100885758,-5.60407829659,4.40413187639,0.1713775325
104,6,dense,0.0025,2,0.975213955023,-5.65215663337,5.57002664136,0.33144986963
104,6,dense,0.005,0.5,0.948649558949,-5.43063801105,6.89352815511,0.102631506248
104,6,dense,0.005,1,0.851571209075,-5.58630077673,4.39419085624,0.170427658388
104,6,dense,0.005,2,1.01997592368,-5.55543747284,6.47297711016,0.288371708103
104,6,dense,0.01,0.5,0.940812133641,-5.42923119599,6.83033354051,0.101776586181
104,6,dense,0.01,1,0.900053744565,-5.60313650853,4.88630225265,0.168700448545
104,6,dense,0.01,2,0.963851575808,-5.5509710774,6.90247717889,0.288142488088
104,6,fast,0.005,0.5,0.948649577382,-5.43063802118,6.89352851831,0.102631506976
104,6,fast,0.005,1,0.851571160916,-5.586300704,4.39419094666,0.170427657522
104,6,fast,0.005,2,1.0199704436,-5.55543894313,6.47290575557,0.288369943393
104,7,dense,0.00125,0.5,0.962245717851,-5.49647385028,5.40179326552,0.0983653675645
104,7,dense,0.00125,1,1.0446948079,-5.72252978054,7.79296535686,0.16977267254
104,7,dense,0.00125,2,1.2094674392,-5.34417846922,9.78705711164,0.3188068957
104,7,dense,0.0025,0.5,0.964137406208,-5.49620274573,5.40586401937,0.0985245983415
104,7,dense,0.0025,1,1.04465724419,-5.72535841602,7.78870849502,0.170349522907
104,7,dense,0.0025,2,1.27356151641,-5.41976905555,9.84835490489,0.309582736418
104,7,dense,0.005,0.5,0.969582216604,-5.50317210875,5.50019662155,0.0981557524075
104,7,dense,0.005,1,1.01636439961,-5.72528805731,7.40896043042,0.16958291271
104,7,dense,0.005,2,1.21845667604,-5.40279687283,9.09811111144,0.36373696963
104,7,dense,0.01,0.5,0.97356275613,-5.50801639264,5.58541495416,0.0985002682261
104,7,dense,0.01,1,1.02022296893,-5.72520286572,7.55676553961,0.173519665475
104,7,dense,0.01,2,0.984008391564,-5.23238833701,6.24583962503,0.307784439034
104,7,fast,0.005,0.5,0.969582224154,-5.50317211395,5.50019669345,0.0981557528108
104,7,fast,0.005,1,1.01636444312,-5.72528810053,7.40896052529,0.169582911082
104,7,fast,0.005,2,1.21845627618,-5.40279562365,9.09809601184,0.363736974071
104,8,dense,0.00125,0.5,1.10138251662,-5.63602378822,8.57248700582,0.0817363563574
104,8,dense,0.00125,1,0.922893396685,-5.45104285014,6.46967588111,0.200212525733
104,8,dense,0.00125,2,0.948881827432,-5.47838443825,5.71478744995,0.380084894652
104,8,dense,0.0025,0.5,1.100706533,-5.63365703193,8.52479487125,0.0815271722334
104,8,dense,0.0025,1,0.927772923774,-5.44250647433,6.54349279631,0.199554306137
104,8,dense,0.0025,2,1.01257510175,-5.60223438542,6.33659528481,0.3480169179
104,8,dense,0.005,0.5,1.09474456429,-5.62351357645,8.42144975903,0.0812542147853
104,8,dense,0.005,1,0.924140694939,-5.45074817911,6.17614147301,0.196636269845
104,8,dense,0.005,2,1.07290921447,-5.55010668885,6.62264923875,0.315789915774
104,8,dense,0.01,0.5,1.080104257,-5.59764482973,8.2970392344,0.0814811248407
104,8,dense,0.01,1,0.941491457385,-5.56404074332,5.8643083381,0.189843380072
104,8,dense,0.01,2,0.957378400848,-5.6260799864,5.19253648409,0.31891626161
104,8,fast,0.005,0.5,1.0947445534,-5.62351357428,8.42144938815,0.081254216909
104,8,fast,0.005,1,0.924140738222,-5.45074820026,6.17614123314,0.196636276494
104,8,fast,0.005,2,1.07291023927,-5.55010727299,6.62266617638,0.315789962418
104,9,dense,0.00125,0.5,1.2294369564,-5.58677048628,8.95747389037,0.102247672761
104,9,dense,0.00125,1,1.09831197006,-5.40645028103,7.70884211866,0.221248243711
104,9,dense,0.00125,2,1.02166542108,-5.53651899816,6.26205601404,0.416644133215
104,9,dense,0.0025,0.5,1.22632646923,-5.57930545423,8.93317648894,0.102377871211
104,9,dense,0.0025,1,1.10573500335,-5.39708138151,7.72314140224,0.223457162969
104,9,dense,0.0025,2,1.21425274408,-5.49479808287,10.2342267379,0.440802175411
104,9,dense,0.005,0.5,1.22653012985,-5.58260929566,8.94719356877,0.101689041881
104,9,dense,0.005,1,1.11731637979,-5.49195215821,7.98917923797,0.22191603429
104,9,dense,0.005,2,1.05138880912,-5.55914237126,7.79077440673,0.428273523306
104,9,dense,0.01,0.5,1.21853044644,-5.5883604605,8.8572528424,0.100738066784
104,9,dense,0.01,1,1.09607028691,-5.46519626012,7.57715172696,0.216689730919
104,9,dense,0.01,2,1.07181674931,-5.63251626524,9.78958839124,0.420310471705
104,9,fast,0.005,0.5,1.22653012105,-5.58260925547,8.94719348489,0.101689045886
104,9,fast,0.005,1,1.11731632352,-5.49195228451,7.98917741978,0.221916048973
104,9,fast,0.005,2,1.05138737858,-5.55914174785,7.79073096021,0.428273572425
104,10,dense,0.00125,0.5,0.967783153893,-5.44090981296,6.49351542974,0.0840991513398
104,10,dense,0.00125,1,0.943348406638,-5.25007400808,5.75707520087,0.153232204908
104,10,dense,0.00125,2,0.84779993183,-5.62993182322,4.80821116276,0.319626765479
104,10,dense,0.0025,0.5,0.972861369361,-5.44444340158,6.56330764639,0.0840866431007
104,10,dense,0.0025,1,0.934050010884,-5.26402693477,5.73336293173,0.154536312064
104,10,dense,0.0025,2,0.901693930093,-5.62196789709,4.98814222136,0.362868087296
104,10,dense,0.005,0.5,0.961587491374,-5.43791220225,6.47995811372,0.0843918787098
104,10,dense,0.005,1,0.929339310036,-5.26728264275,5.51212675653,0.154279363926
104,10,dense,0.005,2,0.814832081464,-5.72251222781,4.16898022035,0.343568637218
104,10,dense,0.01,0.5,0.947652915708,-5.42645676422,6.35798095411,0.0844957687355
104,10,dense,0.01,1,0.911305417372,-5.2832449583,5.06506705661,0.150208800103
104,10,dense,0.01,2,0.939217442813,-5.44324065003,5.46439940632,0.336820132902
104,10,fast,0.005,0.5,0.961587499062,-5.43791221373,6.47995821932,0.0843918829758
104,10,fast,0.005,1,0.929339331182,-5.26728260786,5.51212735281,0.154279370499
104,10,fast,0.005,2,0.814831494666,-5.7225120872,4.16896937801,0.343568740374
104,11,dense,0.00125,0.5,0.974304188001,-5.4265123208,5.9911100576,0.11207045127
104,11,dense,0.00125,1,1.00651675784,-5.47366992184,5.83662742402,0.22246287658
104,11,dense,0.00125,2,0.926893893916,-5.46078863372,5.59237295181,0.377658495098
104,11,dense,0.0025,0.5,0.97451906296,-5.4248950845,5.98497510836,0.112071997331
104,11,dense,0.0025,1,1.01582840135,-5.47729852505,5.99549514776,0.222190541581
104,11,dense,0.0025,2,0.977878380805,-5.4539809332,6.5308376031,0.355441317212
104,11,dense,0.005,0.5,0.96742482677,-5.41799122416,5.90157637065,0.112052194824
104,11,dense,0.005,1,0.992164317251,-5.43218040275,5.94140252551,0.223331861175
104,11,dense,0.005,2,0.918299538122,-5.42965398754,5.95868177209,0.370586387992
104,11,dense,0.01,0.5,0.964744075895,-5.42181177677,5.8667990091,0.111491725377
104,11,dense,0.01,1,1.03599800727,-5.45713158192,6.58967930455,0.224609072823
104,11,dense,0.01,2,1.02414845275,-5.59115082536,7.68046392837,0.329702477198
104,11,fast,0.005,0.5,0.967424828955,-5.41799123733,5.90157635751,0.112052196989
104,11,fast,0.005,1,0.992164365769,-5.43218043932,5.94140274092,0.223331864247
104,11,fast,0.005,2,0.918301379123,-5.42965459582,5.95870497875,0.370586756244
104,12,dense,0.00125,0.5,1.09483413071,-5.39485707663,8.79121353275,0.107130778344
104,12,dense,0.00125,1,1.06449375632,-5.57601963071,6.63995607064,0.163266096173
104,12,dense,0.00125,2,1.26634733467,-5.78577335434,9.81578257081,0.304086574877
104,12,dense,0.0025,0.5,1.09395239803,-5.39314242378,8.78897456163,0.107056929351
104,12,dense,0.0025,1,1.06729687699,-5.58970664206,6.68454326819,0.164199285796
104,12,dense,0.0025,2,1.07306504467,-5.73835814789,7.50559290802,0.327770411673
104,12,dense,0.005,0.5,1.09577300149,-5.40186622168,8.80463931471,0.107081244739
104,12,dense,0.005,1,1.04030749701,-5.58870739745,6.32213583253,0.165691902058
104,12,dense,0.005,2,1.02147960568,-5.59273425363,6.55541483829,0.323097636996
104,12,dense,0.01,0.5,1.0905126646,-5.41734282895,8.7413912528,0.105953023824
104,12,dense,0.01,1,1.00971199865,-5.58501689629,6.01331668773,0.161681690697
104,12,dense,0.01,2,1.0375196692,-5.83825612996,6.06574089391,0.258866582973
104,12,fast,0.005,0.5,1.095772989,-5.40186622232,8.80463898939,0.107081245628
104,12,fast,0.005,1,1.04030751435,-5.58870746569,6.32213601045,0.165691909625
104,12,fast,0.005,2,1.02147854471,-5.59273058538,6.5554044182,0.32309774053
104,13,dense,0.00125,0.5,0.945150593385,-5.50555752797,6.6682482942,0.0811624808117
104,13,dense,0.00125,1,0.986448581018,-5.47402198459,6.32783952696,0.173458489683
104,13,dense,0.00125,2,0.945688769454,-5.47970121914,4.86146944251,0.353620197066
104,13,dense,0.0025,0.5,0.943712559625,-5.50392859191,6.60676412032,0.0808961631875
104,13,dense,0.0025,1,0.988770789385,-5.48108037597,6.39053007622,0.172975756396
104,13,dense,0.0025,2,0.97598855739,-5.55475182931,6.14335655624,0.328423811536
104,13,dense,0.005,0.5,0.945994546677,-5.50799159016,6.63239323796,0.0810643731123
104,13,dense,0.005,1,0.96918095008,-5.47922205201,6.03817884501,0.172761870397
104,13,dense,0.005,2,1.04731039155,-5.86346812026,7.62831144282,0.309171358383
104,13,dense,0.01,0.5,0.94817255398,-5.50460293754,6.70541111949,0.081600649372
104,13,dense,0.01,1,0.964482463185,-5.44616054551,5.97482746903,0.175103101895
104,13,dense,0.01,2,1.05862712416,-5.75453997876,7.44348904664,0.338384936616
104,13,fast,0.005,0.5,0.94599455752,-5.50799161824,6.63239326717,0.0810643739914
104,13,fast,0.005,1,0.969180931943,-5.4792219845,6.03817873137,0.172761873189
104,13,fast,0.005,2,1.04731018941,-5.8634678911,7.62831426663,0.309171292646
104,14,dense,0.00125,0.5,1.08597390019,-5.30958790168,7.78453344177,0.0899284507732
104,14,dense,0.00125,1,1.02746370273,-5.30110649549,6.91044725035,0.141163397676
104,14,dense,0.00125,2,0.997938479868,-5.31068715066,6.51907283489,0.311898670421
104,14,dense,0.0025,0.5,1.08693405319,-5.3107904574,7.80375993925,0.0898396840813
104,14,dense,0.0025,1,1.02088803287,-5.30825176416,7.05479311814,0.141755091031
104,14,dense,0.0025,2,1.21722229363,-5.37996623125,8.66844360438,0.28647938029
104,14,dense,0.005,0.5,1.08247299899,-5.30637385221,7.76447906264,0.0898209778415
104,14,dense,0.005,1,1.02208789754,-5.32387210981,7.02901435518,0.142547465576
104,14,dense,0.005,2,1.15556843971,-5.34971632517,8.46793075934,0.349117755813
104,14,dense,0.01,0.5,1.09155137117,-5.30728003011,7.8754165418,0.0902526311746
104,14,dense,0.01,1,0.968304689019,-5.26486958762,6.18919619525,0.137268465788
104,14,dense,0.01,2,0.972457486209,-5.31841289645,6.79141101766,0.256855855692
104,14,fast,0.005,0.5,1.08247298652,-5.30637383614,7.76447879709,0.0898209820549
104,14,fast,0.005,1,1.02208794868,-5.32387213485,7.02901552522,0.142547470891
104,14,fast,0.005,2,1.15556852371,-5.34971575746,8.4679219841,0.349117112036
104,15,dense,0.00125,0.5,0.956009079161,-5.62034663447,5.16391277461,0.0689996503459
104,15,dense,0.00125,1,0.875264943143,-5.43546803807,5.49954094623,0.155409132695
104,15,dense,0.00125,2,0.925543168088,-5.57294017225,5.13505180221,0.310840787656
104,15,dense,0.0025,0.5,0.957517737244,-5.62268043567,5.17771549465,0.0689635752785
104,15,dense,0.0025,1,0.878075881449,-5.42912468546,5.55782436398,0.154469437669
104,15,dense,0.0025,2,0.950526743378,-5.63772569188,5.73199500074,0.313273273345
104,15,dense,0.005,0.5,0.964436205376,-5.63561913129,5.24073221733,0.0684602706654
104,15,dense,0.005,1,0.878824644792,-5.39905109105,5.47199922548,0.155676594001
104,15,dense,0.005,2,0.971608819915,-5.61879818821,6.45264786231,0.324815619057
104,15,dense,0.01,0.5,0.949324307797,-5.63504020879,5.09077690039,0.067751506478
104,15,dense,0.01,1,0.983369792903,-5.46414671689,6.39943403774,0.150052921453
104,15,dense,0.01,2,1.09658737192,-5.77774748099,9.79398656407,0.269747344404
104,15,fast,0.005,0.5,0.96443619759,-5.6356191258,5.24073208083,0.068460272707
104,15,fast,0.005,1,0.878824655272,-5.39905106811,5.4719998114,0.155676602766
104,15,fast,0.005,2,0.971608625692,-5.61879867058,6.45264729573,0.324815369658
105,0,dense,0.00125,0.5,0.925302106617,-5.75346293863,5.47074819563,0.0720917012532
105,0,dense,0.00125,1,1.05571789693,-5.75626056537,7.58287329152,0.118617381746
105,0,dense,0.00125,2,1.1012357935,-5.8936756892,7.61700970249,0.230846196278
105,0,dense,0.0025,0.5,0.924827333909,-5.75554479543,5.45158317676,0.0720508107959
105,0,dense,0.0025,1,1.0532514167,-5.75893107389,7.51445005374,0.118222258793
105,0,dense,0.0025,2,1.10123967741,-5.94404492032,8.10275952559,0.217553004721
105,0,dense,0.005,0.5,0.927066853405,-5.75896073215,5.4772303181,0.0719950811983
105,0,dense,0.005,1,1.06081216914,-5.75123123028,7.62029428396,0.119529835593
105,0,dense,0.005,2,1.05567053109,-5.99405888882,8.23485220978,0.226172225217
105,0,dense,0.01,0.5,0.925268173051,-5.76148274277,5.38489529772,0.0720725409783
105,0,dense,0.01,1,1.0804656452,-5.80916252399,7.88215381739,0.118887142787
105,0,dense,0.01,2,1.1960861214,-5.97454595752,9.16357818015,0.217013755307
105,0,fast,0.005,0.5,0.927066845081,-5.75896073198,5.47723033147,0.0719950839051
105,0,fast,0.005,1,1.06081213992,-5.75123120283,7.62029401313,0.119529838615
105,0,fast,0.005,2,1.05566959741,-5.994058136,8.23483360845,0.226172107343
105,1,dense,0.00125,0.5,1.07105280705,-5.81094282597,7.5272893647,0.069830844527
105,1,dense,0.00125,1,1.11639890014,-5.74970713924,9.11950178687,0.163262606127
105,1,dense,0.00125,2,1.1275820469,-5.76235726708,8.77498420627,0.308568981505
105,1,dense,0.0025,0.5,1.07030584353,-5.8059013834,7.53428277451,0.0697942789078
105,1,dense,0.0025,1,1.1173977288,-5.76128358538,8.99723906169,0.165457879604
105,1,dense,0.0025,2,1.04780235958,-5.93361548203,8.10866975996,0.34084921843
105,1,dense,0.005,0.5,1.0652567635,-5.80672889401,7.47689074949,0.0701230647836
105,1,dense,0.005,1,1.10615936816,-5.78585200671,8.89294500794,0.165397746463
105,1,dense,0.005,2,1.02454496189,-5.93319692682,7.65733819594,0.314728371423
105,1,dense,0.01,0.5,1.06021993964,-5.81249177423,7.42157403271,0.0697683234423
105,1,dense,0.01,1,1.18069391475,-5.85278308313,10.670724846,0.161192808552
105,1,dense,0.01,2,1.01382814245,-5.67148490303,6.15674698392,0.390742951705
105,1,fast,0.005,0.5,1.06525676196,-5.80672887784,7.47689087443,0.0701230654711
105,1,fast,0.005,1,1.10615937251,-5.78585204412,8.89294471323,0.165397745602
105,1,fast,0.005,2,1.02454525387,-5.93319684257,7.65735070985,0.314728469582
105,2,dense,0.00125,0.5,1.09749026172,-5.66519669232,7.51914372224,0.0870243242415
105,2,dense,0.00125,1,1.01207492983,-5.33668174799,6.8580369391,0.163948331059
105,2,dense,0.00125,2,1.33497561507,-5.44407630785,11.3507524751,0.31229816625
105,2,dense,0.0025,0.5,1.09563853852,-5.66295282972,7.50811059682,0.0866999397752
105,2,dense,0.0025,1,1.00223560027,-5.3308321533,6.78889533541,0.16336885196
105,2,dense,0.0025,2,1.10212773486,-5.49903700926,8.18821347569,0.311354896827
105,2,dense,0.005,0.5,1.09486919676,-5.66316996755,7.44765389824,0.0873519851174
105,2,dense,0.005,1,0.98712220378,-5.32116364667,6.73836996183,0.164319057444
105,2,dense,0.005,2,1.14529275496,-5.38780010288,8.91103561507,0.32013269331
105,2,dense,0.01,0.5,1.09252933127,-5.67794169568,7.36756421699,0.0875788069822
105,2,dense,0.01,1,0.977387714312,-5.32683111042,6.30097950715,0.163227074409
105,2,dense,0.01,2,1.21820758177,-5.56914690489,9.25262724131,0.326240987891
105,2,fast,0.005,0.5,1.0948692034,-5.66316999121,7.44765376789,0.0873519883083
105,2,fast,0.005,1,0.987122258142,-5.32116357349,6.73837006207,0.164319073119
105,2,fast,0.005,2,1.14529378649,-5.38780156249,8.91104376516,0.320133264379
105,3,dense,0.00125,0.5,0.888907704616,-5.92612260376,5.70956540662,0.101769937886
105,3,dense,0.00125,1,0.866297807301,-5.6296327295,4.91015177081,0.177875700073
105,3,dense,0.00125,2,0.970954994948,-5.52980035765,6.00782727734,0.337218313892
105,3,dense,0.0025,0.5,0.88606872797,-5.92395961496,5.74920295624,0.101581260597
105,3,dense,0.0025,1,0.868955964499,-5.63830360387,4.9745018291,0.178360278831
105,3,dense,0.0025,2,1.0182765782,-5.57636534233,6.75416493894,0.336578554991
105,3,dense,0.005,0.5,0.884822925497,-5.9206988997,5.75723387734,0.101362912572
105,3,dense,0.005,1,0.879735906238,-5.64034061699,5.04531814959,0.178361510249
105,3,dense,0.005,2,0.983222989521,-5.59068762647,5.59141819589,0.34105079243
105,3,dense,0.01,0.5,0.883275917359,-5.94308251625,5.34295320386,0.101438449346
105,3,dense,0.01,1,0.886505879568,-5.62831590942,5.23379266955,0.183933318029
105,3,dense,0.01,2,1.07305048532,-5.60266179661,7.07642743402,0.348139806011
105,3,fast,0.005,0.5,0.884822914868,-5.92069890128,5.7572338227,0.101362914026
105,3,fast,0.005,1,0.879735916394,-5.64034063628,5.04531810552,0.178361514335
105,3,fast,0.005,2,0.98322254898,-5.59068838439,5.59141396568,0.341050847091
105,4,dense,0.00125,0.5,1.06614844273,-5.35743100898,6.82618296178,0.116477522251
105,4,dense,0.00125,1,1.06031827097,-5.59040784952,6.38411000538,0.201836572158
105,4,dense,0.00125,2,1.06172604367,-5.70140967537,8.07266902994,0.448622377898
105,4,dense,0.0025,0.5,1.06842645116,-5.3540861911,6.83868525826,0.116990323122
105,4,dense,0.0025,1,1.06418357797,-5.58993220269,6.28949261137,0.20473935828
105,4,dense,0.0025,2,0.897598823831,-5.49886338424,5.22210809093,0.513514113781
105,4,dense,0.005,0.5,1.06916157337,-5.35295884007,6.84651871343,0.116504802451
105,4,dense,0.005,1,1.06600413172,-5.56691895457,6.38453661404,0.20424360142
105,4,dense,0.005,2,0.841977409206,-5.50326356799,5.07267129963,0.585543776129
105,4,dense,0.01,0.5,1.07541516466,-5.3501890225,6.92051401268,0.116750295838
105,4,dense,0.01,1,1.01874828335,-5.55272153342,6.0782649361,0.203406236441
105,4,dense,0.01,2,0.942039712936,-5.67072060606,5.88209136555,0.407866392206
105,4,fast,0.005,0.5,1.0691615718,-5.35295884292,6.84651862533,0.116504805392
105,4,fast,0.005,1,1.06600416925,-5.56691899406,6.38453660866,0.204243604577
105,4,fast,0.005,2,0.841976518347,-5.50326331254,5.0726755407,0.585544309146
105,5,dense,0.00125,0.5,1.06748206632,-5.7955496389,7.6509219462,0.105519434507
105,5,dense,0.00125,1,1.03735231081,-5.69190051224,8.2338960622,0.197233589578
105,5,dense,0.00125,2,1.00615060406,-5.44239314049,7.02985485591,0.28355093183
105,5,dense,0.0025,0.5,1.06465110861,-5.79484474102,7.59150228854,0.105520579412
105,5,dense,0.0025,1,1.01791762334,-5.67730423557,7.96074431633,0.197949233
105,5,dense,0.0025,2,0.978695565327,-5.41680606847,6.61500971713,0.287160258432
105,5,dense,0.005,0.5,1.06702958239,-5.79666735647,7.63393538817,0.105452073886
105,5,dense,0.005,1,1.03439867016,-5.70146189206,7.96294948941,0.197652290697
105,5,dense,0.005,2,1.07817771063,-5.5150971855,9.03155469227,0.27585481792
105,5,dense,0.01,0.5,1.0658138489,-5.79872269215,7.60170608631,0.105541943204
105,5,dense,0.01,1,1.02143375159,-5.70378178851,7.56182561012,0.196349858716
105,5,dense,0.01,2,1.06665188724,-5.57017345822,8.35712573608,0.271592938423
105,5,fast,0.005,0.5,1.06702957256,-5.79666734782,7.6339349884,0.105452076555
105,5,fast,0.005,1,1.03439876647,-5.70146197366,7.96295008192,0.197652292655
105,5,fast,0.005,2,1.07817803452,-5.51509748994,9.03155698417,0.275854843338
105,6,dense,0.00125,0.5,0.951284991846,-5.7631142551,5.6677043644,0.0770401178297
105,6,dense,0.00125,1,1.02585524329,-5.75257913153,6.71400834028,0.152486464536
105,6,dense,0.00125,2,0.906617308791,-5.65418996718,5.41310363524,0.228805406956
105,6,dense,0.0025,0.5,0.949202123643,-5.7593926115,5.65007008077,0.0770784205571
105,6,dense,0.0025,1,1.03904511781,-5.74047900486,7.00589962366,0.151160333042
105,6,dense,0.0025,2,0.959738174559,-5.74624864267,6.68721147364,0.280207120466
105,6,dense,0.005,0.5,0.952042906469,-5.75944437909,5.68196055471,0.076983703209
105,6,dense,0.005,1,1.04918924949,-5.6789666555,7.49416446247,0.154475591044
105,6,dense,0.005,2,1.05444024661,-5.6242570749,6.6726014195,0.302336578631
105,6,dense,0.01,0.5,0.946037610589,-5.7639572287,5.67011892948,0.076673555031
105,6,dense,0.01,1,1.04736672808,-5.78185127573,7.03719565671,0.160942093059
105,6,dense,0.01,2,1.16982297391,-5.74810383112,9.03649962976,0.246662156336
105,6,fast,0.005,0.5,0.95204291816,-5.75944438375,5.68196070033,0.0769837052383
105,6,fast,0.005,1,1.04918916024,-5.67896665384,7.49416199644,0.154475597221
105,6,fast,0.005,2,1.05444185665,-5.62425763194,6.67262271767,0.302336607589
105,7,dense,0.00125,0.5,1.02972782885,-5.66525477185,6.57521284563,0.08903917606
105,7,dense,0.00125,1,1.16111435678,-5.71875752251,8.79620670789,0.145032487149
105,7,dense,0.00125,2,1.05441027368,-5.65214843236,7.27275287163,0.338445082793
105,7,dense,0.0025,0.5,1.03191949565,-5.66435393829,6.58318108566,0.0892958206824
105,7,dense,0.0025,1,1.16223360188,-5.7134831507,8.70751393822,0.145495420305
105,7,dense,0.0025,2,1.02407820547,-5.65482947458,6.45317929446,0.350085055758
105,7,dense,0.005,0.5,1.02951655009,-5.66305932549,6.56911738417,0.0890517420633
105,7,dense,0.005,1,1.17079546786,-5.72254276899,8.99371891215,0.143404149672
105,7,dense,0.005,2,1.12504379843,-5.66015414382,8.2870502149,0.364832713178
105,7,dense,0.01,0.5,1.03197404151,-5.65429425449,6.49931166053,0.0897741909649
105,7,dense,0.01,1,1.16630574827,-5.72200042693,8.61956768587,0.145093408222
105,7,dense,0.01,2,1.21091155849,-5.79318202755,9.33517765552,0.333637881146
105,7,fast,0.005,0.5,1.0295165552,-5.66305933496,6.56911753671,0.0890517433602
105,7,fast,0.005,1,1.17079546662,-5.72254280447,8.99371917742,0.143404159055
105,7,fast,0.005,2,1.12504415845,-5.66015345551,8.28704948905,0.364832952455
105,8,dense,0.00125,0.5,0.991447613009,-5.82568124421,7.37839864248,0.0913247536449
105,8,dense,0.00125,1,0.928157884785,-5.7969488691,6.03775108707,0.16643406809
105,8,dense,0.00125,2,0.898669299995,-5.69507436278,6.12084384521,0.326493860137
105,8,dense,0.0025,0.5,0.991531085052,-5.82772995388,7.39649508428,0.0910765781239
105,8,dense,0.0025,1,0.934332434121,-5.79542966485,6.08330166617,0.165839764292
105,8,dense,0.0025,2,1.06613598133,-5.81631613131,7.76454506736,0.296899386293
105,8,dense,0.005,0.5,0.991873391488,-5.83661844906,7.42208444238,0.091119505805
105,8,dense,0.005,1,0.928057804527,-5.78929641438,6.09423085492,0.164218799944
105,8,dense,0.005,2,1.04858044392,-5.8733644544,7.00164825486,0.33413458448
105,8,dense,0.01,0.5,0.998759083411,-5.83639414482,7.68467767544,0.0914674382466
105,8,dense,0.01,1,0.920968713134,-5.79949001174,5.90602924206,0.166831509962
105,8,dense,0.01,2,0.919873823128,-5.62694152784,6.61899890207,0.350865251704
105,8,fast,0.005,0.5,0.991873413409,-5.83661846744,7.42208480995,0.0911195086684
105,8,fast,0.005,1,0.928057833414,-5.78929645104,6.09423139808,0.164218797283
105,8,fast,0.005,2,1.04857933295,-5.87336299629,7.00163480239,0.334134621561
105,9,dense,0.00125,0.5,0.911710868755,-5.5781236496,5.87025340501,0.0965057896081
105,9,dense,0.00125,1,0.968939754624,-5.56151919721,6.0676549179,0.210711221235
105,9,dense,0.00125,2,1.05643086709,-5.65170130953,7.32963803412,0.291672023798
105,9,dense,0.0025,0.5,0.911454475761,-5.58349061545,5.85720688571,0.0964898993839
105,9,dense,0.0025,1,0.965703425915,-5.5626767189,5.96303249883,0.209787140224
105,9,dense,0.0025,2,1.05185556297,-5.69086318787,8.4249628872,0.307949075623
105,9,dense,0.005,0.5,0.909381246775,-5.58300076491,5.82493957101,0.0961637810966
105,9,dense,0.005,1,0.970356776961,-5.5603889021,6.03235187826,0.212336235199
105,9,dense,0.005,2,1.03523068779,-5.62670376521,6.49371602615,0.363248882347
105,9,dense,0.01,0.5,0.905399326716,-5.57485698863,5.73914417558,0.0952635674761
105,9,dense,0.01,1,0.980855822051,-5.5470581077,6.2180549412,0.204690817836
105,9,dense,0.01,2,1.07385086369,-5.50065318618,6.56934794622,0.36560198703
105,9,fast,0.005,0.5,0.90938125715,-5.58300077249,5.82493973406,0.0961637845951
105,9,fast,0.005,1,0.970356827921,-5.56038898598,6.03235232592,0.212336240685
105,9,fast,0.005,2,1.03523055233,-5.62670344185,6.49372183288,0.36324917928
105,10,dense,0.00125,0.5,0.990655966493,-5.65617398387,6.14266876893,0.0931115124336
105,10,dense,0.00125,1,1.09157842493,-5.76144015189,9.06071052129,0.189023346017
105,10,dense,0.00125,2,1.07736690656,-5.45163486804,6.80407817323,0.360590726079
105,10,dense,0.0025,0.5,0.991224534026,-5.65478707476,6.15063720461,0.0933821149151
105,10,dense,0.0025,1,1.07862756482,-5.75423472434,8.78359604448,0.189834931514
105,10,dense,0.0025,2,1.04360899255,-5.53517336371,7.71954498548,0.364886628566
105,10,dense,0.005,0.5,0.990326325728,-5.64173874156,6.1144175171,0.0926080095672
105,10,dense,0.005,1,1.09455277833,-5.76672761109,9.21501480565,0.191443164601
105,10,dense,0.005,2,1.00820836369,-5.58050042185,5.93518129325,0.350598723604
105,10,dense,0.01,0.5,0.999063758941,-5.64300154128,6.25209291245,0.0939514778384
105,10,dense,0.01,1,1.01124028991,-5.65981304171,8.00674084068,0.19052066934
105,10,dense,0.01,2,1.06312547482,-5.57950158197,6.21345946658,0.364589403138
105,10,fast,0.005,0.5,0.990326335959,-5.64173875267,6.11441772893,0.0926080116996
105,10,fast,0.005,1,1.09455275241,-5.76672757787,9.21501438953,0.191443168491
105,10,fast,0.005,2,1.00820875763,-5.58050026808,5.93518852268,0.350598763563
105,11,dense,0.00125,0.5,1.11523277011,-5.61553819477,8.97298472154,0.0915656981448
105,11,dense,0.00125,1,1.14841346619,-5.45308663629,8.80710768062,0.210472990545
105,11,dense,0.00125,2,0.993292189543,-5.86297462325,6.12633750494,0.323644355596
105,11,dense,0.0025,0.5,1.11535871035,-5.61600216866,9.00148013967,0.09160084953
105,11,dense,0.0025,1,1.14318930657,-5.43705376112,8.67580759035,0.21199294183
105,11,dense,0.0025,2,0.9668147027,-5.88137735148,5.65689981544,0.36570751935
105,11,dense,0.005,0.5,1.11263395041,-5.62095969362,8.90818686907,0.0919552124462
105,11,dense,0.005,1,1.14026999987,-5.46234407938,8.63335797132,0.211293885554
105,11,dense,0.005,2,1.02563678364,-5.79191792375,7.93020278171,0.331303170502
105,11,dense,0.01,0.5,1.11807988845,-5.62215835703,8.9081551026,0.0920153141063
105,11,dense,0.01,1,1.16730932349,-5.49363409889,9.15289971072,0.210758035806
105,11,dense,0.01,2,1.04708880525,-5.70684551906,7.71390710777,0.32176728956
105,11,fast,0.005,0.5,1.1126339682,-5.62095970211,8.90818718514,0.0919552131216
105,11,fast,0.005,1,1.14027002348,-5.46234418076,8.63335790928,0.211293883575
105,11,fast,0.005,2,1.0256369993,-5.79191766906,7.93020682749,0.331303203815
105,12,dense,0.00125,0.5,1.05067040734,-5.49413495371,7.09886230072,0.0945898470762
105,12,dense,0.00125,1,1.1061187951,-5.54101424412,9.18583891659,0.181390451492
105,12,dense,0.00125,2,0.96017066627,-5.44255071679,5.16464065281,0.326152458679
105,12,dense,0.0025,0.5,1.04886236732,-5.49749229804,7.0895366144,0.0947367999521
105,12,dense,0.0025,1,1.10916783778,-5.5289872627,9.14188923641,0.182338023522
105,12,dense,0.0025,2,1.01669011072,-5.32041881517,6.35967256091,0.317547836361
105,12,dense,0.005,0.5,1.05052219269,-5.50084750601,7.07943436053,0.0946293188878
105,12,dense,0.005,1,1.1037110953,-5.52862963215,9.09680325241,0.181992419152
105,12,dense,0.005,2,1.07003602515,-5.54628486991,7.53543720392,0.325062279861
105,12,dense,0.01,0.5,1.05396783687,-5.50432517932,7.05299499017,0.0941876602589
105,12,dense,0.01,1,1.0843093904,-5.56867849119,8.11392648255,0.168324824178
105,12,dense,0.01,2,1.02940952346,-5.49013113288,6.30789749945,0.283598318298
105,12,fast,0.005,0.5,1.05052217643,-5.500847512,7.07943436534,0.0946293206101
105,12,fast,0.005,1,1.1037111156,-5.52862960857,9.09680359637,0.1819924355
105,12,fast,0.005,2,1.07003631138,-5.54628545336,7.53545043722,0.32506225953
105,13,dense,0.00125,0.5,1.13855990354,-5.80354468407,8.63804986797,0.0880281338702
105,13,dense,0.00125,1,0.946410784424,-5.63866279724,5.47903578933,0.175794989373
105,13,dense,0.00125,2,0.907012724332,-5.81422163149,5.82591942138,0.327219286492
105,13,dense,0.0025,0.5,1.13968156732,-5.80325918174,8.63236780407,0.0880080023279
105,13,dense,0.0025,1,0.93031744717,-5.6197470175,5.23091338932,0.175735283674
105,13,dense,0.0025,2,1.02718079099,-5.80989930826,7.14932937472,0.329110631695
105,13,dense,0.005,0.5,1.1335680345,-5.80371943328,8.49868017947,0.088697264037
105,13,dense,0.005,1,0.911306846411,-5.63040388453,4.94457363922,0.177100605497
105,13,dense,0.005,2,0.878878156896,-5.71210280592,4.59983080896,0.325892409692
105,13,dense,0.01,0.5,1.1317484297,-5.80527334498,8.37444377093,0.0890701527407
105,13,dense,0.01,1,0.909120269214,-5.63971220925,4.81784259793,0.177058119661
105,13,dense,0.01,2,0.968006978436,-5.8782587758,5.39044202617,0.329738160242
105,13,fast,0.005,0.5,1.13356804922,-5.80371943792,8.49868040125,0.0886972670875
105,13,fast,0.005,1,0.911306914727,-5.63040387897,4.94457410034,0.177100593383
105,13,fast,0.005,2,0.878877139469,-5.71210248302,4.59982175331,0.325892702352
105,14,dense,0.00125,0.5,0.971912167173,-5.57023487794,5.89712669945,0.116480684783
105,14,dense,0.00125,1,0.967308710622,-5.63626430771,6.69008625795,0.193188495654
105,14,dense,0.00125,2,1.04072692379,-5.73011532773,7.18695451443,0.330893606176
105,14,dense,0.0025,0.5,0.970444432827,-5.5666354718,5.87441513296,0.116557420219
105,14,dense,0.0025,1,0.971534089615,-5.63873044967,6.85102385183,0.19303921603
105,14,dense,0.0025,2,0.981607425494,-5.727109585,6.81883378363,0.333688981967
105,14,dense,0.005,0.5,0.965044667163,-5.56427220378,5.78368622897,0.116749179138
105,14,dense,0.005,1,0.964484610275,-5.60308271976,6.77361048732,0.193677602031
105,14,dense,0.005,2,0.973537273924,-5.54061306219,6.7115773418,0.344174438469
105,14,dense,0.01,0.5,0.974013422574,-5.57153964542,5.91988462105,0.116924516297
105,14,dense,0.01,1,0.960086886541,-5.65319506212,6.61815809718,0.197031121645
105,14,dense,0.01,2,0.982420524434,-5.55950437224,6.37707911553,0.382055708716
105,14,fast,0.005,0.5,0.965044646537,-5.56427218376,5.7836860139,0.116749183028
105,14,fast,0.005,1,0.964484666704,-5.60308270621,6.77361165246,0.193677602043
105,14,fast,0.005,2,0.973539844541,-5.54061372989,6.71160977582,0.344174583733
105,15,dense,0.00125,0.5,0.967059676472,-5.69151117416,7.091263839,0.0965083523554
105,15,dense,0.00125,1,1.10197166571,-5.51854111014,7.01533625191,0.177007316582
105,15,dense,0.00125,2,0.999839998298,-5.6920153218,7.23348117253,0.244647560399
105,15,dense,0.0025,0.5,0.96837347779,-5.69502992387,7.08588547125,0.0963149871856
105,15,dense,0.0025,1,1.10600422109,-5.51676001932,6.99078447215,0.176162355755
105,15,dense,0.0025,2,1.08479802275,-5.66979687009,7.71690757436,0.24454203964
105,15,dense,0.005,0.5,0.966113689834,-5.6940955378,7.00592650952,0.0961211412101
105,15,dense,0.005,1,1.10618712833,-5.51926977341,6.99092001491,0.173701364743
105,15,dense,0.005,2,1.01147579438,-5.68466411288,6.62906956023,0.276059369477
105,15,dense,0.01,0.5,0.965090677457,-5.69318970876,6.93868812255,0.0963389819386
105,15,dense,0.01,1,1.09088745076,-5.52272953671,6.90297969167,0.17853136356
105,15,dense,0.01,2,0.969770385431,-5.83829200791,6.94173850319,0.257879874211
105,15,fast,0.005,0.5,0.966113699705,-5.69409555091,7.00592659803,0.0961211421742
105,15,fast,0.005,1,1.10618715657,-5.51926976374,6.99092036817,0.17370135914
105,15,fast,0.005,2,1.01147421866,-5.68466733551,6.62905329545,0.276059104122
