law,seed,delta,stride,c_first_lag,c_first_lag_ref,lags_before_half,tau_half,tau_half_rel,tau_1e,tau_1e_rel,gk_quad_rel_T0.2,gk_prod_rel_T0.2,gk_quad_bias_over_sem_T0.2,gk_quad_rel_T0.5,gk_prod_rel_T0.5,gk_quad_bias_over_sem_T0.5,gk_quad_rel_T1.0,gk_prod_rel_T1.0,gk_quad_bias_over_sem_T1.0,gk_quad_rel_T2.0,gk_prod_rel_T2.0,gk_quad_bias_over_sem_T2.0,gk_quad_rel_T3.0,gk_prod_rel_T3.0,gk_quad_bias_over_sem_T3.0
A,101,0.01,2,0.9292152213685623,0.9291574595691577,6,0.05832649343723184,0.0006334554457398325,0.07346482639543327,0.0009907936299831726,0.0007103734005301731,0.0011362620633291773,0.03959729805512597,0.0010683937331295824,0.0014863821701360013,0.02555962582900695,0.00114337969816,0.0009840753165662776,0.01875006084921442,0.0012697894380426637,0.0016859703697184127,0.02880579449220006,0.001422763778544614,0.0025413316976770246,0.020275850236905042
A,101,0.025,5,0.8052548635073451,0.8053188680556546,3,0.058625048477723755,0.005755384507524784,0.07354775480758399,0.0021207299704900616,0.005741691468383558,0.0059449281715161706,0.3200506497631743,0.00873525779120191,0.008166648984289135,0.2089771904680002,0.009597366847978593,0.010755472098251697,0.15738534861290687,0.010676734529534942,0.007733636017601607,0.24220694509763785,0.011990569618906466,0.006434702371666324,0.17087797532828988
A,101,0.05,10,0.5767090055946431,0.5761409299799852,2,0.059412351439731476,0.019262139961703513,0.07562381347692082,0.03040794872543778,0.024432335770516737,0.023532333931569838,1.3618957029725867,0.036749754718206275,0.029200863686662214,0.8791796046516205,0.039924098509038344,0.04296334811972511,0.6547075110736718,0.044307106352484305,0.04381069894629735,1.0051283794745443,0.0497285512967635,0.038312814731314725,0.7086831094497178
A,101,0.1,20,0.1714061990907928,0.16885989895061482,1,0.06034319825363831,0.03523149469228787,0.0762883524031846,0.039462585887694086,0.10540792533126667,0.10285233466038911,5.8755987113249795,0.15574164086052064,0.14469787308441281,3.7258717857976054,0.17009309494827787,0.16613503392653806,2.789323516451946,0.1850576365150907,0.196295621939372,4.198123001308862,0.20625552413699744,0.23201083258302596,2.9393537992751035
A,102,0.01,2,0.9280783330396641,0.9281153731888628,6,0.05759023907916146,4.587962318837984e-06,0.07253098200652018,0.0002645584982437693,0.0007565654588616631,8.855003306480098e-05,0.0262587983935797,0.001098275580360943,0.001399961570892847,0.020968951890043518,0.001277669378310945,0.0016804002364763984,0.019960975728767448,0.0012519766078212687,0.0033266052515141848,0.013327080022522367,0.00115692025052685,0.0010014404776978224,0.011311374185396749
A,102,0.025,5,0.8024243944198322,0.8023009945165056,3,0.0578730655917393,0.004915625226575699,0.07263750743027274,0.0017336356155108585,0.006058571456462717,0.006505883902650615,0.2102802930862332,0.00907207710487925,0.007682781928868049,0.17320966773426708,0.010066749942547538,0.009020078742929129,0.15727241701323724,0.010044983196893398,0.014447816727117434,0.10692715347362312,0.009905341801117566,0.01361156401945183,0.09684593859919842
A,102,0.05,10,0.570568456867219,0.5701712671393611,2,0.05856930076983369,0.017005145664893865,0.07461302422280244,0.028977709494283875,0.025351976712745892,0.025554248611441066,0.8799138760317714,0.037877694941009565,0.033169286374982884,0.7231842145327004,0.04240429026033951,0.044539637425634104,0.6624804687744907,0.04202835260688984,0.054792540774702206,0.4473847313980879,0.04155844257841872,0.052914460848216785,0.4063228164194959
A,102,0.1,20,0.1573766083956155,0.15861949845163795,1,0.05933849036020499,0.030361456242574497,0.07501815937307152,0.03456487129749216,0.11194815624110949,0.11267060297074422,3.885485427382908,0.16623748171788535,0.1678401274810229,3.1739080962892086,0.18457225292280335,0.18251637826898143,2.883564655565671,0.18466174859281825,0.19145979343532946,1.9656931968386482,0.1805302149809001,0.1648564836618714,1.7650696428635868
B,101,0.01,2,0.6726780632638809,0.6724470446940455,2,0.01746629278487763,0.014623908914847243,0.024549299148537897,0.01588386155780058,0.015525089421792853,0.014972455939177204,1.138079307112404,0.023469192248434675,0.02388550963073817,0.7971867777662325,0.029258699123462045,0.02688209383541665,0.6370368655947254,0.03483741828072173,0.028530114862936117,0.5350183161177282,0.03575843384369935,0.022938970687168526,0.4542852402672132
B,101,0.025,5,0.3525228487088142,0.3531678462168688,1,0.019305700556494932,0.12147583944830026,0.024407060448696748,0.009997827957277444,0.12281129136507135,0.1280823634241757,9.002781599836949,0.18740728659147468,0.19209291046154503,6.365732972243006,0.2368065692741181,0.2538980242576416,5.1558859129747425,0.28419169027478874,0.28474611128293614,4.364495622501635,0.2914396212787206,0.31633667480732447,3.7025312393349563
B,101,0.05,10,0.08742437203301087,0.08690069446403778,1,0.027394989778210834,0.5913858742546723,0.03463387249541052,0.433197417101564,0.49573304401366336,0.4899851981557762,36.34011398683721,0.7522768527759753,0.7127724518685272,25.552867516886987,0.9448374594975634,0.9525894028267905,20.571532970587914,1.1325733475252584,1.085163210315017,17.393581820272267,1.1507030393208961,1.0726423785685368,14.618856322931887
B,101,0.1,20,-0.04514382353480423,-0.04867421977217094,1,0.04784030568242167,1.7790624234357197,0.06048168152500281,1.5028154086748462,1.7546882822952543,1.7412582961152427,128.62885167731451,2.65549287186994,2.6214990110762386,90.2001135573121,3.3437124480654874,3.344622922815577,72.80118943010831,3.943019634555776,3.9458396541457863,60.55522565707951,3.981433344478414,3.961729723766458,50.58125340192899
B,102,0.01,2,0.6714024948615901,0.6716920478227979,2,0.017400603220554964,0.013601213656288413,0.024447381011640585,0.014590529921035149,0.015295410460731854,0.012320797761192805,1.0367616699931912,0.021658750689815896,0.022413016079197566,0.9271224828578873,0.029619238907504602,0.02748295781454052,0.678914329696584,0.033739809508591394,0.03817460125079871,0.667306152510839,0.035702212693069765,0.0413380602646612,0.31520753291613623
B,102,0.025,5,0.351722539360983,0.35190937993369686,1,0.0192818673468588,0.12318658707466978,0.024376929525109003,0.011666723439687835,0.12075326844788946,0.11357260295444331,8.184962448348692,0.1740636621224837,0.15422067187356808,7.450953054195077,0.22725458927860714,0.22100335173092464,5.208992629161267,0.2647002527361011,0.24669881884416783,5.235243168074089,0.2958137856874852,0.2918312188675146,2.611679404599884
B,102,0.05,10,0.08650414857576016,0.08654224827973228,1,0.027367393033063337,0.5941759283467496,0.03459898355548154,0.43589209181836597,0.48002491518480944,0.465043017906105,32.53730483291198,0.6943381693900748,0.6454820817647478,29.72177558932871,0.9168332010277624,0.9215857187946404,21.01509765538327,1.0554331047056043,1.0294637164278106,20.874362202736396,1.1837823020851188,1.236877534574792,10.451371800338444
B,102,0.1,20,-0.049166672880160515,-0.044501512451807994,1,0.04765687024992946,1.776056721259354,0.06024977490881096,1.5004253430356074,1.7318486974913534,1.702703939781276,117.38909213298463,2.5254841042870786,2.4616527727893933,108.10563945803777,3.2930940378700417,3.247180704506914,75.48231534004381,3.8126643825153703,3.7845336014533184,75.40689876342056,4.267772592159993,4.269266206507881,37.67929123572168
