law,N,state,rank_noise,rank_damp,budget,lam_min,lam_max,dense_null,lean_dense_vs_DenseRef,direct_matvec_vs_dense,direct_noise_err,direct_damp_err,pppm_op_err,pppm_noise_err,pppm_damp_err,pppm_M,accuracy_cpu_s,direct_pass,pppm_pass,dense_pass
A,64,liquid_clustered,32,5,2e-07,1.8760979527366302,11.667168524138226,2.6474176636001397e-16,3.159757473018721e-15,4.043098038654235e-16,8.835882722401892e-15,1.9848413801992287e-11,1.359406179748786e-07,1.1609836394971247e-14,1.985208719326239e-11,18,3.139937088999999,True,True,True
A,64,v2_state,32,5,2e-07,1.7294701842094076,11.840188520777888,3.8099153967989087e-16,3.4799865287605905e-15,3.6620430024072044e-16,7.283462542956082e-15,1.0818547719579649e-11,1.3424976687200496e-07,6.922719297486879e-15,1.0818747197960496e-11,18,4.522841164,True,True,True
B,64,liquid_clustered,16,6,5e-08,29.875265218052633,50.74843315399066,4.887921491625204e-16,3.3241229378565217e-15,4.029568138319721e-16,7.705962203383506e-15,1.8100015706559876e-12,3.61126363429628e-08,5.55455226589003e-15,1.8146294157288296e-12,20,5.575087809999999,True,True,True
B,64,v2_state,16,6,5e-08,30.03118380795372,51.077665125266314,4.938169394469824e-16,3.331454829981776e-15,4.28406547357533e-16,6.393277528326823e-15,2.389839836954955e-12,3.57985102211371e-08,6.221384400295243e-15,2.3833605500482826e-12,20,4.770120971000001,True,True,True
A,108,jittered_lattice,32,5,2e-07,2.4358985065161214,6.329555905556614,1.2500231709761601e-15,3.808807637164025e-15,4.948638157107886e-16,1.0876676834623319e-14,1.1361960438557933e-13,1.5378771656852563e-07,1.481070487240159e-14,1.141621604947652e-13,24,4.840924306000001,True,True,True
A,108,liquid_clustered,32,5,2e-07,1.0601112721736987,14.281046185547748,4.907374948139944e-16,3.4275955477031166e-15,5.390998842569136e-16,8.783306780913993e-13,1.637778602590399e-10,5.374286267247667e-08,8.757556385965785e-13,1.637767060768164e-10,24,4.319366761999999,True,True,True
B,108,jittered_lattice,16,6,5e-08,33.310666903724204,46.50367301267563,4.776077343121165e-16,3.401015150525911e-15,5.169422899667847e-16,7.28126643934071e-15,2.1223057185827801e-13,5.673807973615958e-08,5.6715519025162944e-15,2.0846234098264771e-13,24,4.62472062,True,False,True
B,108,liquid_clustered,16,6,5e-08,24.973556213391017,58.821372987821405,4.410037192600628e-16,3.5357058212382982e-15,5.068996267587639e-16,4.9886832569293146e-14,6.261350511347371e-11,3.717774745185377e-08,5.857879983006005e-14,6.261316725137796e-11,24,3.8685670430000005,True,True,True
A,256,jittered_lattice,32,5,2e-07,1.7752707901680256,6.7768660837634425,6.533811858744086e-16,4.363448116141235e-15,7.175153402412924e-16,8.901016878240683e-15,4.1429873960808306e-13,1.0734734385759123e-07,9.408060269164315e-15,4.177147024208228e-13,30,8.954832636000003,True,True,True
A,256,liquid_clustered,32,5,2e-07,0.4556438375822552,18.486329870806536,8.372021716129613e-16,4.3429976567021695e-15,7.570408546856485e-16,1.2130287607983424e-09,3.8405661880867753e-10,1.0226586852103275e-07,1.213033894831522e-09,3.8405947408367993e-10,30,9.148508436,True,True,True
B,256,jittered_lattice,16,6,5e-08,28.627103668414982,49.20243123246652,4.678881045606549e-16,4.303447767963048e-15,7.851913222357353e-16,1.003243301862186e-14,2.340874356633516e-12,4.2594427135651405e-08,6.879665087325936e-15,2.3401689967556514e-12,32,9.010738007999997,True,True,True
B,256,liquid_clustered,16,6,5e-08,15.65152391590913,78.25650451155427,1.768903087132961e-16,4.496274399311736e-15,7.856099642317173e-16,1.4375407285602335e-09,2.222638895582416e-09,3.6373832557224097e-08,1.4375361015226598e-09,2.222643252391343e-09,32,9.243646898999998,True,True,True
A,512,liquid_clustered,40,5,2e-07,0.21457197237256614,21.454581259146526,9.745155767674213e-17,5.154144019135228e-15,1.050794780331595e-15,1.947896742669301e-09,7.306633163278217e-10,1.2286652804219944e-07,1.94790702961592e-09,7.306675511987047e-10,36,26.754812674999997,True,True,True
A,512,replicated_v2,40,5,2e-07,0.6196800702101295,11.896970155888779,6.077064716343585e-16,5.168891205755076e-15,9.732717650229395e-16,2.664723942866621e-10,4.3497670814040206e-11,1.3615839771365655e-07,2.6649045106941344e-10,4.349601178467096e-11,36,25.507048227,True,True,True
B,512,liquid_clustered,24,8,5e-08,9.313324842442563,96.56317067892356,5.105090960196925e-16,5.206685990027766e-15,1.0823885289438068e-15,4.1459754776698974e-10,3.5485457781859534e-12,3.416311634467377e-08,4.145935863337695e-10,3.565239722176619e-12,40,28.443379377999975,True,True,True
B,512,replicated_v2,24,8,5e-08,17.9473440143217,54.80150056884659,2.8534984545541657e-16,5.209361326598795e-15,1.0107953491177473e-15,1.4772612978663862e-14,8.013272309375258e-15,3.527540863720719e-08,1.5303354428387624e-14,7.118642794090072e-15,40,25.424139971000002,True,True,True
A,864,jittered_lattice,48,5,2e-07,1.060886020015896,6.359922987070493,5.071861579527118e-16,,1.2573437967511136e-15,2.1366378162277697e-14,6.554147469324457e-13,1.6177112898329796e-07,7.190438758762175e-15,6.602220974952125e-13,45,43.345589988,True,True,True
A,864,liquid_clustered,48,5,2e-07,0.10623545327096548,23.261063935083616,2.339212519515364e-16,,1.2215223526004641e-15,2.0821069307861145e-09,1.8066014311642864e-09,9.140350914017038e-08,2.082141276092777e-09,1.8066012521230084e-09,45,46.115793651,True,True,True
B,864,jittered_lattice,32,8,5e-08,20.257908300918235,48.68721958255642,3.490920165200292e-16,,1.3003814649713215e-15,1.3868398928338644e-14,6.316681630295156e-15,5.975398058870996e-08,2.385123928326497e-14,1.150894487270829e-14,48,37.276788091,True,False,True
B,864,liquid_clustered,32,8,5e-08,5.54628171520454,113.74185818100823,3.9261812639715485e-16,,1.2517199070688131e-15,7.745021020087552e-11,2.5088502194788286e-11,3.346225877953721e-08,7.744099730396833e-11,2.508544323875521e-11,48,40.31679033499998,True,True,True
A,1728,liquid_clustered,64,5,2e-07,0.18291791970587912,23.62547628315219,3.5047552312790167e-16,,1.560868672699927e-15,3.411077869873278e-09,1.907331793048963e-09,1.241055565912484e-07,3.4110556188948986e-09,1.907337284779431e-09,54,162.53519760300003,True,True,True
A,1728,replicated_v2,64,5,2e-07,0.44566904265121726,11.948251347327206,4.950450384129485e-16,,1.4963205539844922e-15,8.974880203476077e-14,5.6387193135853546e-11,1.3405915514577027e-07,1.074920195885972e-13,5.6387837997710265e-11,54,154.25524699000002,True,True,True
B,1728,liquid_clustered,32,8,5e-08,4.885158888401294,123.60938219167986,7.814482541195625e-16,,1.5877683939802415e-15,3.5790598201134626e-09,6.337326080234224e-11,2.968246448136288e-08,3.5790461405589943e-09,6.337380329088561e-11,60,152.31370736899999,True,True,True
B,1728,replicated_v2,32,8,5e-08,13.482249129163655,53.79634346888551,7.509390488033812e-16,,1.5876313716525142e-15,1.2518293884699645e-14,1.3964272632417356e-14,3.5710846110870424e-08,1.5079296929996834e-14,2.13350764829347e-14,60,142.55386189300003,True,True,True
