method,law,N,state,sample,t_gamma_v_s
direct,A,64,v2_state,0,0.00012588599997798156
direct,A,64,v2_state,1,0.00012797399995179148
direct,A,64,v2_state,2,0.00014381999994839134
direct,A,64,v2_state,3,0.00019453799995972076
direct,A,64,v2_state,4,0.0001654239999879792
direct,A,64,v2_state,5,0.00017517100013719755
direct,A,64,v2_state,6,0.00012826600004700595
direct,A,64,v2_state,7,0.00012385399986669654
direct,A,64,v2_state,8,0.0001251900000625028
direct,A,64,v2_state,9,0.00012161199992988259
direct,A,64,v2_state,10,0.00016775400013102626
direct,A,64,v2_state,11,0.00012932999993608973
direct,A,64,v2_state,12,0.0001225840001097822
direct,A,64,v2_state,13,0.00012500399998316425
direct,A,64,v2_state,14,0.00012087999994037091
pppm,A,64,v2_state,0,0.0012123799999699258
pppm,A,64,v2_state,1,0.0011670930000491353
pppm,A,64,v2_state,2,0.0014976330000990856
pppm,A,64,v2_state,3,0.0012065910000274016
pppm,A,64,v2_state,4,0.00112896600012391
pppm,A,64,v2_state,5,0.0010981929999616113
pppm,A,64,v2_state,6,0.0011110909999842988
pppm,A,64,v2_state,7,0.0011586630000692821
pppm,A,64,v2_state,8,0.0011009780000676983
pppm,A,64,v2_state,9,0.0011023340000519966
pppm,A,64,v2_state,10,0.0013377079999372654
pppm,A,64,v2_state,11,0.0011666569998851628
pppm,A,64,v2_state,12,0.0011107889999948384
pppm,A,64,v2_state,13,0.001094561000172689
pppm,A,64,v2_state,14,0.0011843449999560107
direct,A,64,liquid_clustered,0,0.00011839700005111808
direct,A,64,liquid_clustered,1,0.00011837499982902955
direct,A,64,liquid_clustered,2,0.00012433899996722175
direct,A,64,liquid_clustered,3,0.00013934999992670782
direct,A,64,liquid_clustered,4,0.00013759300009041908
direct,A,64,liquid_clustered,5,0.00013132300000506802
direct,A,64,liquid_clustered,6,0.00014603899990106584
direct,A,64,liquid_clustered,7,0.0001218319998770312
direct,A,64,liquid_clustered,8,0.00012174199991932255
direct,A,64,liquid_clustered,9,0.00012609899999915797
direct,A,64,liquid_clustered,10,0.0001316610000685614
direct,A,64,liquid_clustered,11,0.00012236299994583533
direct,A,64,liquid_clustered,12,0.0001234310000199912
direct,A,64,liquid_clustered,13,0.0001227010000093287
direct,A,64,liquid_clustered,14,0.00015788499990776472
pppm,A,64,liquid_clustered,0,0.0011332250001032662
pppm,A,64,liquid_clustered,1,0.0010992320001150802
pppm,A,64,liquid_clustered,2,0.00105287400015186
pppm,A,64,liquid_clustered,3,0.0010439139998652536
pppm,A,64,liquid_clustered,4,0.0030621939999946335
pppm,A,64,liquid_clustered,5,0.0012337240000306338
pppm,A,64,liquid_clustered,6,0.001199612999926103
pppm,A,64,liquid_clustered,7,0.0011543979999260046
pppm,A,64,liquid_clustered,8,0.0011543389998678322
pppm,A,64,liquid_clustered,9,0.001404675000003408
pppm,A,64,liquid_clustered,10,0.0011517059999732737
pppm,A,64,liquid_clustered,11,0.0011796290000347653
pppm,A,64,liquid_clustered,12,0.001158476000000519
pppm,A,64,liquid_clustered,13,0.001083016000166026
pppm,A,64,liquid_clustered,14,0.0011169140000220068
direct,B,64,v2_state,0,0.00021285800016812573
direct,B,64,v2_state,1,0.00016246700010924542
direct,B,64,v2_state,2,0.00012602299989339372
direct,B,64,v2_state,3,0.00011586899995563726
direct,B,64,v2_state,4,0.00012001499999314547
direct,B,64,v2_state,5,0.00011924599994017626
direct,B,64,v2_state,6,0.00011482500008241914
direct,B,64,v2_state,7,0.00015221300009216066
direct,B,64,v2_state,8,0.00011803000006693765
direct,B,64,v2_state,9,0.00011609099988163507
direct,B,64,v2_state,10,0.00011894900012521248
direct,B,64,v2_state,11,0.00012034399992444378
direct,B,64,v2_state,12,0.00012127900004088588
direct,B,64,v2_state,13,0.00013622699998450116
direct,B,64,v2_state,14,0.00012156699995102827
pppm,B,64,v2_state,0,0.0010651330001110182
pppm,B,64,v2_state,1,0.0012696979999873292
pppm,B,64,v2_state,2,0.0011164290001488553
pppm,B,64,v2_state,3,0.0011106199999630917
pppm,B,64,v2_state,4,0.001977432999865414
pppm,B,64,v2_state,5,0.0018436010000186798
pppm,B,64,v2_state,6,0.0022697800000059942
pppm,B,64,v2_state,7,0.0017162320000352338
pppm,B,64,v2_state,8,0.0024385270000948367
pppm,B,64,v2_state,9,0.0019593199999690114
pppm,B,64,v2_state,10,0.0018231060000744037
pppm,B,64,v2_state,11,0.0018921609998869826
pppm,B,64,v2_state,12,0.001739629999974568
pppm,B,64,v2_state,13,0.0018454680000559165
pppm,B,64,v2_state,14,0.0018674429998100095
direct,B,64,liquid_clustered,0,0.0001617699999769684
direct,B,64,liquid_clustered,1,0.0001277850001315528
direct,B,64,liquid_clustered,2,0.00012110900001971459
direct,B,64,liquid_clustered,3,0.0001234320000094158
direct,B,64,liquid_clustered,4,0.00011949099985031353
direct,B,64,liquid_clustered,5,0.0001237599999512895
direct,B,64,liquid_clustered,6,0.00012082900002496899
direct,B,64,liquid_clustered,7,0.0001325529999576247
direct,B,64,liquid_clustered,8,0.00016676700010975765
direct,B,64,liquid_clustered,9,0.00012466199996197247
direct,B,64,liquid_clustered,10,0.000164580000046044
direct,B,64,liquid_clustered,11,0.00012727500006803893
direct,B,64,liquid_clustered,12,0.00012300699995648756
direct,B,64,liquid_clustered,13,0.00012047500013068202
direct,B,64,liquid_clustered,14,0.00012794999997822742
pppm,B,64,liquid_clustered,0,0.001742379000006622
pppm,B,64,liquid_clustered,1,0.001812517999951524
pppm,B,64,liquid_clustered,2,0.0017216710000411695
pppm,B,64,liquid_clustered,3,0.0018303310000646889
pppm,B,64,liquid_clustered,4,0.0018261769998844102
pppm,B,64,liquid_clustered,5,0.0018579049999516428
pppm,B,64,liquid_clustered,6,0.0017667860001893132
pppm,B,64,liquid_clustered,7,0.001903606000041691
pppm,B,64,liquid_clustered,8,0.0018460260000665585
pppm,B,64,liquid_clustered,9,0.0019494200000735873
pppm,B,64,liquid_clustered,10,0.0018557469998086162
pppm,B,64,liquid_clustered,11,0.0021484679998593492
pppm,B,64,liquid_clustered,12,0.0018724770000062563
pppm,B,64,liquid_clustered,13,0.0018111070000941254
pppm,B,64,liquid_clustered,14,0.0019593099998473917
direct,A,256,jittered_lattice,0,0.0019196499999907246
direct,A,256,jittered_lattice,1,0.0017323529998520826
direct,A,256,jittered_lattice,2,0.001790065000022878
direct,A,256,jittered_lattice,3,0.0017809839998790267
direct,A,256,jittered_lattice,4,0.0018158579998726054
direct,A,256,jittered_lattice,5,0.0018862849999550235
direct,A,256,jittered_lattice,6,0.0017166410000299948
direct,A,256,jittered_lattice,7,0.0017753960000845836
direct,A,256,jittered_lattice,8,0.0018046059999505815
direct,A,256,jittered_lattice,9,0.001772292999930869
direct,A,256,jittered_lattice,10,0.0018078789998980938
direct,A,256,jittered_lattice,11,0.001776051999968331
direct,A,256,jittered_lattice,12,0.0018603450000682642
direct,A,256,jittered_lattice,13,0.0018232410000109667
direct,A,256,jittered_lattice,14,0.0018499949999295495
pppm,A,256,jittered_lattice,0,0.006787307000195142
pppm,A,256,jittered_lattice,1,0.007053527000152826
pppm,A,256,jittered_lattice,2,0.00504540699989775
pppm,A,256,jittered_lattice,3,0.0054867410001406824
pppm,A,256,jittered_lattice,4,0.005036646999997174
pppm,A,256,jittered_lattice,5,0.005037970000103087
pppm,A,256,jittered_lattice,6,0.004679249999981039
pppm,A,256,jittered_lattice,7,0.004736083999887342
pppm,A,256,jittered_lattice,8,0.004838734000031764
pppm,A,256,jittered_lattice,9,0.004465580999976737
pppm,A,256,jittered_lattice,10,0.0044509709998692415
pppm,A,256,jittered_lattice,11,0.004327038000155881
pppm,A,256,jittered_lattice,12,0.004852621000054569
pppm,A,256,jittered_lattice,13,0.008984685999848807
pppm,A,256,jittered_lattice,14,0.006983457999922393
direct,A,256,liquid_clustered,0,0.0020237670000824437
direct,A,256,liquid_clustered,1,0.0018589369999517658
direct,A,256,liquid_clustered,2,0.0018347350001022278
direct,A,256,liquid_clustered,3,0.0024409430000105203
direct,A,256,liquid_clustered,4,0.0019337080000241258
direct,A,256,liquid_clustered,5,0.00196009100000083
direct,A,256,liquid_clustered,6,0.0018202559999735968
direct,A,256,liquid_clustered,7,0.0019296899999972084
direct,A,256,liquid_clustered,8,0.0018482539999240544
direct,A,256,liquid_clustered,9,0.001962341999842465
direct,A,256,liquid_clustered,10,0.0019524389999787672
direct,A,256,liquid_clustered,11,0.0019340329999977257
direct,A,256,liquid_clustered,12,0.0019308000000819447
direct,A,256,liquid_clustered,13,0.0019149749998632615
direct,A,256,liquid_clustered,14,0.0018161509999572445
pppm,A,256,liquid_clustered,0,0.005275241999925129
pppm,A,256,liquid_clustered,1,0.005864251000048171
pppm,A,256,liquid_clustered,2,0.005234255999994275
pppm,A,256,liquid_clustered,3,0.004965927000057491
pppm,A,256,liquid_clustered,4,0.004998373999796968
pppm,A,256,liquid_clustered,5,0.005004857000130869
pppm,A,256,liquid_clustered,6,0.005262539000113975
pppm,A,256,liquid_clustered,7,0.004963211999893247
pppm,A,256,liquid_clustered,8,0.004980300999932297
pppm,A,256,liquid_clustered,9,0.005211638999981005
pppm,A,256,liquid_clustered,10,0.005002187999934904
pppm,A,256,liquid_clustered,11,0.005285512000000381
pppm,A,256,liquid_clustered,12,0.005249793000075442
pppm,A,256,liquid_clustered,13,0.005222032999881776
pppm,A,256,liquid_clustered,14,0.005455470000015339
direct,B,256,jittered_lattice,0,0.0019039940000311617
direct,B,256,jittered_lattice,1,0.0018305399999007932
direct,B,256,jittered_lattice,2,0.0018833090000498487
direct,B,256,jittered_lattice,3,0.001961925999921732
direct,B,256,jittered_lattice,4,0.00218236299997443
direct,B,256,jittered_lattice,5,0.001972539999997025
direct,B,256,jittered_lattice,6,0.0019495009998991009
direct,B,256,jittered_lattice,7,0.0019585830000323767
direct,B,256,jittered_lattice,8,0.0019030200000997866
direct,B,256,jittered_lattice,9,0.001990230000046722
direct,B,256,jittered_lattice,10,0.0018846619998384995
direct,B,256,jittered_lattice,11,0.0022033299999293376
direct,B,256,jittered_lattice,12,0.0021765120000054594
direct,B,256,jittered_lattice,13,0.0019862369999827933
direct,B,256,jittered_lattice,14,0.0021144419999927777
pppm,B,256,jittered_lattice,0,0.004451668999990943
pppm,B,256,jittered_lattice,1,0.004854671999964921
pppm,B,256,jittered_lattice,2,0.004505589000018517
pppm,B,256,jittered_lattice,3,0.004626734000112265
pppm,B,256,jittered_lattice,4,0.0043348679998871376
pppm,B,256,jittered_lattice,5,0.004366062000144666
pppm,B,256,jittered_lattice,6,0.004199403999791684
pppm,B,256,jittered_lattice,7,0.004145189000155369
pppm,B,256,jittered_lattice,8,0.004175692999979219
pppm,B,256,jittered_lattice,9,0.004211899999972957
pppm,B,256,jittered_lattice,10,0.004091496000000916
pppm,B,256,jittered_lattice,11,0.004066162000071927
pppm,B,256,jittered_lattice,12,0.003967345000091882
pppm,B,256,jittered_lattice,13,0.004127630000084537
pppm,B,256,jittered_lattice,14,0.004109092999897257
direct,B,256,liquid_clustered,0,0.0018378080001184571
direct,B,256,liquid_clustered,1,0.0018537410001044918
direct,B,256,liquid_clustered,2,0.0018372449999333185
direct,B,256,liquid_clustered,3,0.0018605730001581833
direct,B,256,liquid_clustered,4,0.0018694069999583007
direct,B,256,liquid_clustered,5,0.0018246289998842258
direct,B,256,liquid_clustered,6,0.0018572530000255938
direct,B,256,liquid_clustered,7,0.0018433750001349836
direct,B,256,liquid_clustered,8,0.0019367309998870041
direct,B,256,liquid_clustered,9,0.001851533000035488
direct,B,256,liquid_clustered,10,0.0018255330001011316
direct,B,256,liquid_clustered,11,0.002043089999915537
direct,B,256,liquid_clustered,12,0.0019122700000480108
direct,B,256,liquid_clustered,13,0.0019264780000867177
direct,B,256,liquid_clustered,14,0.0019218109998746513
pppm,B,256,liquid_clustered,0,0.005195111999910296
pppm,B,256,liquid_clustered,1,0.004837881999947058
pppm,B,256,liquid_clustered,2,0.004939173000138908
pppm,B,256,liquid_clustered,3,0.005341864000001806
pppm,B,256,liquid_clustered,4,0.005158363999953508
pppm,B,256,liquid_clustered,5,0.004955010999992737
pppm,B,256,liquid_clustered,6,0.005237478000026385
pppm,B,256,liquid_clustered,7,0.005065109000042867
pppm,B,256,liquid_clustered,8,0.005124195999997028
pppm,B,256,liquid_clustered,9,0.004771584999843981
pppm,B,256,liquid_clustered,10,0.00485160299990639
pppm,B,256,liquid_clustered,11,0.0047641380001550715
pppm,B,256,liquid_clustered,12,0.00484553599994797
pppm,B,256,liquid_clustered,13,0.0050182269999368145
pppm,B,256,liquid_clustered,14,0.005170503000044846
direct,A,512,replicated_v2,0,0.007844708999982686
direct,A,512,replicated_v2,1,0.007703921000029368
direct,A,512,replicated_v2,2,0.007552988000043115
direct,A,512,replicated_v2,3,0.007677898000110872
direct,A,512,replicated_v2,4,0.007939872000179093
direct,A,512,replicated_v2,5,0.008056482000029064
direct,A,512,replicated_v2,6,0.007938058000036108
direct,A,512,replicated_v2,7,0.007939958000179104
direct,A,512,replicated_v2,8,0.007655514999896695
direct,A,512,replicated_v2,9,0.007820084000059069
direct,A,512,replicated_v2,10,0.008141186999864658
direct,A,512,replicated_v2,11,0.007729084000175135
direct,A,512,replicated_v2,12,0.007780387999900995
direct,A,512,replicated_v2,13,0.007744809000087116
direct,A,512,replicated_v2,14,0.007713537000199722
pppm,A,512,replicated_v2,0,0.00884245500014913
pppm,A,512,replicated_v2,1,0.009024258999943413
pppm,A,512,replicated_v2,2,0.00935875599998326
pppm,A,512,replicated_v2,3,0.017218361000004734
pppm,A,512,replicated_v2,4,0.013310791000094468
pppm,A,512,replicated_v2,5,0.009860779000064213
pppm,A,512,replicated_v2,6,0.009211050999965664
pppm,A,512,replicated_v2,7,0.010228266000012809
pppm,A,512,replicated_v2,8,0.009583528000121078
pppm,A,512,replicated_v2,9,0.00962105700000393
pppm,A,512,replicated_v2,10,0.009134854999956588
pppm,A,512,replicated_v2,11,0.010501809000061257
pppm,A,512,replicated_v2,12,0.011800194999977975
pppm,A,512,replicated_v2,13,0.011984981000068728
pppm,A,512,replicated_v2,14,0.00962634600000456
direct,A,512,liquid_clustered,0,0.0077811829999063775
direct,A,512,liquid_clustered,1,0.0076688970000304835
direct,A,512,liquid_clustered,2,0.007353695000119842
direct,A,512,liquid_clustered,3,0.007467815999916638
direct,A,512,liquid_clustered,4,0.00773210499983179
direct,A,512,liquid_clustered,5,0.007431390999954601
direct,A,512,liquid_clustered,6,0.01244648000010784
direct,A,512,liquid_clustered,7,0.010045237999975143
direct,A,512,liquid_clustered,8,0.013589772000159428
direct,A,512,liquid_clustered,9,0.00752133099990715
direct,A,512,liquid_clustered,10,0.007836818999976458
direct,A,512,liquid_clustered,11,0.007494088000157717
direct,A,512,liquid_clustered,12,0.007639735999873665
direct,A,512,liquid_clustered,13,0.007948682999995071
direct,A,512,liquid_clustered,14,0.007522462999986601
pppm,A,512,liquid_clustered,0,0.011084176000167645
pppm,A,512,liquid_clustered,1,0.010932231999959185
pppm,A,512,liquid_clustered,2,0.012159222000036607
pppm,A,512,liquid_clustered,3,0.010880332999931852
pppm,A,512,liquid_clustered,4,0.01277301299978717
pppm,A,512,liquid_clustered,5,0.011692989999801284
pppm,A,512,liquid_clustered,6,0.011745986000050834
pppm,A,512,liquid_clustered,7,0.011251087000118787
pppm,A,512,liquid_clustered,8,0.014649605999920823
pppm,A,512,liquid_clustered,9,0.011836496000114494
pppm,A,512,liquid_clustered,10,0.01107215900015035
pppm,A,512,liquid_clustered,11,0.01180758100008461
pppm,A,512,liquid_clustered,12,0.016853482999977132
pppm,A,512,liquid_clustered,13,0.015500721999842426
pppm,A,512,liquid_clustered,14,0.012577056000054654
direct,B,512,replicated_v2,0,0.0071818860001258145
direct,B,512,replicated_v2,1,0.0068630299999767885
direct,B,512,replicated_v2,2,0.0074584179999419575
direct,B,512,replicated_v2,3,0.007720847999962643
direct,B,512,replicated_v2,4,0.006621435999932146
direct,B,512,replicated_v2,5,0.007332707999921695
direct,B,512,replicated_v2,6,0.007659813000145732
direct,B,512,replicated_v2,7,0.007354731999839714
direct,B,512,replicated_v2,8,0.007264650000024631
direct,B,512,replicated_v2,9,0.007507985000074768
direct,B,512,replicated_v2,10,0.007097373000078733
direct,B,512,replicated_v2,11,0.007387585000060426
direct,B,512,replicated_v2,12,0.007334294999964186
direct,B,512,replicated_v2,13,0.009528071999966414
direct,B,512,replicated_v2,14,0.007341542999938611
pppm,B,512,replicated_v2,0,0.00837275399999271
pppm,B,512,replicated_v2,1,0.009276741000121547
pppm,B,512,replicated_v2,2,0.008976616000154536
pppm,B,512,replicated_v2,3,0.009876943999870491
pppm,B,512,replicated_v2,4,0.009177065000130824
pppm,B,512,replicated_v2,5,0.010646325999914552
pppm,B,512,replicated_v2,6,0.009795115999850168
pppm,B,512,replicated_v2,7,0.008510572999966826
pppm,B,512,replicated_v2,8,0.008274991999996928
pppm,B,512,replicated_v2,9,0.00904893799997808
pppm,B,512,replicated_v2,10,0.008331585999940216
pppm,B,512,replicated_v2,11,0.00823159200012924
pppm,B,512,replicated_v2,12,0.009026636999806215
pppm,B,512,replicated_v2,13,0.00841865899997174
pppm,B,512,replicated_v2,14,0.008209322999846336
direct,B,512,liquid_clustered,0,0.008109445999934906
direct,B,512,liquid_clustered,1,0.014021079000031023
direct,B,512,liquid_clustered,2,0.010261365999895133
direct,B,512,liquid_clustered,3,0.010229211000023497
direct,B,512,liquid_clustered,4,0.010818964000009146
direct,B,512,liquid_clustered,5,0.011073582000108217
direct,B,512,liquid_clustered,6,0.010917168000105448
direct,B,512,liquid_clustered,7,0.010906485999839788
direct,B,512,liquid_clustered,8,0.011223690999941027
direct,B,512,liquid_clustered,9,0.010995589000003747
direct,B,512,liquid_clustered,10,0.011054736000005505
direct,B,512,liquid_clustered,11,0.010973409000143874
direct,B,512,liquid_clustered,12,0.011219610000125613
direct,B,512,liquid_clustered,13,0.010630957999865132
direct,B,512,liquid_clustered,14,0.009953159999895433
pppm,B,512,liquid_clustered,0,0.01915664599982847
pppm,B,512,liquid_clustered,1,0.018491218000008303
pppm,B,512,liquid_clustered,2,0.019237442000076044
pppm,B,512,liquid_clustered,3,0.01822290600011911
pppm,B,512,liquid_clustered,4,0.01889901499998814
pppm,B,512,liquid_clustered,5,0.01963430499995411
pppm,B,512,liquid_clustered,6,0.01925296299987167
pppm,B,512,liquid_clustered,7,0.019893743000011455
pppm,B,512,liquid_clustered,8,0.01967360000003282
pppm,B,512,liquid_clustered,9,0.019446937000111575
pppm,B,512,liquid_clustered,10,0.018812136999940776
pppm,B,512,liquid_clustered,11,0.019065921999981583
pppm,B,512,liquid_clustered,12,0.018524350999996386
pppm,B,512,liquid_clustered,13,0.018828238999958558
pppm,B,512,liquid_clustered,14,0.018835177000028125
direct,A,1728,replicated_v2,0,0.11848000899999533
direct,A,1728,replicated_v2,1,0.11714891300016461
direct,A,1728,replicated_v2,2,0.12098629399997662
direct,A,1728,replicated_v2,3,0.1204277419999471
direct,A,1728,replicated_v2,4,0.1262701719999768
direct,A,1728,replicated_v2,5,0.11885280899991812
direct,A,1728,replicated_v2,6,0.12154838700007531
pppm,A,1728,replicated_v2,0,0.03538931799994316
pppm,A,1728,replicated_v2,1,0.03535649400009788
pppm,A,1728,replicated_v2,2,0.035624846000018806
pppm,A,1728,replicated_v2,3,0.03688640299992585
pppm,A,1728,replicated_v2,4,0.03548690799993892
pppm,A,1728,replicated_v2,5,0.03747022600009586
pppm,A,1728,replicated_v2,6,0.03697491799994168
direct,A,1728,liquid_clustered,0,0.1752480170000581
direct,A,1728,liquid_clustered,1,0.13807868200001394
direct,A,1728,liquid_clustered,2,0.1238592790000439
direct,A,1728,liquid_clustered,3,0.12255041299999903
direct,A,1728,liquid_clustered,4,0.12125229000002946
direct,A,1728,liquid_clustered,5,0.12306280600000719
direct,A,1728,liquid_clustered,6,0.13904234899996482
pppm,A,1728,liquid_clustered,0,0.04689893799991296
pppm,A,1728,liquid_clustered,1,0.0474549590001061
pppm,A,1728,liquid_clustered,2,0.04844757299997582
pppm,A,1728,liquid_clustered,3,0.05125853399999869
pppm,A,1728,liquid_clustered,4,0.05017973899998651
pppm,A,1728,liquid_clustered,5,0.049009285000011005
pppm,A,1728,liquid_clustered,6,0.04922404099988853
direct,B,1728,replicated_v2,0,0.12304074299981949
direct,B,1728,replicated_v2,1,0.14145850399995652
direct,B,1728,replicated_v2,2,0.22458475799999178
direct,B,1728,replicated_v2,3,0.13568464499985566
direct,B,1728,replicated_v2,4,0.12719548099994427
direct,B,1728,replicated_v2,5,0.14119931300001554
direct,B,1728,replicated_v2,6,0.15979653399995186
pppm,B,1728,replicated_v2,0,0.04453651199992237
pppm,B,1728,replicated_v2,1,0.03346830400005274
pppm,B,1728,replicated_v2,2,0.033151261000057275
pppm,B,1728,replicated_v2,3,0.042335660999924585
pppm,B,1728,replicated_v2,4,0.04375965000008364
pppm,B,1728,replicated_v2,5,0.03303807699990102
pppm,B,1728,replicated_v2,6,0.031331662999946275
direct,B,1728,liquid_clustered,0,0.12014948499972888
direct,B,1728,liquid_clustered,1,0.12572936000015034
direct,B,1728,liquid_clustered,2,0.11935352299997248
direct,B,1728,liquid_clustered,3,0.11820741900010034
direct,B,1728,liquid_clustered,4,0.11608263300013277
direct,B,1728,liquid_clustered,5,0.11609715999975379
direct,B,1728,liquid_clustered,6,0.11402515600002516
pppm,B,1728,liquid_clustered,0,0.039928755999881105
pppm,B,1728,liquid_clustered,1,0.03919323100035399
pppm,B,1728,liquid_clustered,2,0.04126253200001884
pppm,B,1728,liquid_clustered,3,0.042084141000032105
pppm,B,1728,liquid_clustered,4,0.04237121899996055
pppm,B,1728,liquid_clustered,5,0.04235803900019164
pppm,B,1728,liquid_clustered,6,0.04339670700028364
direct,A,108,jittered_lattice,0,0.0006020949999765435
direct,A,108,jittered_lattice,1,0.0005889469998692221
direct,A,108,jittered_lattice,2,0.00033310500020888867
direct,A,108,jittered_lattice,3,0.0008120389998111932
direct,A,108,jittered_lattice,4,0.0004632189998119429
direct,A,108,jittered_lattice,5,0.0009793609997359454
direct,A,108,jittered_lattice,6,0.0005934490000072401
direct,A,108,jittered_lattice,7,0.0005518340003618505
direct,A,108,jittered_lattice,8,0.00036449400022320333
direct,A,108,jittered_lattice,9,0.0009101219998228771
direct,A,108,jittered_lattice,10,0.00035688999969352153
direct,A,108,jittered_lattice,11,0.0007460470001205977
direct,A,108,jittered_lattice,12,0.0006670960001429194
direct,A,108,jittered_lattice,13,0.00065225400021518
direct,A,108,jittered_lattice,14,0.0006873019997328811
pppm,A,108,jittered_lattice,0,0.002924498000083986
pppm,A,108,jittered_lattice,1,0.003075493000324059
pppm,A,108,jittered_lattice,2,0.0026218379998681485
pppm,A,108,jittered_lattice,3,0.0027814099998977326
pppm,A,108,jittered_lattice,4,0.0027069119996667723
pppm,A,108,jittered_lattice,5,0.0027239820001341286
pppm,A,108,jittered_lattice,6,0.0027564670003812353
pppm,A,108,jittered_lattice,7,0.002885659999719792
pppm,A,108,jittered_lattice,8,0.0034797039998011314
pppm,A,108,jittered_lattice,9,0.003035172000181774
pppm,A,108,jittered_lattice,10,0.0028609119999600807
pppm,A,108,jittered_lattice,11,0.0028190920002089115
pppm,A,108,jittered_lattice,12,0.002889042000333575
pppm,A,108,jittered_lattice,13,0.0028219370001352218
pppm,A,108,jittered_lattice,14,0.0028433840002435318
direct,A,108,liquid_clustered,0,0.00031512600025962456
direct,A,108,liquid_clustered,1,0.0003866870001729694
direct,A,108,liquid_clustered,2,0.0004035110000586428
direct,A,108,liquid_clustered,3,0.0004156330001023889
direct,A,108,liquid_clustered,4,0.0004364549999991141
direct,A,108,liquid_clustered,5,0.0006675209997411002
direct,A,108,liquid_clustered,6,0.00035994900008518016
direct,A,108,liquid_clustered,7,0.0003157309997732227
direct,A,108,liquid_clustered,8,0.00037081999971633195
direct,A,108,liquid_clustered,9,0.0003264609999860113
direct,A,108,liquid_clustered,10,0.0003180920002705534
direct,A,108,liquid_clustered,11,0.0003729250001924811
direct,A,108,liquid_clustered,12,0.0003364249996593571
direct,A,108,liquid_clustered,13,0.0003228000000490283
direct,A,108,liquid_clustered,14,0.0003450029998930404
pppm,A,108,liquid_clustered,0,0.0031146830001489434
pppm,A,108,liquid_clustered,1,0.0027269040001556277
pppm,A,108,liquid_clustered,2,0.0032597280001027684
pppm,A,108,liquid_clustered,3,0.0031112709998524224
pppm,A,108,liquid_clustered,4,0.003054787999644759
pppm,A,108,liquid_clustered,5,0.003096911000284308
pppm,A,108,liquid_clustered,6,0.0030764030002501386
pppm,A,108,liquid_clustered,7,0.003378773999884288
pppm,A,108,liquid_clustered,8,0.0031693709997853148
pppm,A,108,liquid_clustered,9,0.0030220769999687036
pppm,A,108,liquid_clustered,10,0.002989234000324359
pppm,A,108,liquid_clustered,11,0.003225852000014129
pppm,A,108,liquid_clustered,12,0.003185866999956488
pppm,A,108,liquid_clustered,13,0.0031077650000952417
pppm,A,108,liquid_clustered,14,0.0031486160000895325
direct,B,108,jittered_lattice,0,0.000465832999907434
direct,B,108,jittered_lattice,1,0.00047480000012001256
direct,B,108,jittered_lattice,2,0.00044450999985201634
direct,B,108,jittered_lattice,3,0.0004270999997970648
direct,B,108,jittered_lattice,4,0.000450566999916191
direct,B,108,jittered_lattice,5,0.0004221940002935298
direct,B,108,jittered_lattice,6,0.000404624000111653
direct,B,108,jittered_lattice,7,0.00046513200004483224
direct,B,108,jittered_lattice,8,0.00040074799971989705
direct,B,108,jittered_lattice,9,0.00044542800014824024
direct,B,108,jittered_lattice,10,0.00045777300010740873
direct,B,108,jittered_lattice,11,0.0004381560002002516
direct,B,108,jittered_lattice,12,0.00040461900016453
direct,B,108,jittered_lattice,13,0.0004069879996677628
direct,B,108,jittered_lattice,14,0.00045044100033919676
pppm,B,108,jittered_lattice,0,0.0016570150000916328
pppm,B,108,jittered_lattice,1,0.001698605999990832
pppm,B,108,jittered_lattice,2,0.0016983989999062032
pppm,B,108,jittered_lattice,3,0.0017127880000771256
pppm,B,108,jittered_lattice,4,0.0017517050000606105
pppm,B,108,jittered_lattice,5,0.0018110440000782546
pppm,B,108,jittered_lattice,6,0.0018582480001896329
pppm,B,108,jittered_lattice,7,0.001693305999651784
pppm,B,108,jittered_lattice,8,0.0017441180002606416
pppm,B,108,jittered_lattice,9,0.0017038779997164966
pppm,B,108,jittered_lattice,10,0.0016767899996921187
pppm,B,108,jittered_lattice,11,0.0017701169999781996
pppm,B,108,jittered_lattice,12,0.0016852999997354345
pppm,B,108,jittered_lattice,13,0.0018574719997559441
pppm,B,108,jittered_lattice,14,0.0017815930000324443
direct,B,108,liquid_clustered,0,0.0005073450001873425
direct,B,108,liquid_clustered,1,0.0005054369999015762
direct,B,108,liquid_clustered,2,0.0004769910001414246
direct,B,108,liquid_clustered,3,0.0004882620000898896
direct,B,108,liquid_clustered,4,0.0004948549999426177
direct,B,108,liquid_clustered,5,0.0005065530003776075
direct,B,108,liquid_clustered,6,0.0005360400000427035
direct,B,108,liquid_clustered,7,0.0004808859998775006
direct,B,108,liquid_clustered,8,0.0003533379999680619
direct,B,108,liquid_clustered,9,0.0003258350002397492
direct,B,108,liquid_clustered,10,0.0003812820000348438
direct,B,108,liquid_clustered,11,0.00036134299989498686
direct,B,108,liquid_clustered,12,0.00033385799997631693
direct,B,108,liquid_clustered,13,0.0003767430002881156
direct,B,108,liquid_clustered,14,0.0004806450001524354
pppm,B,108,liquid_clustered,0,0.002369107000049553
pppm,B,108,liquid_clustered,1,0.0018531000000621134
pppm,B,108,liquid_clustered,2,0.0017762449997462681
pppm,B,108,liquid_clustered,3,0.0018525919999774487
pppm,B,108,liquid_clustered,4,0.0018862399997487955
pppm,B,108,liquid_clustered,5,0.0018134950000785466
pppm,B,108,liquid_clustered,6,0.0017626479998398281
pppm,B,108,liquid_clustered,7,0.0017660540001998015
pppm,B,108,liquid_clustered,8,0.0017033579997587367
pppm,B,108,liquid_clustered,9,0.001707870000245748
pppm,B,108,liquid_clustered,10,0.0018112279999513703
pppm,B,108,liquid_clustered,11,0.0017862400000012713
pppm,B,108,liquid_clustered,12,0.0018721770002230187
pppm,B,108,liquid_clustered,13,0.0018746890000329586
pppm,B,108,liquid_clustered,14,0.0023287670001082006
direct,A,864,jittered_lattice,0,0.02252647099976457
direct,A,864,jittered_lattice,1,0.022155285999815533
direct,A,864,jittered_lattice,2,0.02183968899998945
direct,A,864,jittered_lattice,3,0.022376668000106292
direct,A,864,jittered_lattice,4,0.021811578999859194
direct,A,864,jittered_lattice,5,0.02268597000011141
direct,A,864,jittered_lattice,6,0.02272583800004213
pppm,A,864,jittered_lattice,0,0.015801080000073853
pppm,A,864,jittered_lattice,1,0.016293598000174825
pppm,A,864,jittered_lattice,2,0.016627898000024288
pppm,A,864,jittered_lattice,3,0.016034603000207426
pppm,A,864,jittered_lattice,4,0.0164293960001487
pppm,A,864,jittered_lattice,5,0.01583681500005696
pppm,A,864,jittered_lattice,6,0.01576646100011203
direct,A,864,liquid_clustered,0,0.027716101999885723
direct,A,864,liquid_clustered,1,0.0284752849997858
direct,A,864,liquid_clustered,2,0.02733960100022159
direct,A,864,liquid_clustered,3,0.02342532200009373
direct,A,864,liquid_clustered,4,0.025233163999928365
direct,A,864,liquid_clustered,5,0.030489568000120926
direct,A,864,liquid_clustered,6,0.030254935000357364
pppm,A,864,liquid_clustered,0,0.032220386999597395
pppm,A,864,liquid_clustered,1,0.029949822000162385
pppm,A,864,liquid_clustered,2,0.030044696999993903
pppm,A,864,liquid_clustered,3,0.03000262199975623
pppm,A,864,liquid_clustered,4,0.03151755899989439
pppm,A,864,liquid_clustered,5,0.025012572000377986
pppm,A,864,liquid_clustered,6,0.029397740000149497
direct,B,864,jittered_lattice,0,0.02127267200012284
direct,B,864,jittered_lattice,1,0.020033774000239646
direct,B,864,jittered_lattice,2,0.022008902999914426
direct,B,864,jittered_lattice,3,0.021045477999905415
direct,B,864,jittered_lattice,4,0.020386007000070094
direct,B,864,jittered_lattice,5,0.021273571999699925
direct,B,864,jittered_lattice,6,0.020503515000200423
pppm,B,864,jittered_lattice,0,0.02044636599976002
pppm,B,864,jittered_lattice,1,0.023772363000261976
pppm,B,864,jittered_lattice,2,0.022195413000190456
pppm,B,864,jittered_lattice,3,0.022081470000102854
pppm,B,864,jittered_lattice,4,0.02002774299990051
pppm,B,864,jittered_lattice,5,0.018150744000195118
pppm,B,864,jittered_lattice,6,0.01795465699979104
direct,B,864,liquid_clustered,0,0.02178411300019434
direct,B,864,liquid_clustered,1,0.022303937999822665
direct,B,864,liquid_clustered,2,0.022927364999759448
direct,B,864,liquid_clustered,3,0.022084635999817692
direct,B,864,liquid_clustered,4,0.02333973100030562
direct,B,864,liquid_clustered,5,0.028708759999972244
direct,B,864,liquid_clustered,6,0.02245389800009434
pppm,B,864,liquid_clustered,0,0.021501728000203002
pppm,B,864,liquid_clustered,1,0.022855506999803765
pppm,B,864,liquid_clustered,2,0.022877570999753516
pppm,B,864,liquid_clustered,3,0.02197908100015411
pppm,B,864,liquid_clustered,4,0.020594887000243034
pppm,B,864,liquid_clustered,5,0.025945319999664207
pppm,B,864,liquid_clustered,6,0.02593684600014967
