law,N,state,step_direct_over_pppm,ostep_direct_over_pppm,build_direct_over_pppm,gamma_v_direct_over_pppm,step_dense_over_pppm,both_pass_accuracy
A,64,liquid_clustered,0.3490782276981553,0.3443712314354186,3.0514259657696194,0.10771445821501148,0.304500277421935,True
A,64,v2_state,0.3321032247759965,0.32836905495089586,3.4070726993668004,0.1104497165648159,0.5285156149869211,True
B,64,liquid_clustered,0.551274422032923,0.5457000424010497,3.7475379403889417,0.06752992642437201,0.5390972006621012,True
B,64,v2_state,0.5815009552088319,0.5789992660749712,3.6331386359541966,0.06527659722641961,0.7550572675226531,True
A,108,jittered_lattice,0.9621808235398162,0.9617082362974149,10.552339544956999,0.21175296756434406,1.0987786083288726,True
A,108,liquid_clustered,0.7942406951629956,0.7939309317100057,8.635192031836834,0.11569194715029764,0.7023926889829045,True
B,108,jittered_lattice,1.5064336591821734,1.5134819574385467,11.816674762196278,0.2595242375775638,1.4668086591676341,False
B,108,liquid_clustered,1.5646520699764948,1.5756604260313622,12.594944169392175,0.2650379516522613,1.6406266746915306,True
A,256,jittered_lattice,2.284448140973996,2.294472393432128,26.98494983722634,0.3582951117979072,2.5082728571486754,True
A,256,liquid_clustered,1.7552740215313627,1.763606997018249,16.487288982834666,0.36974105681171626,2.197090215510159,True
B,256,jittered_lattice,3.7461256899436006,3.7765822423568203,36.25799730811191,0.46719153480328524,4.44715238473359,True
B,256,liquid_clustered,3.562873775278228,3.6111297201381305,40.61238143191902,0.3701014322486764,4.0829316573832575,True
A,512,liquid_clustered,3.2608360815276782,3.2819198935979017,61.501597478065115,0.649489256095345,4.605276662830188,True
A,512,replicated_v2,4.0765337313310575,4.09782789731976,70.21229364670008,0.8082389724925023,4.954049156158602,True
B,512,liquid_clustered,3.6994497095804353,3.7247081366336654,63.02772060937383,0.572601104741538,4.333204703659717,True
B,512,replicated_v2,3.9918199965573105,4.028027576235217,61.877756145107575,0.8178519611190033,5.952695131495683,True
A,864,jittered_lattice,6.310695511475557,6.3333606117772066,100.24673113467266,1.3955236683949597,,True
A,864,liquid_clustered,3.7902609445553064,3.8086324677109276,92.82986250036002,0.9237893274831418,5.08758105398218,True
B,864,jittered_lattice,6.288859720158312,6.323328494816281,123.80985746449007,1.0293016372763957,,False
B,864,liquid_clustered,5.9222954953337315,5.994142737001627,95.94924830678688,0.9824283486814416,8.408876973531125,True
A,1728,liquid_clustered,7.851975911787588,7.893796697870742,183.7044421442767,2.5272614974900387,12.067977137618334,True
A,1728,replicated_v2,9.882595651905012,9.925434031417513,207.34383289506303,3.380442458611148,,True
B,1728,liquid_clustered,11.708317259039026,11.813671982001996,213.47134338043833,2.8088352569679436,20.723076637540636,True
B,1728,replicated_v2,15.897529192377863,16.00213190152852,269.5160649784855,4.218896571508166,,True
