method,law,N,state,rank_noise,rank_damp,reps,init_s,step_s,step_min_s,step_max_s,ostep_s,build_s,eigh_s,matfun_s,force_s,gamma_v_s,n_actions,peak_rss_mb,rss_after_imports_mb,accuracy_pass,pppm_M
dense,A,64,liquid_clustered,,,5,1.9959695469999588,0.017887665999978708,0.017607258999987607,0.018059023999967394,0.017231009999932212,0.013494941999852017,0.0033866680000755878,0.0035300410002037097,0.0006300869999904535,,0,499.37109375,106.2734375,True,
direct,A,64,liquid_clustered,32,5,5,1.0321770400000787,0.02050636800004213,0.019363420999980008,0.02171679499997481,0.019949494999991657,0.01299583399986659,0.0,0.006926284999963173,0.0005765420000898303,0.00012433899996722175,37,498.9609375,106.2734375,True,
pppm,A,64,liquid_clustered,32,5,5,0.006962413000110246,0.05874433400003909,0.04950933000009172,0.07216620099984539,0.057930201999852216,0.004258938000020862,0.0,0.05376652599989029,0.0007365220001247508,0.0011543389998678322,37,110.6796875,106.2734375,True,18
dense,A,64,v2_state,,,5,6.22200632199997,0.032153685000139376,0.02108781199990517,0.034806770999921355,0.030755458000157887,0.024266999000019496,0.005901192000010269,0.006152792999955636,0.0011776019998706033,,0,499.1640625,105.8828125,True,
direct,A,64,v2_state,32,5,5,2.957652780999979,0.02020440299997972,0.01946221000002879,0.02120499700004075,0.01968095200004427,0.012955904999898848,0.0,0.006649015999983021,0.0005245319998721243,0.00012797399995179148,37,498.9453125,106.2734375,True,
pppm,A,64,v2_state,32,5,5,0.006219293999947695,0.0608377199998813,0.05605192200005149,0.0672099349999371,0.05993546499985314,0.003802649999897767,0.0,0.05615382199994201,0.0007524659999944561,0.0011586630000692821,37,110.9296875,106.2734375,True,18
dense,B,64,liquid_clustered,,,5,3.0616039320000255,0.017497873000138497,0.017249038000045402,0.019053417999884914,0.016857319000109783,0.013379326999938712,0.003271692999987863,0.003429817999858642,0.0006402989999969577,,0,499.3359375,106.2734375,True,
direct,B,64,liquid_clustered,16,6,5,3.027220832000012,0.017893118000074537,0.016611900000043534,0.018581680999886885,0.017334097999992082,0.012589033000040217,0.0,0.004077785999925254,0.0005374899999424088,0.00012466199996197247,22,498.984375,106.2734375,True,
pppm,B,64,liquid_clustered,16,6,5,0.01014679700006127,0.0324577330000011,0.02948921600000176,0.048482958000022336,0.03176488300005076,0.0033592810000300233,0.0,0.02820292100000188,0.0006595459999516606,0.0018460260000665585,22,110.8359375,106.3984375,True,20
dense,B,64,v2_state,,,5,3.202263634000019,0.024830021999832752,0.017327521999959572,0.02617470400014099,0.024027497999895786,0.019679403000054663,0.004151762999981656,0.004301634999819726,0.0007658279998850048,,0,499.3515625,106.2734375,True,
direct,B,64,v2_state,16,6,5,2.5940733089998957,0.019122631000072943,0.018404535000172473,0.024055874999930893,0.018546314000104758,0.013661931000115146,0.0,0.004837332999841237,0.0007084320000103617,0.00012034399992444378,22,499.03125,106.2734375,True,
pppm,B,64,v2_state,16,6,5,0.00578996800004461,0.03288495200013131,0.03047733900007188,0.045546247999936895,0.03203167099991333,0.003760366000051363,0.0,0.027742957999862483,0.0005922269999700802,0.0018436010000186798,22,111.02734375,106.2734375,True,20
dense,A,108,jittered_lattice,,,5,2.134556130999954,0.09109282200006419,0.07469311200020456,0.09214040999995632,0.09010166599955483,0.07631753900022886,0.011765283000386262,0.012034635999953025,0.000907543999801419,,0,499.39453125,106.04296875,True,
direct,A,108,jittered_lattice,32,5,5,1.5550513640000645,0.07976835899989965,0.07413658399991618,0.10067097499995725,0.07904400400002487,0.06404735099977188,0.0,0.014979859000050055,0.0006607360000998597,0.0006020949999765435,37,498.96484375,106.3046875,True,
pppm,A,108,jittered_lattice,32,5,5,0.010409596000044985,0.08290370899976551,0.08043496000027517,0.08449089199984883,0.08219125200002964,0.006069492999813519,0.0,0.07615691999990304,0.00068006699984835,0.0028433840002435318,37,113.41796875,106.3046875,True,24
dense,A,108,liquid_clustered,,,5,2.322526784999809,0.07535580700005085,0.07382302600035473,0.09195879600019907,0.0742817020000075,0.06341605599982358,0.010380286000327033,0.010577540999747725,0.0011838300001727475,,0,499.10546875,106.3046875,True,
direct,A,108,liquid_clustered,32,5,5,1.6261674560000756,0.08520966900005078,0.07922234599982403,0.11805412100011381,0.0841291500000807,0.06881337900040307,0.0,0.01549810599999546,0.0010812210002768552,0.00035994900008518016,37,499.43359375,106.3046875,True,
pppm,A,108,liquid_clustered,32,5,5,0.008373715999823617,0.10728444100004708,0.09377833600001395,0.12783548399966094,0.10596532599993225,0.00796894599989173,0.0,0.0979974530000618,0.0012759709998135804,0.0031112709998524224,37,113.31640625,106.3046875,True,24
dense,B,108,jittered_lattice,,,5,2.7281955400003426,0.07026178200021604,0.06784412400020301,0.07997892599996703,0.06945118700014064,0.05956205399979808,0.009542899999814836,0.0097468089998074,0.0007601540000905516,,0,499.16015625,106.4296875,True,
direct,B,108,jittered_lattice,16,6,5,2.0517415710000932,0.07215986399978647,0.06645585900014339,0.08795298299992282,0.07148103999998057,0.06228238399990005,0.0,0.010006549000081577,0.0008165249996636703,0.00044450999985201634,22,499.3203125,106.4296875,True,
pppm,B,108,jittered_lattice,16,6,5,0.006635791000007885,0.04790112299997418,0.046414992999871174,0.049168747999829066,0.047229529000105686,0.005270719999771245,0.0,0.042046304999985296,0.000724635000096896,0.0017127880000771256,22,112.1953125,106.4296875,False,24
dense,B,108,liquid_clustered,,,5,2.4992930739999792,0.0773782950000168,0.06880772200020147,0.08879175499987468,0.07623444499995458,0.06618055900025865,0.011664021000342473,0.01186358899985862,0.0011063299998568255,,0,499.49609375,106.4296875,True,
direct,B,108,liquid_clustered,16,6,5,2.20856165000032,0.0737950389998332,0.06428063900011693,0.07914307500004725,0.07267584500004887,0.06314474000009795,0.0,0.00949638199972469,0.0009435110000595159,0.0004806450001524354,22,499.2890625,106.4296875,True,
pppm,B,108,liquid_clustered,16,6,5,0.007654667999759113,0.04716386499967484,0.0465125599998828,0.04826813499994387,0.04612405299985767,0.005013499000142474,0.0,0.04107839700009208,0.0008960759996625711,0.0018134950000785466,22,112.63671875,106.4296875,True,24
dense,A,256,jittered_lattice,,,5,1.1404081690000112,0.5036300470001152,0.4519268099998044,0.555784261999861,0.5019996920000267,0.41100095599995257,0.09112976700021136,0.09231030300020393,0.0015809889998763538,,0,483.1640625,106.3984375,True,
direct,A,256,jittered_lattice,32,5,5,1.8616063350000331,0.4586888229998749,0.4124073689999932,0.4882124630000817,0.45727876399996603,0.37666100300020844,0.0,0.08014656299997114,0.0013704550001421012,0.0018046059999505815,37,483.47265625,106.3984375,True,
pppm,A,256,jittered_lattice,32,5,5,0.011103969999794572,0.2007875840001816,0.18877786200005175,0.21018354500006353,0.19929582300005677,0.013958188000060545,0.0,0.18388147000018762,0.0014396730000498792,0.005036646999997174,37,118.66015625,106.3984375,True,30
dense,A,256,liquid_clustered,,,5,1.6031759889999648,0.5005669899999248,0.42621798100003616,0.6795812459999979,0.4977354570000898,0.40367359900005795,0.09098591800011491,0.09212998899988634,0.002599450999923647,,0,483.25390625,106.3984375,True,
direct,A,256,liquid_clustered,32,5,5,1.461394453000139,0.39990721700019094,0.39079965399992034,0.494352451000168,0.3974122429999625,0.3226159009998355,0.0,0.07347967500004415,0.002414803999954529,0.0019308000000819447,37,483.19140625,106.3984375,True,
pppm,A,256,liquid_clustered,32,5,5,0.01375213299979805,0.22783178700001372,0.21575393300008727,0.29422713799999656,0.22534059100007653,0.019567553000115367,0.0,0.20770139400019616,0.002420795000034559,0.005222032999881776,37,119.5703125,106.5234375,True,30
dense,B,256,jittered_lattice,,,5,2.204405382999994,0.5031956569998783,0.44592795499988824,0.8135373139998592,0.5015283919999547,0.4050580709999849,0.09502540800008319,0.09640565499989862,0.001595707999967999,,0,499.14453125,106.5234375,True,
direct,B,256,jittered_lattice,16,6,5,1.7555090360001486,0.42387442900007954,0.3817236449999655,0.47125784500008194,0.42179764100001194,0.3621330570001646,0.0,0.04401798100002452,0.001437424999949144,0.001961925999921732,22,499.30859375,106.5234375,True,
pppm,B,256,jittered_lattice,16,6,5,0.01296733399999539,0.11315008200017473,0.10335503000010249,0.15116493999994418,0.11168766200012215,0.009987673999830804,0.0,0.10117336799999066,0.0014025770001353521,0.004199403999791684,22,117.50390625,106.5234375,True,32
dense,B,256,liquid_clustered,,,5,1.8529580280001028,0.5612401979999504,0.49958846800018364,0.824799573999826,0.5579816270001174,0.41895146199999544,0.09673537999992732,0.09800836799990975,0.002950607000002492,,0,499.3828125,106.5234375,True,
direct,B,256,liquid_clustered,16,6,5,1.7736321320001025,0.48975298899995323,0.3753129369999897,0.5140749790000427,0.48723372500012374,0.4375651889999972,0.0,0.049604127000066,0.0024622460000500723,0.0018572530000255938,22,499.140625,106.5234375,True,
pppm,B,256,liquid_clustered,16,6,5,0.010490901000139274,0.13746010099998784,0.12525462100006735,0.16186772399987603,0.13492556699998204,0.010774181999977372,0.0,0.12030701699995916,0.0025564820000454347,0.0050182269999368145,22,118.89453125,106.5234375,True,32
dense,A,512,liquid_clustered,,,5,1.2657592800001112,2.5806058630000734,2.052850393000199,2.735962630000131,2.574695130000009,1.8006771329999083,0.6644371969998701,0.6678182739999556,0.005719724000073256,,0,381.53515625,106.6484375,True,
direct,A,512,liquid_clustered,40,5,5,1.1037275050000517,1.8272371729999577,1.7354300090000834,2.1527033580000534,1.82184594499995,1.4773098849998405,0.0,0.36360250200004884,0.005452454000078433,0.0076688970000304835,45,381.62890625,106.6484375,True,
pppm,A,512,liquid_clustered,40,5,5,0.017076867000014317,0.5603584870000304,0.5478210480000598,0.581271187000084,0.555115909000051,0.02402067499997429,0.0,0.5304370400001517,0.005390857000065807,0.01180758100008461,45,134.9375,106.6484375,True,36
dense,A,512,replicated_v2,,,5,1.273505312999987,2.496461676000081,2.304147655000179,2.548053616000061,2.4921720700001515,1.809476825000047,0.6872759339998993,0.6905725859999166,0.004221769999958269,,0,381.55078125,106.6484375,True,
direct,A,512,replicated_v2,40,5,5,0.9829028719998405,2.0542610519999016,1.8206913229998918,2.3680486139999175,2.0509138279999206,1.684315340000012,0.0,0.3678906119998828,0.0034143289999519766,0.007780387999900995,45,381.44140625,106.6484375,True,
pppm,A,512,replicated_v2,40,5,5,0.01581571399992754,0.5039234769999439,0.46355457199979355,0.6108908409999003,0.500488034,0.02398889500000223,0.0,0.47361539400003494,0.003356575999987399,0.00962634600000456,45,127.95703125,106.6484375,True,36
dense,B,512,liquid_clustered,,,5,1.5161192049999954,2.2901846219999697,2.0625314260000778,2.544641656000067,2.2842221039998094,1.565040331000091,0.713018447000195,0.7168856509999841,0.006051986000102261,,0,483.3359375,106.6484375,True,
direct,B,512,liquid_clustered,24,8,5,1.5068916360000912,1.9552325390000078,1.6841314939999847,2.2613859620000767,1.9487451089999013,1.597180992999938,0.0,0.2732893709999189,0.0058388259999446745,0.010917168000105448,32,483.2265625,106.6484375,True,
pppm,B,512,liquid_clustered,24,8,5,0.023529623000058564,0.528519832000029,0.4212312380000185,0.6146945339999093,0.5231940429998758,0.025340929000094548,0.0,0.498472399000093,0.0069991150000987545,0.019065921999981583,32,130.0,106.6484375,True,40
dense,B,512,replicated_v2,,,5,1.7869849559999693,2.4244305549998444,2.0876739779998843,2.5977176290000443,2.4208236849999594,1.7635098920000019,0.682911041999887,0.6862186839998685,0.003541863000009471,,0,483.05078125,106.6484375,True,
direct,B,512,replicated_v2,24,8,5,1.6603076250000868,1.6257997689999684,1.548287479999999,2.0094428959998822,1.622238907999872,1.3373708120000174,0.0,0.25597166399984417,0.0033597549997921305,0.007341542999938611,32,483.05078125,106.6484375,True,
pppm,B,512,replicated_v2,24,8,5,0.016479436000054193,0.4072828360001495,0.36485075400014466,0.4384697259999939,0.4027377859999888,0.02161311100007879,0.0,0.37973760800014134,0.00314224099997773,0.008976616000154536,32,125.57421875,106.6484375,True,40
direct,A,864,jittered_lattice,48,5,3,0.37354797299985876,5.920501490999868,5.84690775900026,6.132390095000119,5.916194739000275,4.583785791000082,0.0,1.3552195760003087,0.004197599000235641,0.022376668000106292,53,345.609375,106.4296875,True,
pppm,A,864,jittered_lattice,48,5,3,0.026542607999999746,0.9381694109997625,0.9215818450002189,1.4791629639998973,0.9341319879999901,0.045725039999979344,0.0,0.8891916669999773,0.0039581229998475465,0.016034603000207426,53,143.83203125,106.4296875,True,45
dense,A,864,liquid_clustered,,,2,0.715919032000329,7.628510157499932,7.269325670999933,7.98769464399993,7.616323157499892,4.797952000500118,2.8058173805002298,2.8182552754999506,0.012078804999873682,,0,479.9609375,106.4296875,True,
direct,A,864,liquid_clustered,48,5,3,0.25303103199985344,5.68325964900032,5.495130003999748,6.397079144000145,5.671489551000377,4.39149265099968,0.0,1.2798633530001098,0.011675833000026614,0.027716101999885723,53,345.8828125,106.4296875,True,
pppm,A,864,liquid_clustered,48,5,3,0.025421111000014207,1.4994375670003137,1.3018117789997632,1.5841432189999978,1.4891144260000146,0.047306896000009147,0.0,1.4279290560002664,0.01021087000026455,0.03000262199975623,53,153.42578125,106.4296875,True,45
direct,B,864,jittered_lattice,32,8,3,1.2159068159999151,5.702027743000144,5.153809627000101,5.832440644999679,5.697880105999957,4.651441878000242,0.0,0.9516031299999668,0.004056999000113137,0.021045477999905415,40,381.58984375,106.4296875,True,
pppm,B,864,jittered_lattice,32,8,3,0.023469907000162493,0.9066870619999463,0.8217239499999778,1.0014629049996984,0.9010887399999774,0.03756923699984327,0.0,0.8649520110002413,0.004196464999949967,0.02044636599976002,40,137.7734375,106.4296875,False,48
dense,B,864,liquid_clustered,,,2,1.0517815189996327,7.903743389500278,7.834051178000209,7.973435601000347,7.890865799500034,4.851163222000196,3.026931122500173,3.0395881154997824,0.012778362500057483,,0,479.8984375,106.4296875,True,
direct,B,864,liquid_clustered,32,8,3,0.3629400079998959,5.566534510999645,5.171984983000129,5.708175370999925,5.555652559999999,4.495001408000007,0.0,1.0239401059998272,0.01078725699971983,0.02245389800009434,40,381.671875,106.4296875,True,
pppm,B,864,liquid_clustered,32,8,3,0.023418904000209295,0.9399285320000672,0.8485389089996715,1.0031453369997507,0.9268468909999683,0.04684769799996502,0.0,0.8853342900001735,0.010120455999640399,0.022855506999803765,40,148.05859375,106.4296875,True,48
dense,A,1728,liquid_clustered,,,2,0.37254891299994597,45.71981687799996,45.02684971399981,46.41278404200011,45.69235707300004,21.713437870999996,23.92016726999998,23.978758749500003,0.02729868350002107,,0,1558.6796875,106.7734375,True,
direct,A,1728,liquid_clustered,64,5,3,0.22671704399999726,29.747396495999965,28.608741208000083,30.746070314999997,29.724017572000093,19.638418935000118,0.0,10.303624467999953,0.023686515999997937,0.1238592790000439,69,536.3359375,106.8984375,True,
pppm,A,1728,liquid_clustered,64,5,3,0.045654904000002716,3.788523656999814,3.6990355860000363,4.117206067000097,3.765490638999836,0.10690225399980591,0.0,3.658439742000155,0.022311071000103766,0.049009285000011005,69,198.3125,106.8984375,True,54
direct,A,1728,replicated_v2,64,5,3,0.16757330399991588,30.031185792000088,29.658896335999998,30.05833728599987,30.018284433999952,19.833258075999993,0.0,9.813800140000012,0.011492364000105226,0.1204277419999471,69,531.1171875,106.6484375,True,
pppm,A,1728,replicated_v2,64,5,3,0.04501213100002133,3.0387953580000158,2.5414806159999443,3.469006004999983,3.024380026000017,0.09565395700019508,0.0,2.9225946459998795,0.01423621899994032,0.035624846000018806,69,167.25,106.7734375,True,54
dense,B,1728,liquid_clustered,,,2,0.6952180349999253,44.81977984050002,43.25832689899994,46.3812327820001,44.78923418800002,21.387587882000048,23.33158486149989,23.401482341500014,0.030376432499906514,,0,1559.02734375,106.8984375,True,
direct,B,1728,liquid_clustered,32,8,3,0.12507910399995126,25.32269754300023,24.479225874999884,25.687273933000142,25.29592536500013,19.72272884699987,0.0,5.640072669999881,0.022455452000031073,0.11820741900010034,40,535.98046875,106.8984375,True,
pppm,B,1728,liquid_clustered,32,8,3,0.0433438049999495,2.1627956419997645,1.7889448590003667,2.3058112439998695,2.1412415549998514,0.09239052200018705,0.0,2.0397251589997722,0.02145560300004945,0.042084141000032105,40,180.53515625,106.8984375,True,60
direct,B,1728,replicated_v2,32,8,3,0.49880948899999566,26.93000966900013,25.53542115299979,27.066258264999988,26.918337777000033,20.82614617199988,0.0,5.972509210999988,0.011706857000035598,0.14119931300001554,40,531.2109375,106.8984375,True,
pppm,B,1728,replicated_v2,32,8,3,0.05234544400013874,1.6939745380000204,1.4824859440000182,1.8426167259999602,1.6821719720001056,0.07727237399990372,0.0,1.6054659509998146,0.011871487999997044,0.03346830400005274,40,166.48828125,106.8984375,True,60
