method,law,N,state,rank_noise,rank_damp,rep,warmup,t_step_s,t_ostep_s,t_build_s,t_eigh_s,t_matfun_s,t_force_s,n_actions,t_init_s,peak_rss_mb
dense,A,64,v2_state,,,0,True,0.03185027400013496,0.030876251000108823,0.026667256000109774,0.00391731400009121,0.004135958000006212,0.0009231330000147864,0,6.22200632199997,499.1640625
dense,A,64,v2_state,,,1,True,0.025237576000108675,0.024607129000060013,0.020624223999902824,0.0037581799999770737,0.0039136400000643334,0.0005909930000598251,0,6.22200632199997,499.1640625
dense,A,64,v2_state,,,2,False,0.02108781199990517,0.019984427000053984,0.014929083999959403,0.004808603000128642,0.005023209000000861,0.0010691820000374719,0,6.22200632199997,499.1640625
dense,A,64,v2_state,,,3,False,0.032153685000139376,0.030755458000157887,0.024266999000019496,0.006175225000106366,0.0064334730000155105,0.001319376000083139,0,6.22200632199997,499.1640625
dense,A,64,v2_state,,,4,False,0.02661879300012515,0.025562309999941135,0.02001610599995729,0.005207169999948746,0.005410210000036386,0.0009914310001022386,0,6.22200632199997,499.1640625
dense,A,64,v2_state,,,5,False,0.03257798200002071,0.0311999199998354,0.024445806000130688,0.006445389999953477,0.006690744000025006,0.0013014619999012211,0,6.22200632199997,499.1640625
dense,A,64,v2_state,,,6,False,0.034806770999921355,0.03355115899989869,0.02726771000016015,0.005901192000010269,0.006152792999955636,0.0011776019998706033,0,6.22200632199997,499.1640625
direct,A,64,v2_state,32,5,0,True,0.029244824999977936,0.028414777000079994,0.02040719399997215,0.0,0.007954473999916445,0.000789076000046407,37,2.957652780999979,498.9453125
direct,A,64,v2_state,32,5,1,True,0.023375636000082523,0.022806023000157438,0.01593664200004241,0.0,0.006834490000073856,0.0005364680000639055,37,2.957652780999979,498.9453125
direct,A,64,v2_state,32,5,2,False,0.02020440299997972,0.01968095200004427,0.012955904999898848,0.0,0.006697431000020515,0.0004975839999588061,37,2.957652780999979,498.9453125
direct,A,64,v2_state,32,5,3,False,0.01977102399996511,0.019232665999879828,0.012569076999852768,0.0,0.006639291000055891,0.0005124189999605733,37,2.957652780999979,498.9453125
direct,A,64,v2_state,32,5,4,False,0.02065586600019742,0.020070881000037843,0.01339688699999897,0.0,0.006649015999983021,0.0005607040000086272,37,2.957652780999979,498.9453125
direct,A,64,v2_state,32,5,5,False,0.02120499700004075,0.020639847999973426,0.014131696000049487,0.0,0.006478086000015537,0.0005392219998157088,37,2.957652780999979,498.9453125
direct,A,64,v2_state,32,5,6,False,0.01946221000002879,0.01891524000006939,0.012058383000066897,0.0,0.006830873000126303,0.0005245319998721243,37,2.957652780999979,498.9453125
pppm,A,64,v2_state,32,5,0,True,0.04804540499981158,0.04744410700004664,0.004181087999995725,0.0,0.043219620999934705,0.0005747600000631792,37,0.006219293999947695,110.9296875
pppm,A,64,v2_state,32,5,1,True,0.04792498799997702,0.047319867999931375,0.003585693999866635,0.0,0.0437078750001092,0.0005786029998944286,37,0.006219293999947695,110.9296875
pppm,A,64,v2_state,32,5,2,False,0.0608377199998813,0.059926860999894416,0.003802649999897767,0.0,0.05609806999996181,0.0008817850000468752,37,0.006219293999947695,110.9296875
pppm,A,64,v2_state,32,5,3,False,0.0672099349999371,0.06609269799992035,0.006017198000108692,0.0,0.06004790099996171,0.0010870369999338436,37,0.006219293999947695,110.9296875
pppm,A,64,v2_state,32,5,4,False,0.05605192200005149,0.05538935599997785,0.003966284999933123,0.0,0.05137229899992235,0.0006282599999849481,37,0.006219293999947695,110.9296875
pppm,A,64,v2_state,32,5,5,False,0.06058639600018978,0.05993546499985314,0.0037544159999924887,0.0,0.05615382199994201,0.0006217679999735992,37,0.006219293999947695,110.9296875
pppm,A,64,v2_state,32,5,6,False,0.06433744299988575,0.06355559100006758,0.0037126119998447393,0.0,0.059814126999981454,0.0007524659999944561,37,0.006219293999947695,110.9296875
dense,A,64,liquid_clustered,,,0,True,0.026531785000088348,0.025872484999808876,0.022032074999970064,0.0036554509999859874,0.0037935830000606074,0.0006250159999581228,0,1.9959695469999588,499.37109375
dense,A,64,liquid_clustered,,,1,True,0.021451036999906137,0.020792718999928184,0.017083253999999215,0.003552531999957864,0.0036804649998884997,0.0006273520000377175,0,1.9959695469999588,499.37109375
dense,A,64,liquid_clustered,,,2,False,0.017887665999978708,0.017231009999932212,0.013625793000073827,0.0034402070000396634,0.003573087999939162,0.0006283729999267962,0,1.9959695469999588,499.37109375
dense,A,64,liquid_clustered,,,3,False,0.017655498000067382,0.01691224399996827,0.013349539999808258,0.0033574710000721097,0.0035300410002037097,0.000712690999989718,0,1.9959695469999588,499.37109375
dense,A,64,liquid_clustered,,,4,False,0.017607258999987607,0.016947264000009454,0.013405534999947122,0.0033866680000755878,0.0035100000000056752,0.0006300869999904535,0,1.9959695469999588,499.37109375
dense,A,64,liquid_clustered,,,5,False,0.018059023999967394,0.017282139999906576,0.013494941999852017,0.003609507999954076,0.0037460290000126406,0.0007473320001736283,0,1.9959695469999588,499.37109375
dense,A,64,liquid_clustered,,,6,False,0.01805681799987724,0.017404033000048003,0.013887624000062715,0.0033678839999993215,0.0034829720000288944,0.0006241060000320431,0,1.9959695469999588,499.37109375
direct,A,64,liquid_clustered,32,5,0,True,0.02886575599995922,0.02826302600010422,0.021100625000144646,0.0,0.007068752999884964,0.0005670389998613246,37,1.0321770400000787,498.9609375
direct,A,64,liquid_clustered,32,5,1,True,0.022979136000003564,0.022377609999921333,0.01546842600009768,0.0,0.006882388999883915,0.0005723049998778151,37,1.0321770400000787,498.9609375
direct,A,64,liquid_clustered,32,5,2,False,0.019363420999980008,0.01875666499995532,0.012362942999970983,0.0,0.006365514999970401,0.000579484999889246,37,1.0321770400000787,498.9609375
direct,A,64,liquid_clustered,32,5,3,False,0.020919348999996146,0.020327487999793448,0.01337071000011747,0.0,0.006928867999931754,0.000564990999919246,37,1.0321770400000787,498.9609375
direct,A,64,liquid_clustered,32,5,4,False,0.02039241299985406,0.01976246300000639,0.012844932000007248,0.0,0.006890792999911355,0.0006031980001353077,37,1.0321770400000787,498.9609375
direct,A,64,liquid_clustered,32,5,5,False,0.02171679499997481,0.021114826000030007,0.013905749999821637,0.0,0.007181387000173345,0.0005765420000898303,37,1.0321770400000787,498.9609375
direct,A,64,liquid_clustered,32,5,6,False,0.02050636800004213,0.019949494999991657,0.01299583399986659,0.0,0.006926284999963173,0.0005317269999522978,37,1.0321770400000787,498.9609375
pppm,A,64,liquid_clustered,32,5,0,True,0.06128805599996667,0.0606869429998369,0.006047471000101723,0.0,0.05457703000001857,0.0005635200000142504,37,0.006962413000110246,110.6796875
pppm,A,64,liquid_clustered,32,5,1,True,0.05522601199982091,0.054604711000138195,0.004332827999860456,0.0,0.050245371000073646,0.0005910180000228138,37,0.006962413000110246,110.6796875
pppm,A,64,liquid_clustered,32,5,2,False,0.06423166399986258,0.06308608300014384,0.004258938000020862,0.0,0.058800791000066965,0.0008869090002008306,37,0.006962413000110246,110.6796875
pppm,A,64,liquid_clustered,32,5,3,False,0.07216620099984539,0.07139342299979035,0.006556608999972013,0.0,0.06480147999991459,0.0007365220001247508,37,0.006962413000110246,110.6796875
pppm,A,64,liquid_clustered,32,5,4,False,0.05874433400003909,0.057930201999852216,0.004133118000027025,0.0,0.05376652599989029,0.0007798599999659928,37,0.006962413000110246,110.6796875
pppm,A,64,liquid_clustered,32,5,5,False,0.04950933000009172,0.04892012200002682,0.0050390259998494,0.0,0.043837525000071764,0.0005517380000128469,37,0.006962413000110246,110.6796875
pppm,A,64,liquid_clustered,32,5,6,False,0.04960424699993382,0.04894398200008254,0.003639759999941816,0.0,0.04527910299998439,0.0006328239999220386,37,0.006962413000110246,110.6796875
dense,B,64,v2_state,,,0,True,0.029642025999919497,0.02869439100004456,0.02374712100004217,0.004676987000038935,0.004840661999878648,0.0009004080000067916,0,3.202263634000019,499.3515625
dense,B,64,v2_state,,,1,True,0.02665223100007097,0.025735826000072848,0.02162833900001715,0.003882950000161145,0.0040537180000228545,0.0008737609998661355,0,3.202263634000019,499.3515625
dense,B,64,v2_state,,,2,False,0.024830021999832752,0.024027497999895786,0.019679403000054663,0.004151762999981656,0.004301634999819726,0.0007658279998850048,0,3.202263634000019,499.3515625
dense,B,64,v2_state,,,3,False,0.025519486000121105,0.02462794699999904,0.019811556999911772,0.004608983000025546,0.004773739000029309,0.0008555070000966225,0,3.202263634000019,499.3515625
dense,B,64,v2_state,,,4,False,0.02617470400014099,0.02531742199994369,0.020788955999933023,0.00432669699989674,0.004483983999989505,0.0008167639998646337,0,3.202263634000019,499.3515625
dense,B,64,v2_state,,,5,False,0.019521947999919576,0.01888528400013456,0.015372437999985777,0.0033508770000025834,0.003467680999847289,0.0006017630000769714,0,3.202263634000019,499.3515625
dense,B,64,v2_state,,,6,False,0.017327521999959572,0.01656847899994318,0.013248884999939037,0.0031755749998865213,0.003290608000042994,0.0007312140000976797,0,3.202263634000019,499.3515625
direct,B,64,v2_state,16,6,0,True,0.027053633999912563,0.026333651999948415,0.020342374999927415,0.0,0.005935065999892686,0.0006841169999916019,22,2.5940733089998957,499.03125
direct,B,64,v2_state,16,6,1,True,0.02155081799992331,0.02078080899991619,0.016503819000035946,0.0,0.004235994000055143,0.0007045019999623037,22,2.5940733089998957,499.03125
direct,B,64,v2_state,16,6,2,False,0.018404535000172473,0.017845743999941988,0.013332097000102294,0.0,0.004475969999930385,0.0005303590000949043,22,2.5940733089998957,499.03125
direct,B,64,v2_state,16,6,3,False,0.020676126999887856,0.019895048999842402,0.01390264799988472,0.0,0.0059635700001763325,0.0007512450001740945,22,2.5940733089998957,499.03125
direct,B,64,v2_state,16,6,4,False,0.024055874999930893,0.023263775999794234,0.017071287999897322,0.0,0.006146917000023677,0.0007554440001058538,22,2.5940733089998957,499.03125
direct,B,64,v2_state,16,6,5,False,0.019122631000072943,0.018546314000104758,0.013661931000115146,0.0,0.004837332999841237,0.0005437009999695874,22,2.5940733089998957,499.03125
direct,B,64,v2_state,16,6,6,False,0.018711792999965837,0.01797506399998383,0.013310735999993994,0.0,0.004638740000018515,0.0007084320000103617,22,2.5940733089998957,499.03125
pppm,B,64,v2_state,16,6,0,True,0.03893644400000085,0.03833570000006148,0.0034287799999219715,0.0,0.034827438000093025,0.0005732360000365588,22,0.00578996800004461,111.02734375
pppm,B,64,v2_state,16,6,1,True,0.03453338100007386,0.033989848999908645,0.003920593999964694,0.0,0.030039108999972086,0.000517504000072222,22,0.00578996800004461,111.02734375
pppm,B,64,v2_state,16,6,2,False,0.040556846000072255,0.0397235789998831,0.0034526490001098864,0.0,0.036243660000081945,0.0008044829999107606,22,0.00578996800004461,111.02734375
pppm,B,64,v2_state,16,6,3,False,0.045546247999936895,0.044941344000108074,0.005182528999966962,0.0,0.039712948999977016,0.0005654030001096544,22,0.00578996800004461,111.02734375
pppm,B,64,v2_state,16,6,4,False,0.03047733900007188,0.029861965999998574,0.003760366000051363,0.0,0.026074569000002157,0.0005866440001227602,22,0.00578996800004461,111.02734375
pppm,B,64,v2_state,16,6,5,False,0.03288495200013131,0.03203167099991333,0.0045443109997904685,0.0,0.02745713700005581,0.0008266160000403033,22,0.00578996800004461,111.02734375
pppm,B,64,v2_state,16,6,6,False,0.03192276499999025,0.031301498999937394,0.003525406000107978,0.0,0.027742957999862483,0.0005922269999700802,22,0.00578996800004461,111.02734375
dense,B,64,liquid_clustered,,,0,True,0.030028385000150593,0.029303391999974338,0.025240664999955698,0.003836674000012863,0.004016735000050176,0.0006882659999973839,0,3.0616039320000255,499.3359375
dense,B,64,liquid_clustered,,,1,True,0.02307120299997223,0.022347239999817248,0.018957914000111487,0.003234614000120928,0.0033555180000348628,0.0006930609999926673,0,3.0616039320000255,499.3359375
dense,B,64,liquid_clustered,,,2,False,0.017497873000138497,0.016857319000109783,0.013379326999938712,0.003271692999987863,0.0034449930001301254,0.0006003830001191091,0,3.0616039320000255,499.3359375
dense,B,64,liquid_clustered,,,3,False,0.017249038000045402,0.01646964399992612,0.013058593000096153,0.0032507889998214523,0.0033743639999102015,0.0007470529999409337,0,3.0616039320000255,499.3359375
dense,B,64,liquid_clustered,,,4,False,0.019053417999884914,0.018384181000101307,0.014919982000037635,0.0033133819999875413,0.003429817999858642,0.0006402989999969577,0,3.0616039320000255,499.3359375
dense,B,64,liquid_clustered,,,5,False,0.018085006000092108,0.017283326000097077,0.014013098000077662,0.0031080759999895236,0.0032162180000341323,0.0007682509999540343,0,3.0616039320000255,499.3359375
dense,B,64,liquid_clustered,,,6,False,0.017340932000024623,0.016767331999972157,0.013074158000108582,0.0034888699999555683,0.0036582049999651645,0.0005444670000542828,0,3.0616039320000255,499.3359375
direct,B,64,liquid_clustered,16,6,0,True,0.02358537999998589,0.022964301000001797,0.01883593499997005,0.0,0.0040826869999364135,0.0005846520000432065,22,3.027220832000012,498.984375
direct,B,64,liquid_clustered,16,6,1,True,0.021168191000015213,0.020571553999843672,0.015898159000016676,0.0,0.004643768000050841,0.0005659430000832799,22,3.027220832000012,498.984375
direct,B,64,liquid_clustered,16,6,2,False,0.01701851699999679,0.016464773000052446,0.012589033000040217,0.0,0.0038461009999082307,0.0005257810000784957,22,3.027220832000012,498.984375
direct,B,64,liquid_clustered,16,6,3,False,0.016611900000043534,0.01604014100007589,0.011935570000105145,0.0,0.004077785999925254,0.0005471399999805726,22,3.027220832000012,498.984375
direct,B,64,liquid_clustered,16,6,4,False,0.017897325000149067,0.017348898000136614,0.013312117999930706,0.0,0.0040069439999115275,0.0005234180000570632,22,3.027220832000012,498.984375
direct,B,64,liquid_clustered,16,6,5,False,0.017893118000074537,0.017334097999992082,0.012638223000067228,0.0,0.0046697669999957725,0.0005374899999424088,22,3.027220832000012,498.984375
direct,B,64,liquid_clustered,16,6,6,False,0.018581680999886885,0.017968465000194556,0.01258015799999157,0.0,0.005352297999934308,0.000586894999969445,22,3.027220832000012,498.984375
pppm,B,64,liquid_clustered,16,6,0,True,0.043396647999998095,0.04274040299992521,0.006214538999984143,0.0,0.0364599189999808,0.000607955000077709,22,0.01014679700006127,110.8359375
pppm,B,64,liquid_clustered,16,6,1,True,0.03198825100002978,0.031430438999905164,0.003696052000123018,0.0,0.027705175999926723,0.0005279259999042551,22,0.01014679700006127,110.8359375
pppm,B,64,liquid_clustered,16,6,2,False,0.0324577330000011,0.03176488300005076,0.0035339149999344954,0.0,0.02820292100000188,0.0006656330001533206,22,0.01014679700006127,110.8359375
pppm,B,64,liquid_clustered,16,6,3,False,0.02948921600000176,0.0289433469999949,0.003347933999975794,0.0,0.02552627999989454,0.0005166700000245328,22,0.01014679700006127,110.8359375
pppm,B,64,liquid_clustered,16,6,4,False,0.0313159289999021,0.030710072999909244,0.0033592810000300233,0.0,0.027317981000123837,0.0005783049998626666,22,0.01014679700006127,110.8359375
pppm,B,64,liquid_clustered,16,6,5,False,0.03507613199985826,0.03438818800009358,0.0031067340000845434,0.0,0.031254945999990014,0.0006595459999516606,22,0.01014679700006127,110.8359375
pppm,B,64,liquid_clustered,16,6,6,False,0.048482958000022336,0.04741549200002737,0.006251683000073172,0.0,0.04113375499991889,0.001035145000059856,22,0.01014679700006127,110.8359375
dense,A,256,jittered_lattice,,,0,True,0.5949422220000997,0.5931451139999808,0.4755682210000032,0.11631468399991718,0.11749750900003164,0.0017345250000744272,0,1.1404081690000112,483.1640625
dense,A,256,jittered_lattice,,,1,True,0.5937308750001193,0.5914851649999946,0.4711306029998923,0.1189301389999855,0.12029923900013273,0.0021909669999331527,0,1.1404081690000112,483.1640625
dense,A,256,jittered_lattice,,,2,False,0.5036300470001152,0.5019996920000267,0.41100095599995257,0.08974886700002571,0.09091174200011665,0.0015622550001808122,0,1.1404081690000112,483.1640625
dense,A,256,jittered_lattice,,,3,False,0.5556628369999999,0.5540302210001755,0.46183322100000623,0.09105546299997513,0.09213507200001914,0.0015809740000349848,0,1.1404081690000112,483.1640625
dense,A,256,jittered_lattice,,,4,False,0.4519268099998044,0.4503000180000072,0.35793975599995065,0.09112976700021136,0.09231030300020393,0.0015809889998763538,0,1.1404081690000112,483.1640625
dense,A,256,jittered_lattice,,,5,False,0.453328645000056,0.4511817650000012,0.3450864219998948,0.10476951100008591,0.1060450730001321,0.00209655899993777,0,1.1404081690000112,483.1640625
dense,A,256,jittered_lattice,,,6,False,0.555784261999861,0.5535671519999141,0.43962909400011085,0.1124938299999485,0.11386077099996328,0.0021283730000050127,0,1.1404081690000112,483.1640625
direct,A,256,jittered_lattice,32,5,0,True,0.42379846599988014,0.42236630899992633,0.3475762709999799,0.0,0.07472906199996032,0.001388194000128351,37,1.8616063350000331,483.47265625
direct,A,256,jittered_lattice,32,5,1,True,0.3830548200000976,0.3815427299998646,0.3094312619998618,0.0,0.07206872400001885,0.0014690119999158924,37,1.8616063350000331,483.47265625
direct,A,256,jittered_lattice,32,5,2,False,0.44615785099995264,0.4442323660000511,0.3422570049999649,0.0,0.10193095099998573,0.0018773760000385664,37,1.8616063350000331,483.47265625
direct,A,256,jittered_lattice,32,5,3,False,0.4124073689999932,0.41102723700009847,0.3355282190000253,0.0,0.07542806900005417,0.0013249329999780457,37,1.8616063350000331,483.47265625
direct,A,256,jittered_lattice,32,5,4,False,0.4586888229998749,0.45727876399996603,0.37708932900000036,0.0,0.08014656299997114,0.0013704550001421012,37,1.8616063350000331,483.47265625
direct,A,256,jittered_lattice,32,5,5,False,0.4882124630000817,0.4867801000000327,0.4073805110001558,0.0,0.07935601799999858,0.0013922309999543359,37,1.8616063350000331,483.47265625
direct,A,256,jittered_lattice,32,5,6,False,0.4670083099999829,0.465633544000184,0.37666100300020844,0.0,0.08893120299990187,0.0013367819999530184,37,1.8616063350000331,483.47265625
pppm,A,256,jittered_lattice,32,5,0,True,0.24039172399989184,0.23890583399997922,0.016012137999950937,0.0,0.22280312699990645,0.0014434380000238889,37,0.011103969999794572,118.66015625
pppm,A,256,jittered_lattice,32,5,1,True,0.2628009469999597,0.2608996050000769,0.014387344999931884,0.0,0.24646399600010227,0.0018528379998770106,37,0.011103969999794572,118.66015625
pppm,A,256,jittered_lattice,32,5,2,False,0.2007875840001816,0.19929582300005677,0.01574110899991865,0.0,0.18348670599993966,0.0014396730000498792,37,0.011103969999794572,118.66015625
pppm,A,256,jittered_lattice,32,5,3,False,0.21018354500006353,0.20864724800003387,0.014140392999934193,0.0,0.19443428499994297,0.001494753000088167,37,0.011103969999794572,118.66015625
pppm,A,256,jittered_lattice,32,5,4,False,0.19877736099988397,0.19729681500007246,0.013366869999799746,0.0,0.18388147000018762,0.0014384910000444506,37,0.011103969999794572,118.66015625
pppm,A,256,jittered_lattice,32,5,5,False,0.18877786200005175,0.18733070100006444,0.01315718899991225,0.0,0.17412997100018401,0.0014051929999823187,37,0.011103969999794572,118.66015625
pppm,A,256,jittered_lattice,32,5,6,False,0.2013819539999986,0.19943732499996258,0.013958188000060545,0.0,0.18542796599990652,0.0018994750000729255,37,0.011103969999794572,118.66015625
dense,A,256,liquid_clustered,,,0,True,0.5073061919999873,0.504646700999956,0.41865555599997606,0.0847813180000685,0.08590906200015525,0.002590527000165821,0,1.6031759889999648,483.25390625
dense,A,256,liquid_clustered,,,1,True,0.5145001660000617,0.5111780770000678,0.40390973700004906,0.10579757699997572,0.10721594999995432,0.00326620400005595,0,1.6031759889999648,483.25390625
dense,A,256,liquid_clustered,,,2,False,0.5005669899999248,0.4977354570000898,0.41112291900003584,0.08546309200005453,0.08652765700003329,0.0027660769999329204,0,1.6031759889999648,483.25390625
dense,A,256,liquid_clustered,,,3,False,0.42621798100003616,0.42197474999989026,0.3319352510000044,0.088158329999942,0.0899796440000955,0.004190954000023339,0,1.6031759889999648,483.25390625
dense,A,256,liquid_clustered,,,4,False,0.6795812459999979,0.6769815830000425,0.584794951000049,0.09098591800011491,0.09212998899988634,0.0025442370001655945,0,1.6031759889999648,483.25390625
dense,A,256,liquid_clustered,,,5,False,0.4348285500000202,0.4322660849998101,0.33886057999984587,0.09229871100001219,0.0933278910001718,0.0025137530001302366,0,1.6031759889999648,483.25390625
dense,A,256,liquid_clustered,,,6,False,0.5220979749999515,0.5194482709998738,0.40367359900005795,0.11454364899987013,0.11572708800008513,0.002599450999923647,0,1.6031759889999648,483.25390625
direct,A,256,liquid_clustered,32,5,0,True,0.4053247439999268,0.40270530700013296,0.3268809070000316,0.0,0.07576332799999363,0.0025663129999884404,37,1.461394453000139,483.19140625
direct,A,256,liquid_clustered,32,5,1,True,0.4103984999999284,0.40786217200002284,0.32968739800003277,0.0,0.07812480200004757,0.0024905719999424036,37,1.461394453000139,483.19140625
direct,A,256,liquid_clustered,32,5,2,False,0.39990721700019094,0.3974122429999625,0.3226159009998355,0.0,0.07474689200012108,0.0024485799999638402,37,1.461394453000139,483.19140625
direct,A,256,liquid_clustered,32,5,3,False,0.49279286000000866,0.49033192499996403,0.41680400499990355,0.0,0.07347967500004415,0.002414803999954529,37,1.461394453000139,483.19140625
direct,A,256,liquid_clustered,32,5,4,False,0.3950479019999875,0.3926555630000621,0.3204673749999074,0.0,0.07214110400013851,0.0023461499999939406,37,1.461394453000139,483.19140625
direct,A,256,liquid_clustered,32,5,5,False,0.39079965399992034,0.3883820899998227,0.3157364610001423,0.0,0.07259946999988642,0.0023723259998860158,37,1.461394453000139,483.19140625
direct,A,256,liquid_clustered,32,5,6,False,0.494352451000168,0.49176140899999154,0.38799925900002563,0.0,0.10371509500009779,0.0025464559998908953,37,1.461394453000139,483.19140625
pppm,A,256,liquid_clustered,32,5,0,True,0.33635232599999654,0.33278831400002673,0.021732160000055956,0.0,0.31097767999995085,0.0035053960000368534,37,0.01375213299979805,119.5703125
pppm,A,256,liquid_clustered,32,5,1,True,0.3051310700000158,0.30163924900011807,0.024986786999988908,0.0,0.2765716640001301,0.003419400999973732,37,0.01375213299979805,119.5703125
pppm,A,256,liquid_clustered,32,5,2,False,0.29422713799999656,0.29179409199991824,0.019620849999910206,0.0,0.2720941610000409,0.0023765359999288194,37,0.01375213299979805,119.5703125
pppm,A,256,liquid_clustered,32,5,3,False,0.22783178700001372,0.22534059100007653,0.017587018999847714,0.0,0.20770139400019616,0.002420795000034559,37,0.01375213299979805,119.5703125
pppm,A,256,liquid_clustered,32,5,4,False,0.21908180300010827,0.21668945999999778,0.014723321000019496,0.0,0.2019172749999143,0.0023455660000308853,37,0.01375213299979805,119.5703125
pppm,A,256,liquid_clustered,32,5,5,False,0.24558503100001872,0.2423695930001486,0.023177294999868536,0.0,0.21899871700020412,0.0031645179999486572,37,0.01375213299979805,119.5703125
pppm,A,256,liquid_clustered,32,5,6,False,0.21575393300008727,0.21317868699998144,0.019567553000115367,0.0,0.19354393499997968,0.0025231970000731963,37,0.01375213299979805,119.5703125
dense,B,256,jittered_lattice,,,0,True,0.5686662990001423,0.5642396220000592,0.4256250349999391,0.13680713200005812,0.13853487800020048,0.00432162100014466,0,2.204405382999994,499.14453125
dense,B,256,jittered_lattice,,,1,True,0.6363378789999388,0.6344604109999636,0.4945357950000471,0.13811482400001296,0.13970267600006991,0.0017608739999559475,0,2.204405382999994,499.14453125
dense,B,256,jittered_lattice,,,2,False,0.8135373139998592,0.8118848849999267,0.7144858490000843,0.0960607050001272,0.09734284299997853,0.001595707999967999,0,2.204405382999994,499.14453125
dense,B,256,jittered_lattice,,,3,False,0.5104270689998884,0.5085995089998505,0.40626210899995385,0.1009007779998683,0.10228637600016555,0.001776521000010689,0,2.204405382999994,499.14453125
dense,B,256,jittered_lattice,,,4,False,0.5031956569998783,0.5015283919999547,0.4050580709999849,0.09502540800008319,0.09640565499989862,0.0016153530000337923,0,2.204405382999994,499.14453125
dense,B,256,jittered_lattice,,,5,False,0.44592795499988824,0.4444115399999191,0.35631296299993664,0.08695712300004743,0.08802607100005844,0.0014620699998886266,0,2.204405382999994,499.14453125
dense,B,256,jittered_lattice,,,6,False,0.48750727500009816,0.48583980899979906,0.39466116399989914,0.090011929999946,0.09113059199989948,0.0015952060000472557,0,2.204405382999994,499.14453125
direct,B,256,jittered_lattice,16,6,0,True,0.38982296399990446,0.3883502569999564,0.34343735600009495,0.0,0.04485348000002887,0.0014246820001062588,22,1.7555090360001486,499.30859375
direct,B,256,jittered_lattice,16,6,1,True,0.3961731399999735,0.3946705360001488,0.35060165799995957,0.0,0.04402355699994587,0.0014561750001576002,22,1.7555090360001486,499.30859375
direct,B,256,jittered_lattice,16,6,2,False,0.3840391239998553,0.38260808299992277,0.3385455949999141,0.0,0.04401798100002452,0.001389846999927613,22,1.7555090360001486,499.30859375
direct,B,256,jittered_lattice,16,6,3,False,0.3817236449999655,0.3802356300000156,0.33645311399982347,0.0,0.04373910499998601,0.0014450820001457032,22,1.7555090360001486,499.30859375
direct,B,256,jittered_lattice,16,6,4,False,0.47125784500008194,0.4697770400000536,0.42588398899988533,0.0,0.04384954700003618,0.001437424999949144,22,1.7555090360001486,499.30859375
direct,B,256,jittered_lattice,16,6,5,False,0.42387442900007954,0.42179764100001194,0.3621330570001646,0.0,0.059621912000011434,0.0020252979998076626,22,1.7555090360001486,499.30859375
direct,B,256,jittered_lattice,16,6,6,False,0.42854924500011293,0.4270812939998905,0.38266163899993444,0.0,0.0443518590000167,0.0014132660000996111,22,1.7555090360001486,499.30859375
pppm,B,256,jittered_lattice,16,6,0,True,0.1699583550000625,0.16802163700003803,0.011444918000051985,0.0,0.15651982099984707,0.0018879490000927035,22,0.01296733399999539,117.50390625
pppm,B,256,jittered_lattice,16,6,1,True,0.1509454110000661,0.149104282000053,0.014431759999979477,0.0,0.13460825300012402,0.0017839689999163966,22,0.01296733399999539,117.50390625
pppm,B,256,jittered_lattice,16,6,2,False,0.15116493999994418,0.14968000399994708,0.013759746999994604,0.0,0.13585511800010863,0.0014315430000806373,22,0.01296733399999539,117.50390625
pppm,B,256,jittered_lattice,16,6,3,False,0.10335503000010249,0.10196553499986294,0.009249503999853914,0.0,0.09267312299994046,0.0013471620000018447,22,0.01296733399999539,117.50390625
pppm,B,256,jittered_lattice,16,6,4,False,0.11565643300014017,0.11421282400010568,0.00861779399997431,0.0,0.10555399899999429,0.0014025770001353521,22,0.01296733399999539,117.50390625
pppm,B,256,jittered_lattice,16,6,5,False,0.10510322899995117,0.10369904300000599,0.009987673999830804,0.0,0.0936679159999585,0.001359411000066757,22,0.01296733399999539,117.50390625
pppm,B,256,jittered_lattice,16,6,6,False,0.11315008200017473,0.11168766200012215,0.010473154999999679,0.0,0.10117336799999066,0.0014187640001637192,22,0.01296733399999539,117.50390625
dense,B,256,liquid_clustered,,,0,True,0.4656930060000377,0.46302949799996895,0.36607811500016396,0.09571597700005441,0.09687017299984291,0.0025864300000648655,0,1.8529580280001028,499.3828125
dense,B,256,liquid_clustered,,,1,True,0.5420472789999167,0.5394710939999641,0.44238602299992635,0.09598681700003908,0.09702807899998334,0.0025278289999732806,0,1.8529580280001028,499.3828125
dense,B,256,liquid_clustered,,,2,False,0.5189222710000649,0.5155158089999077,0.4113257980000071,0.10285972900010165,0.10413988599998447,0.003349872999933723,0,1.8529580280001028,499.3828125
dense,B,256,liquid_clustered,,,3,False,0.824799573999826,0.8217990119999286,0.7237152110001261,0.09673537999992732,0.09800836799990975,0.0029241340000680793,0,1.8529580280001028,499.3828125
dense,B,256,liquid_clustered,,,4,False,0.5617783390000568,0.5579816270001174,0.41895146199999544,0.13747430099988378,0.1389504000001125,0.0037134310000510595,0,1.8529580280001028,499.3828125
dense,B,256,liquid_clustered,,,5,False,0.5612401979999504,0.5584995300000628,0.4640904599998521,0.09314927100012937,0.09428514199998972,0.002620332999867969,0,1.8529580280001028,499.3828125
dense,B,256,liquid_clustered,,,6,False,0.49958846800018364,0.49658677299999,0.4028494869999122,0.09252773200000775,0.0936751120000281,0.002950607000002492,0,1.8529580280001028,499.3828125
direct,B,256,liquid_clustered,16,6,0,True,0.41542181700015135,0.4129480300000523,0.3636491790000491,0.0,0.049231636999820694,0.0024118849999013037,22,1.7736321320001025,499.140625
direct,B,256,liquid_clustered,16,6,1,True,0.4212952340001266,0.4187672640000528,0.37139198899990333,0.0,0.04732855199995356,0.002478458000041428,22,1.7736321320001025,499.140625
direct,B,256,liquid_clustered,16,6,2,False,0.48975298899995323,0.48723372500012374,0.4375651889999972,0.0,0.049604127000066,0.0024622460000500723,22,1.7736321320001025,499.140625
direct,B,256,liquid_clustered,16,6,3,False,0.5140749790000427,0.5104701279999517,0.4438076590001856,0.0,0.06661427799986086,0.0035543589999633696,22,1.7736321320001025,499.140625
direct,B,256,liquid_clustered,16,6,4,False,0.5081813319998219,0.5049899949999599,0.4427159199999551,0.0,0.06219981599997482,0.0031285050001770287,22,1.7736321320001025,499.140625
direct,B,256,liquid_clustered,16,6,5,False,0.43110204599997815,0.42870836399993095,0.38518011400014984,0.0,0.043407819999856656,0.00233187399999224,22,1.7736321320001025,499.140625
direct,B,256,liquid_clustered,16,6,6,False,0.3753129369999897,0.372900522000009,0.3293744700001753,0.0,0.043476341999848955,0.002346141000089119,22,1.7736321320001025,499.140625
pppm,B,256,liquid_clustered,16,6,0,True,0.14501979200008464,0.14243742600001497,0.012191848000156824,0.0,0.13018398700000944,0.0025323349998416234,22,0.010490901000139274,118.89453125
pppm,B,256,liquid_clustered,16,6,1,True,0.1638783289999992,0.16066690399998151,0.012198070000067673,0.0,0.14837164799996572,0.003157634999979564,22,0.010490901000139274,118.89453125
pppm,B,256,liquid_clustered,16,6,2,False,0.13746010099998784,0.13492556699998204,0.013847445000010339,0.0,0.12101146899999549,0.0024772379999831173,22,0.010490901000139274,118.89453125
pppm,B,256,liquid_clustered,16,6,3,False,0.12525462100006735,0.12264996199996858,0.009985661000200707,0.0,0.11261461399999462,0.0025564820000454347,22,0.010490901000139274,118.89453125
pppm,B,256,liquid_clustered,16,6,4,False,0.1289754009999342,0.12652321899986418,0.010218976000032853,0.0,0.1162434079999457,0.0024027409999689553,22,0.010490901000139274,118.89453125
pppm,B,256,liquid_clustered,16,6,5,False,0.16186772399987603,0.15857521999987512,0.010774181999977372,0.0,0.14774185200008105,0.0032402940000793024,22,0.010490901000139274,118.89453125
pppm,B,256,liquid_clustered,16,6,6,False,0.13811408799983838,0.1354647999999088,0.015083144000072934,0.0,0.12030701699995916,0.002592203999938647,22,0.010490901000139274,118.89453125
dense,A,512,replicated_v2,,,0,True,2.735289325999929,2.7317931659999886,1.8827553469998293,0.8457364229998348,0.8489618529999916,0.003423304999842003,0,1.273505312999987,381.55078125
dense,A,512,replicated_v2,,,1,True,2.54743403700013,2.5439806469998985,1.776179994999893,0.7644433640000443,0.7677310710000711,0.0033845830000700516,0,1.273505312999987,381.55078125
dense,A,512,replicated_v2,,,2,False,2.4940744959999392,2.4895624099999623,1.7747576599999775,0.7114836780001497,0.7147351409998919,0.004443482999931803,0,1.273505312999987,381.55078125
dense,A,512,replicated_v2,,,3,False,2.5036601719998544,2.500138459000027,1.809476825000047,0.6872759339998993,0.6905725859999166,0.0034452520001195808,0,1.273505312999987,381.55078125
dense,A,512,replicated_v2,,,4,False,2.496461676000081,2.4921720700001515,1.8122082630000023,0.6767299260000073,0.6798364399999173,0.004221769999958269,0,1.273505312999987,381.55078125
dense,A,512,replicated_v2,,,5,False,2.548053616000061,2.5443328879998717,1.834035601000096,0.7069855800000369,0.7102014429999599,0.0036490290001438552,0,1.273505312999987,381.55078125
dense,A,512,replicated_v2,,,6,False,2.304147655000179,2.299493203999873,1.6345018059998893,0.6613856430001306,0.6649053270000422,0.004582157999948322,0,1.273505312999987,381.55078125
direct,A,512,replicated_v2,40,5,0,True,1.987683326000024,1.9843439599999328,1.6367726539999694,0.0,0.34748187199988934,0.0032689690001461713,45,0.9829028719998405,381.44140625
direct,A,512,replicated_v2,40,5,1,True,2.1695772470000065,2.1661513429999104,1.7681890149999617,0.0,0.397896467999999,0.00335717999996632,45,0.9829028719998405,381.44140625
direct,A,512,replicated_v2,40,5,2,False,2.0542610519999016,2.0509138279999206,1.684315340000012,0.0,0.36651293900013115,0.0032733800001096824,45,0.9829028719998405,381.44140625
direct,A,512,replicated_v2,40,5,3,False,1.8206913229998918,1.8172142619998795,1.4492554369999198,0.0,0.3678906119998828,0.0034143289999519766,45,0.9829028719998405,381.44140625
direct,A,512,replicated_v2,40,5,4,False,2.2222770630000923,2.217954720999842,1.7718351119999625,0.0,0.44603135800002747,0.004246481999871321,45,0.9829028719998405,381.44140625
direct,A,512,replicated_v2,40,5,5,False,1.9912845540000035,1.9878783809999732,1.5215423649999593,0.0,0.4662351070001023,0.003316016999860949,45,0.9829028719998405,381.44140625
direct,A,512,replicated_v2,40,5,6,False,2.3680486139999175,2.363897681000026,2.003605446999927,0.0,0.36022659700006443,0.00408591600012187,45,0.9829028719998405,381.44140625
pppm,A,512,replicated_v2,40,5,0,True,0.6784956720000537,0.6752549630000431,0.029879713000127595,0.0,0.6453033200000391,0.0031733880000501813,45,0.01581571399992754,127.95703125
pppm,A,512,replicated_v2,40,5,1,True,0.5899346159999368,0.5865175579999686,0.03038348500012944,0.0,0.556052864999856,0.0033444020000388264,45,0.01581571399992754,127.95703125
pppm,A,512,replicated_v2,40,5,2,False,0.46355457199979355,0.4590301210000689,0.02398889500000223,0.0,0.43496951499992065,0.004454601999896113,45,0.01581571399992754,127.95703125
pppm,A,512,replicated_v2,40,5,3,False,0.6108908409999003,0.6074996009999722,0.032303219000141326,0.0,0.5751025919998938,0.003309630000103425,45,0.01581571399992754,127.95703125
pppm,A,512,replicated_v2,40,5,4,False,0.49466036700005134,0.490064011999948,0.02238560800014966,0.0,0.46755601799986835,0.004519646999824545,45,0.01581571399992754,127.95703125
pppm,A,512,replicated_v2,40,5,5,False,0.5039234769999439,0.500488034,0.02676697700007935,0.0,0.47361539400003494,0.003356575999987399,45,0.01581571399992754,127.95703125
pppm,A,512,replicated_v2,40,5,6,False,0.531540196999913,0.5281855759999416,0.023645174999955998,0.0,0.5044728390000728,0.003288611000016317,45,0.01581571399992754,127.95703125
dense,A,512,liquid_clustered,,,0,True,2.4030802499999027,2.3969363240000803,1.693455006000022,0.6999900810001236,0.703395410999974,0.006058376999817483,0,1.2657592800001112,381.53515625
dense,A,512,liquid_clustered,,,1,True,2.384268391999967,2.377795171999878,1.7131186860001435,0.6610082699999111,0.6645968069999526,0.0063971080001010705,0,1.2657592800001112,381.53515625
dense,A,512,liquid_clustered,,,2,False,2.5806058630000734,2.574695130000009,1.9071329240000523,0.6640981709999778,0.6674584390000291,0.005792653000071368,0,1.2657592800001112,381.53515625
dense,A,512,liquid_clustered,,,3,False,2.735962630000131,2.73043814499988,2.062540017000174,0.6644371969998701,0.6678182739999556,0.005453480000142008,0,1.2657592800001112,381.53515625
dense,A,512,liquid_clustered,,,4,False,2.592223528999966,2.5865917940000145,1.8006771329999083,0.7827556889999414,0.7858433809999497,0.005564638000123523,0,1.2657592800001112,381.53515625
dense,A,512,liquid_clustered,,,5,False,2.3872894319999887,2.3812539350001316,1.6939005990000169,0.6838775629998963,0.687277819999963,0.005962267999848336,0,1.2657592800001112,381.53515625
dense,A,512,liquid_clustered,,,6,False,2.052850393000199,2.047057214000006,1.4072373230001176,0.6366604780000671,0.6397438659998897,0.005719724000073256,0,1.2657592800001112,381.53515625
direct,A,512,liquid_clustered,40,5,0,True,2.177811856000062,2.1717615579998437,1.7296487240000715,0.0,0.4419887760000165,0.005879452999806745,45,1.1037275050000517,381.62890625
direct,A,512,liquid_clustered,40,5,1,True,2.31879220299993,2.313092683999912,1.940500510999982,0.0,0.3725135249999312,0.005623803999924348,45,1.1037275050000517,381.62890625
direct,A,512,liquid_clustered,40,5,2,False,2.1527033580000534,2.1471096000000216,1.7834151090000887,0.0,0.36360250200004884,0.005505307000021276,45,1.1037275050000517,381.62890625
direct,A,512,liquid_clustered,40,5,3,False,1.8272371729999577,1.82184594499995,1.4773098849998405,0.0,0.34446700900002725,0.0053249150000738155,45,1.1037275050000517,381.62890625
direct,A,512,liquid_clustered,40,5,4,False,1.7844639539998752,1.7789454599999317,1.4412906619998012,0.0,0.33758329500005857,0.005452454000078433,45,1.1037275050000517,381.62890625
direct,A,512,liquid_clustered,40,5,5,False,1.7354300090000834,1.7300214499998674,1.3474167330000455,0.0,0.38253720700004124,0.005337291000159894,45,1.1037275050000517,381.62890625
direct,A,512,liquid_clustered,40,5,6,False,1.900615001999995,1.8950708280001436,1.5093411949999336,0.0,0.38565819800010104,0.005480323000028875,45,1.1037275050000517,381.62890625
pppm,A,512,liquid_clustered,40,5,0,True,0.7149673700000676,0.7095785950000391,0.03277215900016017,0.0,0.6767224479999641,0.005295855999975174,45,0.017076867000014317,134.9375
pppm,A,512,liquid_clustered,40,5,1,True,0.6377369999997882,0.6323288720000164,0.0250065469999754,0.0,0.607248115999937,0.005340192999938154,45,0.017076867000014317,134.9375
pppm,A,512,liquid_clustered,40,5,2,False,0.5478210480000598,0.5425177520000943,0.024144362000015462,0.0,0.518303737999986,0.005238254999994751,45,0.017076867000014317,134.9375
pppm,A,512,liquid_clustered,40,5,3,False,0.581271187000084,0.5746380649998173,0.022865819999879022,0.0,0.5517020460001731,0.006558026999982758,45,0.017076867000014317,134.9375
pppm,A,512,liquid_clustered,40,5,4,False,0.5648013659999833,0.5592850619998444,0.028720781999936662,0.0,0.5304370400001517,0.005439970999987054,45,0.017076867000014317,134.9375
pppm,A,512,liquid_clustered,40,5,5,False,0.5504828690000068,0.5450233200001549,0.02402067499997429,0.0,0.5209258859999863,0.005390857000065807,45,0.017076867000014317,134.9375
pppm,A,512,liquid_clustered,40,5,6,False,0.5603584870000304,0.555115909000051,0.022527910999997403,0.0,0.5324691340001664,0.005177710999987539,45,0.017076867000014317,134.9375
dense,B,512,replicated_v2,,,0,True,2.247626480000008,2.2440738810000767,1.5121829129998332,0.728457588000083,0.7318133100000068,0.0034832170001664053,0,1.7869849559999693,483.05078125
dense,B,512,replicated_v2,,,1,True,2.2363075460000346,2.233027168000035,1.5398553810000521,0.6900680870000997,0.6930965500000639,0.003202636999958486,0,1.7869849559999693,483.05078125
dense,B,512,replicated_v2,,,2,False,2.389035599999943,2.3852645860001758,1.6989745410000978,0.682911041999887,0.6862186839998685,0.003706084999976156,0,1.7869849559999693,483.05078125
dense,B,512,replicated_v2,,,3,False,2.0876739779998843,2.0831931239999903,1.382736302000012,0.6966470859999845,0.7003795660000378,0.004406859000027907,0,1.7869849559999693,483.05078125
dense,B,512,replicated_v2,,,4,False,2.5977176290000443,2.5941283059999023,1.8493066940000062,0.7414061460001449,0.7446831669999483,0.0035102809999898454,0,1.7869849559999693,483.05078125
dense,B,512,replicated_v2,,,5,False,2.4691409339998245,2.4658595359999254,1.797624224999936,0.6650144000000182,0.6681569810000383,0.0032124829999702342,0,1.7869849559999693,483.05078125
dense,B,512,replicated_v2,,,6,False,2.4244305549998444,2.4208236849999594,1.7635098920000019,0.6541195620000053,0.6572461190000922,0.003541863000009471,0,1.7869849559999693,483.05078125
direct,B,512,replicated_v2,24,8,0,True,1.6312960879999991,1.6279417329999433,1.3778602250001768,0.0,0.24999626999988322,0.003283459999920524,32,1.6603076250000868,483.05078125
direct,B,512,replicated_v2,24,8,1,True,1.9428485460000502,1.939718345000074,1.6976746820000699,0.0,0.24197114300000067,0.003065514000127223,32,1.6603076250000868,483.05078125
direct,B,512,replicated_v2,24,8,2,False,1.5912482930000351,1.5880296059999637,1.3212935640001433,0.0,0.2666264819999924,0.003154517999973905,32,1.6603076250000868,483.05078125
direct,B,512,replicated_v2,24,8,3,False,2.003607550000197,1.999529186000018,1.7470681669999522,0.0,0.2523967550000634,0.004017024999939167,32,1.6603076250000868,483.05078125
direct,B,512,replicated_v2,24,8,4,False,1.6257997689999684,1.622238907999872,1.3373708120000174,0.0,0.28478699100014637,0.0034944880001148704,32,1.6603076250000868,483.05078125
direct,B,512,replicated_v2,24,8,5,False,2.0094428959998822,2.0060467780001545,1.7499873040001148,0.0,0.25597166399984417,0.0033127150002201233,32,1.6603076250000868,483.05078125
direct,B,512,replicated_v2,24,8,6,False,1.548287479999999,1.5448604020000403,1.3039539129999866,0.0,0.24083490899988647,0.0033597549997921305,32,1.6603076250000868,483.05078125
pppm,B,512,replicated_v2,24,8,0,True,0.47040897500005485,0.4672792900000786,0.03073443099992801,0.0,0.43646516000012525,0.0030451110001195048,32,0.016479436000054193,125.57421875
pppm,B,512,replicated_v2,24,8,1,True,0.41247392100012803,0.40934514900004615,0.021151039999949717,0.0,0.38813215900017894,0.0030659620001642907,32,0.016479436000054193,125.57421875
pppm,B,512,replicated_v2,24,8,2,False,0.36485075400014466,0.3616504819999591,0.01999888499994995,0.0,0.341586745000086,0.00314224099997773,32,0.016479436000054193,125.57421875
pppm,B,512,replicated_v2,24,8,3,False,0.3811662800001159,0.37811120900005335,0.02161311100007879,0.0,0.356434543999967,0.0029935600000499107,32,0.016479436000054193,125.57421875
pppm,B,512,replicated_v2,24,8,4,False,0.4384697259999939,0.43528545200001645,0.020938907999834555,0.0,0.4142836250000528,0.0031244100000549224,32,0.016479436000054193,125.57421875
pppm,B,512,replicated_v2,24,8,5,False,0.41141343999993296,0.40809960300020975,0.022150666000015917,0.0,0.38588601799983735,0.0032484070000009524,32,0.016479436000054193,125.57421875
pppm,B,512,replicated_v2,24,8,6,False,0.4072828360001495,0.4027377859999888,0.02293302499992933,0.0,0.37973760800014134,0.004481411999904594,32,0.016479436000054193,125.57421875
dense,B,512,liquid_clustered,,,0,True,2.2619083659999433,2.255554605000043,1.4661803550000059,0.7859815330000401,0.7892575739999756,0.0062545480000153475,0,1.5161192049999954,483.3359375
dense,B,512,liquid_clustered,,,1,True,2.333342266000045,2.3269312689999424,1.6148266899999726,0.7088275609999073,0.7120212390000233,0.0063389980000465584,0,1.5161192049999954,483.3359375
dense,B,512,liquid_clustered,,,2,False,2.544641656000067,2.538930242999868,1.8083496929998546,0.7273402220000662,0.7304964200000086,0.005642180999984703,0,1.5161192049999954,483.3359375
dense,B,512,liquid_clustered,,,3,False,2.376152237000042,2.3684939240001768,1.7196067280001444,0.6455302229999234,0.64881681199995,0.0075858130001051904,0,1.5161192049999954,483.3359375
dense,B,512,liquid_clustered,,,4,False,2.076018834000024,2.0683676090000063,1.3513522939999802,0.713018447000195,0.7168856509999841,0.007567203000007794,0,1.5161192049999954,483.3359375
dense,B,512,liquid_clustered,,,5,False,2.2901846219999697,2.2842221039998094,1.565040331000091,0.715912956000011,0.7189723550000053,0.005856154999946739,0,1.5161192049999954,483.3359375
dense,B,512,liquid_clustered,,,6,False,2.0625314260000778,2.0563833490000434,1.3426339059999464,0.7103110310001739,0.7135789819999445,0.006051986000102261,0,1.5161192049999954,483.3359375
direct,B,512,liquid_clustered,24,8,0,True,1.6652792489999229,1.6597601299999951,1.3982482860001255,0.0,0.2614261539999916,0.005439993000209142,32,1.5068916360000912,483.2265625
direct,B,512,liquid_clustered,24,8,1,True,1.663108462000082,1.6576305799999318,1.416653308999912,0.0,0.2409056920000694,0.005403802000046198,32,1.5068916360000912,483.2265625
direct,B,512,liquid_clustered,24,8,2,False,1.8421504999998888,1.836324396000009,1.5629604580001342,0.0,0.2732893709999189,0.005758639000077892,32,1.5068916360000912,483.2265625
direct,B,512,liquid_clustered,24,8,3,False,1.6841314939999847,1.6781760149999627,1.4275612510000428,0.0,0.250506489999907,0.0058388259999446745,32,1.5068916360000912,483.2265625
direct,B,512,liquid_clustered,24,8,4,False,2.2613859620000767,2.254285953999897,1.9073240150000856,0.0,0.3468831630000295,0.007023192000133349,32,1.5068916360000912,483.2265625
direct,B,512,liquid_clustered,24,8,5,False,2.0005915080000705,1.9948500410000634,1.743410855999855,0.0,0.2513508229999388,0.00565725499996006,32,1.5068916360000912,483.2265625
direct,B,512,liquid_clustered,24,8,6,False,1.9552325390000078,1.9487451089999013,1.597180992999938,0.0,0.35148324200008574,0.0064168570002038905,32,1.5068916360000912,483.2265625
pppm,B,512,liquid_clustered,24,8,0,True,0.7169204080000782,0.709146753000141,0.03545189700002993,0.0,0.6735712699999112,0.007683334000148534,32,0.023529623000058564,130.0
pppm,B,512,liquid_clustered,24,8,1,True,0.5400871879999158,0.5343262349999804,0.03706953899995824,0.0,0.4971498209999936,0.005673482000020158,32,0.023529623000058564,130.0
pppm,B,512,liquid_clustered,24,8,2,False,0.4212312380000185,0.4155245310000737,0.025340929000094548,0.0,0.39010700299991186,0.0055848960000730585,32,0.023529623000058564,130.0
pppm,B,512,liquid_clustered,24,8,3,False,0.528519832000029,0.5231940429998758,0.024647758000128306,0.0,0.498472399000093,0.005255494000039107,32,0.023529623000058564,130.0
pppm,B,512,liquid_clustered,24,8,4,False,0.4875709650000317,0.4800800479999907,0.02449613900012082,0.0,0.4555112759999247,0.007396487000050911,32,0.023529623000058564,130.0
pppm,B,512,liquid_clustered,24,8,5,False,0.5368862389998412,0.5297983159998694,0.030981731000110813,0.0,0.4987165109998841,0.0069991150000987545,32,0.023529623000058564,130.0
pppm,B,512,liquid_clustered,24,8,6,False,0.6146945339999093,0.6072480539999106,0.032228343000042514,0.0,0.5749254130000736,0.007368048999978782,32,0.023529623000058564,130.0
direct,A,1728,replicated_v2,64,5,0,True,30.367500319999863,30.35163303100012,20.420664272000067,0.0,9.930803968999953,0.01570762599999398,69,0.16757330399991588,531.1171875
direct,A,1728,replicated_v2,64,5,1,False,30.031185792000088,30.018284433999952,19.409242217999918,0.0,10.6088415050001,0.012675002999912977,69,0.16757330399991588,531.1171875
direct,A,1728,replicated_v2,64,5,2,False,29.658896335999998,29.64725783499989,19.833258075999993,0.0,9.813800140000012,0.011492364000105226,69,0.16757330399991588,531.1171875
direct,A,1728,replicated_v2,64,5,3,False,30.05833728599987,30.046767675999945,20.36725579799986,0.0,9.679365999000083,0.01140219400008391,69,0.16757330399991588,531.1171875
pppm,A,1728,replicated_v2,64,5,0,True,3.800681870000062,3.7854200940000737,0.13522548700007064,0.0,3.649779287000001,0.015064318999975512,69,0.04501213100002133,167.25
pppm,A,1728,replicated_v2,64,5,1,False,3.469006004999983,3.453860478000024,0.09565395700019508,0.0,3.3580231129999447,0.014964367999937167,69,0.04501213100002133,167.25
pppm,A,1728,replicated_v2,64,5,2,False,2.5414806159999443,2.5301783630000045,0.09554084899991722,0.0,2.434447688000091,0.0111327300000994,69,0.04501213100002133,167.25
pppm,A,1728,replicated_v2,64,5,3,False,3.0387953580000158,3.024380026000017,0.10164034000013089,0.0,2.9225946459998795,0.01423621899994032,69,0.04501213100002133,167.25
dense,A,1728,liquid_clustered,,,0,True,44.732393181000134,44.700871560999985,20.73640496500002,23.890891996999926,23.96430981000003,0.03136034199997084,0,0.37254891299994597,1558.6796875
dense,A,1728,liquid_clustered,,,1,False,45.02684971399981,44.998416219999854,21.57544639599996,23.364842253000006,23.42281094300006,0.028266403000088758,0,0.37254891299994597,1558.6796875
dense,A,1728,liquid_clustered,,,2,False,46.41278404200011,46.386297926000225,21.85142934600003,24.475492286999952,24.534706555999946,0.026330963999953383,0,0.37254891299994597,1558.6796875
direct,A,1728,liquid_clustered,64,5,0,True,28.00503687200012,27.971515187000023,18.024918251999907,0.0,9.946436044000166,0.033360217000108605,69,0.22671704399999726,536.3359375
direct,A,1728,liquid_clustered,64,5,1,False,30.746070314999997,30.722204006000084,19.790449867999996,0.0,10.931570297999997,0.023686515999997937,69,0.22671704399999726,536.3359375
direct,A,1728,liquid_clustered,64,5,2,False,28.608741208000083,28.58074055399993,18.27696600100012,0.0,10.303624467999953,0.02786231600020983,69,0.22671704399999726,536.3359375
direct,A,1728,liquid_clustered,64,5,3,False,29.747396495999965,29.724017572000093,19.638418935000118,0.0,10.085424525000008,0.02321823800002676,69,0.22671704399999726,536.3359375
pppm,A,1728,liquid_clustered,64,5,0,True,4.4733558150001045,4.450980123000136,0.17344517800006543,0.0,4.277369380999971,0.02222168199978114,69,0.045654904000002716,198.3125
pppm,A,1728,liquid_clustered,64,5,1,False,3.788523656999814,3.765490638999836,0.10690225399980591,0.0,3.658439742000155,0.02286054699993656,69,0.045654904000002716,198.3125
pppm,A,1728,liquid_clustered,64,5,2,False,3.6990355860000363,3.6765549680001186,0.12292608699999619,0.0,3.55345391700007,0.022311071000103766,69,0.045654904000002716,198.3125
pppm,A,1728,liquid_clustered,64,5,3,False,4.117206067000097,4.094835203999992,0.10578333199987355,0.0,3.988903154000127,0.02221919700014041,69,0.045654904000002716,198.3125
direct,B,1728,replicated_v2,32,8,0,True,26.26069991700001,26.248709196000164,20.631541108999954,0.0,5.617009652999968,0.01184590399998342,40,0.49880948899999566,531.2109375
direct,B,1728,replicated_v2,32,8,1,False,27.066258264999988,27.054404133999924,20.82614617199988,0.0,6.228094791000103,0.011706857000035598,40,0.49880948899999566,531.2109375
direct,B,1728,replicated_v2,32,8,2,False,25.53542115299979,25.523398064000048,19.550732232999962,0.0,5.972509210999988,0.011881473999892478,40,0.49880948899999566,531.2109375
direct,B,1728,replicated_v2,32,8,3,False,26.93000966900013,26.918337777000033,21.083572213000025,0.0,5.834609872000101,0.011487018000025273,40,0.49880948899999566,531.2109375
pppm,B,1728,replicated_v2,32,8,0,True,2.1022813010001755,2.0899143740000454,0.08609241799990741,0.0,2.0036297940000622,0.012185275000092588,40,0.05234544400013874,166.48828125
pppm,B,1728,replicated_v2,32,8,1,False,1.6939745380000204,1.6821719720001056,0.07656056800010447,0.0,1.6054659509998146,0.011663927999961743,40,0.05234544400013874,166.48828125
pppm,B,1728,replicated_v2,32,8,2,False,1.8426167259999602,1.8287088620002123,0.07727237399990372,0.0,1.7512894349999897,0.01377205100015999,40,0.05234544400013874,166.48828125
pppm,B,1728,replicated_v2,32,8,3,False,1.4824859440000182,1.470482766000032,0.08146141199995327,0.0,1.3888747349999448,0.011871487999997044,40,0.05234544400013874,166.48828125
dense,B,1728,liquid_clustered,,,0,True,46.821168196000144,46.79384379000021,21.321158366999953,25.41099275800002,25.472457463000183,0.02712271700011115,0,0.6952180349999253,1559.02734375
dense,B,1728,liquid_clustered,,,1,False,46.3812327820001,46.34702140400009,22.596642799000165,23.67844868599991,23.75021407600002,0.03403876399988803,0,0.6952180349999253,1559.02734375
dense,B,1728,liquid_clustered,,,2,False,43.25832689899994,43.23144697199996,20.17853296499993,22.984721036999872,23.052750607000007,0.026714100999924995,0,0.6952180349999253,1559.02734375
direct,B,1728,liquid_clustered,32,8,0,True,24.467201352000302,24.442524628,18.329544311999825,0.0,6.112762897000266,0.02452168600029836,40,0.12507910399995126,535.98046875
direct,B,1728,liquid_clustered,32,8,1,False,25.32269754300023,25.29592536500013,19.72272884699987,0.0,5.57305552400021,0.026618857999892498,40,0.12507910399995126,535.98046875
direct,B,1728,liquid_clustered,32,8,2,False,24.479225874999884,24.457274204999976,18.81704960199977,0.0,5.640072669999881,0.021776221999971312,40,0.12507910399995126,535.98046875
direct,B,1728,liquid_clustered,32,8,3,False,25.687273933000142,25.664669356000104,19.769135772000027,0.0,5.895393860999775,0.022455452000031073,40,0.12507910399995126,535.98046875
pppm,B,1728,liquid_clustered,32,8,0,True,2.1906372010002997,2.167454608999833,0.09874986900013027,0.0,2.068499638999583,0.023002124999948137,40,0.0433438049999495,180.53515625
pppm,B,1728,liquid_clustered,32,8,1,False,2.3058112439998695,2.284219763999772,0.09239052200018705,0.0,2.1916826269998637,0.02145560300004945,40,0.0433438049999495,180.53515625
pppm,B,1728,liquid_clustered,32,8,2,False,2.1627956419997645,2.1412415549998514,0.10136985899998763,0.0,2.0397251589997722,0.021376668000357313,40,0.0433438049999495,180.53515625
pppm,B,1728,liquid_clustered,32,8,3,False,1.7889448590003667,1.7646412529998088,0.08447118000003684,0.0,1.6800239040003362,0.024132646999987628,40,0.0433438049999495,180.53515625
dense,A,108,jittered_lattice,,,0,True,0.08051958199985165,0.07957603400018343,0.06761331799998516,0.011690838000049553,0.011901698999736254,0.000898030999906041,0,2.134556130999954,499.39453125
dense,A,108,jittered_lattice,,,1,True,0.07952847700016719,0.078760407000118,0.06445557699998972,0.014033439999820985,0.014253476000249066,0.0007330510002248047,0,2.134556130999954,499.39453125
dense,A,108,jittered_lattice,,,2,False,0.0856414620002397,0.08459034199995585,0.07014411599993764,0.014159687999836024,0.014404629999717145,0.0010053269998024916,0,2.134556130999954,499.39453125
dense,A,108,jittered_lattice,,,3,False,0.09109282200006419,0.09010166599955483,0.07800512599987997,0.011765283000386262,0.012034635999953025,0.000907543999801419,0,2.134556130999954,499.39453125
dense,A,108,jittered_lattice,,,4,False,0.09214040999995632,0.0910519240001122,0.07631753900022886,0.014393677000043681,0.014692190999994637,0.0010462670002198138,0,2.134556130999954,499.39453125
dense,A,108,jittered_lattice,,,5,False,0.09181107499989594,0.09092468700009704,0.07936024199989333,0.011195226000381808,0.011503360000006069,0.0008029010000427661,0,2.134556130999954,499.39453125
dense,A,108,jittered_lattice,,,6,False,0.07469311200020456,0.0739024409999729,0.06320914299976721,0.010452283000176976,0.010650051000084204,0.0007479299997612543,0,2.134556130999954,499.39453125
direct,A,108,jittered_lattice,32,5,0,True,0.08063993899986599,0.07995847000029244,0.06309529100008149,0.0,0.016815851000046678,0.0006429929999285378,37,1.5550513640000645,498.96484375
direct,A,108,jittered_lattice,32,5,1,True,0.07870514000023832,0.07797334799988676,0.062385575999996945,0.0,0.015556271000150446,0.0006967490003262355,37,1.5550513640000645,498.96484375
direct,A,108,jittered_lattice,32,5,2,False,0.07413658399991618,0.0734445359998972,0.058722691999719245,0.0,0.01468716699992001,0.0006582330001947412,37,1.5550513640000645,498.96484375
direct,A,108,jittered_lattice,32,5,3,False,0.09236992399974042,0.09168188300009206,0.07419088500000726,0.0,0.01745929900016563,0.0006554950000463577,37,1.5550513640000645,498.96484375
direct,A,108,jittered_lattice,32,5,4,False,0.07976835899989965,0.07904400400002487,0.06404735099977188,0.0,0.014960902999973769,0.0006607360000998597,37,1.5550513640000645,498.96484375
direct,A,108,jittered_lattice,32,5,5,False,0.07554232199981925,0.07482083600007172,0.059812644999965414,0.0,0.014979859000050055,0.0006885470002089278,37,1.5550513640000645,498.96484375
direct,A,108,jittered_lattice,32,5,6,False,0.10067097499995725,0.09971055699998033,0.07631674499998553,0.0,0.02336465500002305,0.000926888999856601,37,1.5550513640000645,498.96484375
pppm,A,108,jittered_lattice,32,5,0,True,0.10992036900006497,0.10878950599999371,0.007021829999757756,0.0,0.10172351200026242,0.0010890600001403072,37,0.010409596000044985,113.41796875
pppm,A,108,jittered_lattice,32,5,1,True,0.12045520499987106,0.11977275100025508,0.00906132099999013,0.0,0.11065877000010005,0.0006362089998219744,37,0.010409596000044985,113.41796875
pppm,A,108,jittered_lattice,32,5,2,False,0.0821351549998326,0.08146515500038731,0.005862267000338761,0.0,0.07557430199994997,0.0006378699999913806,37,0.010409596000044985,113.41796875
pppm,A,108,jittered_lattice,32,5,3,False,0.08449089199984883,0.08373535200007609,0.006307401999947615,0.0,0.07736878000014258,0.0007231980002870841,37,0.010409596000044985,113.41796875
pppm,A,108,jittered_lattice,32,5,4,False,0.0841717210000752,0.0834179309999854,0.006570139999894309,0.0,0.07681580200005556,0.0007212280002022453,37,0.010409596000044985,113.41796875
pppm,A,108,jittered_lattice,32,5,5,False,0.08290370899976551,0.08219125200002964,0.006004583000049024,0.0,0.07615691999990304,0.00068006699984835,37,0.010409596000044985,113.41796875
pppm,A,108,jittered_lattice,32,5,6,False,0.08043496000027517,0.07975910200002545,0.006069492999813519,0.0,0.07366068100009215,0.0006449120000979747,37,0.010409596000044985,113.41796875
dense,A,108,liquid_clustered,,,0,True,0.10359097600030509,0.10197143799996411,0.08887740299996949,0.012754588999996486,0.013018043000101898,0.0015642139996998594,0,2.322526784999809,499.10546875
dense,A,108,liquid_clustered,,,1,True,0.09555072400007703,0.09439223599974866,0.08374487699984456,0.010377431999586406,0.010585268999875552,0.0011126079998575733,0,2.322526784999809,499.10546875
dense,A,108,liquid_clustered,,,2,False,0.07430785099995774,0.07264871699999276,0.06223943099985263,0.010038088000328571,0.01037134900025194,0.0016182969998226326,0,2.322526784999809,499.10546875
dense,A,108,liquid_clustered,,,3,False,0.07599543600008474,0.07486332400003448,0.06420084299998052,0.010380286000327033,0.010577540999747725,0.0010567600002104882,0,2.322526784999809,499.10546875
dense,A,108,liquid_clustered,,,4,False,0.07382302600035473,0.07260596499963867,0.06210880400021779,0.01023263000024599,0.010433116000058362,0.0011838300001727475,0,2.322526784999809,499.10546875
dense,A,108,liquid_clustered,,,5,False,0.07535580700005085,0.0742817020000075,0.06341605599982358,0.010598021000078006,0.010825087000284839,0.0010367259997110523,0,2.322526784999809,499.10546875
dense,A,108,liquid_clustered,,,6,False,0.09195879600019907,0.09063418300002013,0.07644478599968352,0.013915215999986685,0.014151396000215755,0.001285310000184836,0,2.322526784999809,499.10546875
direct,A,108,liquid_clustered,32,5,0,True,0.10343558800013852,0.10181730599970251,0.07372835700016367,0.0,0.028031483000177104,0.0015776550003465672,37,1.6261674560000756,499.43359375
direct,A,108,liquid_clustered,32,5,1,True,0.09344256300028064,0.09240948400019988,0.0770476080001572,0.0,0.015319792999889614,0.0009922650001499278,37,1.6261674560000756,499.43359375
direct,A,108,liquid_clustered,32,5,2,False,0.08520966900005078,0.0841291500000807,0.06881337900040307,0.0,0.015281694999885076,0.001046170000336133,37,1.6261674560000756,499.43359375
direct,A,108,liquid_clustered,32,5,3,False,0.07962899999984074,0.07864043500012485,0.0631065560000934,0.0,0.01549810599999546,0.0009514940002190997,37,1.6261674560000756,499.43359375
direct,A,108,liquid_clustered,32,5,4,False,0.07922234599982403,0.07810547200006113,0.06285751099994741,0.0,0.015217742999993789,0.0010812210002768552,37,1.6261674560000756,499.43359375
direct,A,108,liquid_clustered,32,5,5,False,0.11805412100011381,0.11690122699974381,0.09274097900015477,0.0,0.024123283999870182,0.0011138049999317445,37,1.6261674560000756,499.43359375
direct,A,108,liquid_clustered,32,5,6,False,0.09171029800018005,0.0904947330000141,0.0724259680000614,0.0,0.018019269999967946,0.0011711999995895894,37,1.6261674560000756,499.43359375
pppm,A,108,liquid_clustered,32,5,0,True,0.0899025509997955,0.08889769200004594,0.0074685750000753615,0.0,0.08137940200003868,0.0009711210000205028,37,0.008373715999823617,113.31640625
pppm,A,108,liquid_clustered,32,5,1,True,0.09520297600010963,0.09395016399957967,0.006316632000107347,0.0,0.08760303200006092,0.0012150669999755337,37,0.008373715999823617,113.31640625
pppm,A,108,liquid_clustered,32,5,2,False,0.11373624399993787,0.1123942000003808,0.007969284999944648,0.0,0.1043806540001242,0.0012995990000490565,37,0.008373715999823617,113.31640625
pppm,A,108,liquid_clustered,32,5,3,False,0.10728444100004708,0.10596532599993225,0.00791912999966371,0.0,0.0979974530000618,0.0012759709998135804,37,0.008373715999823617,113.31640625
pppm,A,108,liquid_clustered,32,5,4,False,0.09452250899994397,0.09348740999985239,0.008137819999774365,0.0,0.08530643199992483,0.0009960959996533347,37,0.008373715999823617,113.31640625
pppm,A,108,liquid_clustered,32,5,5,False,0.09377833600001395,0.09250851099977808,0.006001308000122663,0.0,0.08644562399967981,0.0012331749999248132,37,0.008373715999823617,113.31640625
pppm,A,108,liquid_clustered,32,5,6,False,0.12783548399966094,0.12644133599997076,0.00796894599989173,0.0,0.11842505699996764,0.001346225999895978,37,0.008373715999823617,113.31640625
dense,B,108,jittered_lattice,,,0,True,0.07297599499997887,0.07216687099980845,0.06235736500002531,0.009566604000156076,0.00976231699996788,0.0007710220002081769,0,2.7281955400003426,499.16015625
dense,B,108,jittered_lattice,,,1,True,0.07031919200017,0.06936118700014049,0.05910055399999692,0.010004682999806391,0.010220872999980202,0.0008812270002636069,0,2.7281955400003426,499.16015625
dense,B,108,jittered_lattice,,,2,False,0.06863270500025465,0.0678431329997693,0.05819353300012153,0.009399656999903527,0.009608736000245699,0.0007545170001321821,0,2.7281955400003426,499.16015625
dense,B,108,jittered_lattice,,,3,False,0.07997892599996703,0.07917967799994585,0.06939818800037756,0.009542899999814836,0.0097468089998074,0.0007682149998800014,0,2.7281955400003426,499.16015625
dense,B,108,jittered_lattice,,,4,False,0.07026178200021604,0.06945118700014064,0.05956205399979808,0.009646586000144453,0.00985589100037032,0.0007778839999446063,0,2.7281955400003426,499.16015625
dense,B,108,jittered_lattice,,,5,False,0.06784412400020301,0.06704880900042554,0.05702401999997164,0.009787469000002602,0.009986954999931186,0.0007601540000905516,0,2.7281955400003426,499.16015625
dense,B,108,jittered_lattice,,,6,False,0.07227040099996884,0.07149405599966485,0.062051229999724455,0.009217109000019263,0.009408619000168983,0.0007400379995488038,0,2.7281955400003426,499.16015625
direct,B,108,jittered_lattice,16,6,0,True,0.09798807200013471,0.09701360999997632,0.08723984700009169,0.0,0.009692378999716311,0.0009255790000679553,22,2.0517415710000932,499.3203125
direct,B,108,jittered_lattice,16,6,1,True,0.0690410739998697,0.06834415100001934,0.05961269599993102,0.0,0.008691597000051843,0.000657447999856231,22,2.0517415710000932,499.3203125
direct,B,108,jittered_lattice,16,6,2,False,0.06872096999995847,0.06787007399998402,0.05783355199992002,0.0,0.010006549000081577,0.0008165249996636703,22,2.0517415710000932,499.3203125
direct,B,108,jittered_lattice,16,6,3,False,0.08717904600007387,0.08598241200024859,0.07389142400006676,0.0,0.012043645999710861,0.0011541150001903588,22,2.0517415710000932,499.3203125
direct,B,108,jittered_lattice,16,6,4,False,0.07215986399978647,0.07148103999998057,0.06228238399990005,0.0,0.009150069000043004,0.0006392870000127004,22,2.0517415710000932,499.3203125
direct,B,108,jittered_lattice,16,6,5,False,0.06645585900014339,0.06569635599998946,0.05628326099986225,0.0,0.009381081000356062,0.0007151429999794345,22,2.0517415710000932,499.3203125
direct,B,108,jittered_lattice,16,6,6,False,0.08795298299992282,0.08700221299977784,0.07409783599996445,0.0,0.012867070000083913,0.0009134490001088125,22,2.0517415710000932,499.3203125
pppm,B,108,jittered_lattice,16,6,0,True,0.048899189999701775,0.048175856999932876,0.006174895000185643,0.0,0.04195024399996328,0.0006906600001457264,22,0.006635791000007885,112.1953125
pppm,B,108,jittered_lattice,16,6,1,True,0.04938145300002361,0.04872852400012562,0.005731035000280826,0.0,0.042968254999777855,0.00062326600027518,22,0.006635791000007885,112.1953125
pppm,B,108,jittered_lattice,16,6,2,False,0.04909837500008507,0.04846806400018977,0.005270719999771245,0.0,0.04316658700008702,0.0005996479999339499,22,0.006635791000007885,112.1953125
pppm,B,108,jittered_lattice,16,6,3,False,0.04790112299997418,0.047229529000105686,0.005105105999973603,0.0,0.042046304999985296,0.0006368579997797497,22,0.006635791000007885,112.1953125
pppm,B,108,jittered_lattice,16,6,4,False,0.049168747999829066,0.04838583999980983,0.0055114090000643046,0.0,0.042839808000280755,0.0007490660000257776,22,0.006635791000007885,112.1953125
pppm,B,108,jittered_lattice,16,6,5,False,0.04771532399990974,0.046881040999778634,0.0053164670002843195,0.0,0.041531687999849964,0.0008023079999475158,22,0.006635791000007885,112.1953125
pppm,B,108,jittered_lattice,16,6,6,False,0.046414992999871174,0.04565723899986551,0.005238160999851971,0.0,0.04038150599990331,0.000724635000096896,22,0.006635791000007885,112.1953125
dense,B,108,liquid_clustered,,,0,True,0.09413038899992898,0.09269459999995888,0.08012875700023869,0.012238152000008995,0.012496157999976276,0.001391075000356068,0,2.4992930739999792,499.49609375
dense,B,108,liquid_clustered,,,1,True,0.0837560449999728,0.08240277400000195,0.06977641000003132,0.012298980000196025,0.012544588999844564,0.0013077419998808182,0,2.4992930739999792,499.49609375
dense,B,108,liquid_clustered,,,2,False,0.08879175499987468,0.08764053200002309,0.07572477900021113,0.011664021000342473,0.01186358899985862,0.0011063299998568255,0,2.4992930739999792,499.49609375
dense,B,108,liquid_clustered,,,3,False,0.07632102299976395,0.07496781899999405,0.06257612399986101,0.012085219999789842,0.012349521000032837,0.0013156949999029166,0,2.4992930739999792,499.49609375
dense,B,108,liquid_clustered,,,4,False,0.0773782950000168,0.07623444499995458,0.06618055900025865,0.009762597000189999,0.00999558800003797,0.0011011020001205907,0,2.4992930739999792,499.49609375
dense,B,108,liquid_clustered,,,5,False,0.06880772200020147,0.06771008999976402,0.05753827499984254,0.009933957999692211,0.010136058000171033,0.0010413139998490806,0,2.4992930739999792,499.49609375
dense,B,108,liquid_clustered,,,6,False,0.08658574199989744,0.08516112699999212,0.07287306100033675,0.011974714000189124,0.012249980999968102,0.0013855289998900844,0,2.4992930739999792,499.49609375
direct,B,108,liquid_clustered,16,6,0,True,0.08855594600026961,0.08727379499987364,0.07552776500006075,0.0,0.011625370999809093,0.0012295360002099187,22,2.20856165000032,499.2890625
direct,B,108,liquid_clustered,16,6,1,True,0.074684993000119,0.07369246900043436,0.06442406099995424,0.0,0.009221697000157292,0.0009521990000393998,22,2.20856165000032,499.2890625
direct,B,108,liquid_clustered,16,6,2,False,0.06428063900011693,0.06333822900023733,0.054144977000305516,0.0,0.009161359999779961,0.0009085490000870777,22,2.20856165000032,499.2890625
direct,B,108,liquid_clustered,16,6,3,False,0.06442123699980584,0.06344572300031359,0.05480455799988704,0.0,0.008608617999925627,0.0009435110000595159,22,2.20856165000032,499.2890625
direct,B,108,liquid_clustered,16,6,4,False,0.07914307500004725,0.07816683999999441,0.0673505159998058,0.0,0.01078134100043826,0.0009426259998690512,22,2.20856165000032,499.2890625
direct,B,108,liquid_clustered,16,6,5,False,0.0737950389998332,0.07267584500004887,0.06314474000009795,0.0,0.00949638199972469,0.001082778000181861,22,2.20856165000032,499.2890625
direct,B,108,liquid_clustered,16,6,6,False,0.0782200090002334,0.07687123300001986,0.0643023429997811,0.0,0.012528099000064685,0.0013085509999655187,22,2.20856165000032,499.2890625
pppm,B,108,liquid_clustered,16,6,0,True,0.05145782399995369,0.0505029989999457,0.008074472999851423,0.0,0.04237753400002475,0.0009206989998347126,22,0.007654667999759113,112.63671875
pppm,B,108,liquid_clustered,16,6,1,True,0.04717210599983446,0.04622865400006049,0.005327394999767421,0.0,0.040857190000224364,0.0009100209999814979,22,0.007654667999759113,112.63671875
pppm,B,108,liquid_clustered,16,6,2,False,0.0465125599998828,0.045587509000142745,0.005225544000040827,0.0,0.040328558000055637,0.0008960759996625711,22,0.007654667999759113,112.63671875
pppm,B,108,liquid_clustered,16,6,3,False,0.04667792400005055,0.04577774800009138,0.0049966110000241315,0.0,0.04074804199990467,0.0008701609999661741,22,0.007654667999759113,112.63671875
pppm,B,108,liquid_clustered,16,6,4,False,0.04731387799984077,0.04640138000013394,0.004842493000069226,0.0,0.041529417999754514,0.000881872999798361,22,0.007654667999759113,112.63671875
pppm,B,108,liquid_clustered,16,6,5,False,0.04716386499967484,0.04612405299985767,0.005013499000142474,0.0,0.04107839700009208,0.0010098859997924592,22,0.007654667999759113,112.63671875
pppm,B,108,liquid_clustered,16,6,6,False,0.04826813499994387,0.04732520600009593,0.0052015349997418525,0.0,0.042091493000043556,0.0009083360000659013,22,0.007654667999759113,112.63671875
direct,A,864,jittered_lattice,48,5,0,True,5.693270575000042,5.689333483000155,4.470467457000268,0.0,1.218723227999817,0.003853243999856204,53,0.37354797299985876,345.609375
direct,A,864,jittered_lattice,48,5,1,False,5.84690775900026,5.842881722000129,4.583785791000082,0.0,1.2590098320001744,0.003944398000385263,53,0.37354797299985876,345.609375
direct,A,864,jittered_lattice,48,5,2,False,6.132390095000119,6.121429086999797,4.692642226000316,0.0,1.4286945129997548,0.01086905400006799,53,0.37354797299985876,345.609375
direct,A,864,jittered_lattice,48,5,3,False,5.920501490999868,5.916194739000275,4.560877762000018,0.0,1.3552195760003087,0.004197599000235641,53,0.37354797299985876,345.609375
pppm,A,864,jittered_lattice,48,5,0,True,1.6633160799997313,1.6566763659998287,0.05532512499985387,0.0,1.601217830999758,0.006537088999721163,53,0.026542607999999746,143.83203125
pppm,A,864,jittered_lattice,48,5,1,False,1.4791629639998973,1.4750418499997977,0.05232182300005661,0.0,1.4225982279999698,0.004015821000393771,53,0.026542607999999746,143.83203125
pppm,A,864,jittered_lattice,48,5,2,False,0.9381694109997625,0.9341319879999901,0.044850806999875203,0.0,0.8891916669999773,0.003951779000090028,53,0.026542607999999746,143.83203125
pppm,A,864,jittered_lattice,48,5,3,False,0.9215818450002189,0.9175431300000128,0.045725039999979344,0.0,0.8717291329999171,0.0039581229998475465,53,0.026542607999999746,143.83203125
dense,A,864,liquid_clustered,,,0,True,8.623482101000263,8.612684575999992,5.343471574999967,3.2571973119997892,3.2691041699999914,0.010694407999835676,0,0.715919032000329,479.9609375
dense,A,864,liquid_clustered,,,1,False,7.98769464399993,7.974821884999983,5.072228309000366,2.890301446000194,2.902493021999817,0.012751546999879793,0,0.715919032000329,479.9609375
dense,A,864,liquid_clustered,,,2,False,7.269325670999933,7.2578244299998005,4.52367569199987,2.7213333150002654,2.7340175290000843,0.011406062999867572,0,0.715919032000329,479.9609375
direct,A,864,liquid_clustered,48,5,0,True,5.798474347000138,5.786799870999857,4.574141380000128,0.0,1.2125542170001609,0.011577004000173474,53,0.25303103199985344,345.8828125
direct,A,864,liquid_clustered,48,5,1,False,6.397079144000145,6.386047659999804,4.936688626999967,0.0,1.449259346999952,0.010941428000023734,53,0.25303103199985344,345.8828125
direct,A,864,liquid_clustered,48,5,2,False,5.495130003999748,5.483077891999983,4.244140821000201,0.0,1.2388447690000248,0.011954841000260785,53,0.25303103199985344,345.8828125
direct,A,864,liquid_clustered,48,5,3,False,5.68325964900032,5.671489551000377,4.39149265099968,0.0,1.2798633530001098,0.011675833000026614,53,0.25303103199985344,345.8828125
pppm,A,864,liquid_clustered,48,5,0,True,1.9008284900000945,1.885681528999612,0.06591515500031164,0.0,1.8196481029999632,0.015048568000111118,53,0.025421111000014207,153.42578125
pppm,A,864,liquid_clustered,48,5,1,False,1.4994375670003137,1.4891144260000146,0.06105598999965878,0.0,1.4279290560002664,0.01021087000026455,53,0.025421111000014207,153.42578125
pppm,A,864,liquid_clustered,48,5,2,False,1.3018117789997632,1.2911096220000218,0.04430601600006412,0.0,1.2467127109998728,0.010606883999571437,53,0.025421111000014207,153.42578125
pppm,A,864,liquid_clustered,48,5,3,False,1.5841432189999978,1.5739242469999226,0.047306896000009147,0.0,1.5265228329999445,0.010126128000138124,53,0.025421111000014207,153.42578125
direct,B,864,jittered_lattice,32,8,0,True,5.809005607000017,5.804925650999849,4.646756231999916,0.0,1.1580346850000751,0.003971051999997144,40,1.2159068159999151,381.58984375
direct,B,864,jittered_lattice,32,8,1,False,5.702027743000144,5.697880105999957,4.651441878000242,0.0,1.046350523000001,0.004056999000113137,40,1.2159068159999151,381.58984375
direct,B,864,jittered_lattice,32,8,2,False,5.832440644999679,5.828553811999882,4.87686493900037,0.0,0.9516031299999668,0.00380337500018868,40,1.2159068159999151,381.58984375
direct,B,864,jittered_lattice,32,8,3,False,5.153809627000101,5.147836823000034,4.2112754609997864,0.0,0.9364778200001638,0.005891983000310574,40,1.2159068159999151,381.58984375
pppm,B,864,jittered_lattice,32,8,0,True,0.9180703289998746,0.9141275749998385,0.04403681600024356,0.0,0.8699921819998053,0.0038510109998242115,40,0.023469907000162493,137.7734375
pppm,B,864,jittered_lattice,32,8,1,False,0.8217239499999778,0.8181756869998935,0.03756923699984327,0.0,0.7805186550003782,0.0034639149998838548,40,0.023469907000162493,137.7734375
pppm,B,864,jittered_lattice,32,8,2,False,0.9066870619999463,0.9010887399999774,0.0360565289997794,0.0,0.8649520110002413,0.005491706000157137,40,0.023469907000162493,137.7734375
pppm,B,864,jittered_lattice,32,8,3,False,1.0014629049996984,0.9971757189996424,0.04869602999997369,0.0,0.9483718989999943,0.004196464999949967,40,0.023469907000162493,137.7734375
dense,B,864,liquid_clustered,,,0,True,8.163165263999872,8.15144042899965,4.8542662019999625,3.2822151909999775,3.29705639399981,0.011611373000050662,0,1.0517815189996327,479.8984375
dense,B,864,liquid_clustered,,,1,False,7.973435601000347,7.9610733000004075,4.80923631800033,3.139401637999981,3.1517103409996707,0.012258260000180599,0,1.0517815189996327,479.8984375
dense,B,864,liquid_clustered,,,2,False,7.834051178000209,7.8206582989996605,4.893090126000061,2.9144606070003647,2.927465889999894,0.013298464999934367,0,1.0517815189996327,479.8984375
direct,B,864,liquid_clustered,32,8,0,True,5.678127609000057,5.665824368999893,4.474017445999834,0.0,1.191701213000215,0.012210294999931648,40,0.3629400079998959,381.671875
direct,B,864,liquid_clustered,32,8,1,False,5.708175370999925,5.697402258999773,4.7519532340002115,0.0,0.9453544660000262,0.010652693000338331,40,0.3629400079998959,381.671875
direct,B,864,liquid_clustered,32,8,2,False,5.566534510999645,5.555652559999999,4.495001408000007,0.0,1.0605565420000858,0.01078725699971983,40,0.3629400079998959,381.671875
direct,B,864,liquid_clustered,32,8,3,False,5.171984983000129,5.159914023000056,4.135859248000088,0.0,1.0239401059998272,0.011981505999756337,40,0.3629400079998959,381.671875
pppm,B,864,liquid_clustered,32,8,0,True,1.226308293999864,1.211169248999795,0.05045777099985571,0.0,1.1606042530002014,0.015004090999809705,40,0.023418904000209295,148.05859375
pppm,B,864,liquid_clustered,32,8,1,False,1.0031453369997507,0.9929193040002247,0.04684769799996502,0.0,0.9459652519999509,0.010120455999640399,40,0.023418904000209295,148.05859375
pppm,B,864,liquid_clustered,32,8,2,False,0.8485389089996715,0.8385856919999242,0.04707698999982313,0.0,0.7914168279999103,0.009862282000085543,40,0.023418904000209295,148.05859375
pppm,B,864,liquid_clustered,32,8,3,False,0.9399285320000672,0.9268468909999683,0.04142428099976314,0.0,0.8853342900001735,0.012997019000067667,40,0.023418904000209295,148.05859375
