case,quantity,max_lag,n,mean_ref,mean_fast,mean_diff,sd_diff,sem_diff,t_crit_95,ci95_low,ci95_high,rel_mean_diff,rel_ci95_low,rel_ci95_high,paired_t,p_two_sided,n_diff_positive,n_diff_zero,sign_test_p,ref_s101,ref_s102,ref_s103,ref_s104,ref_s105,fast_s101,fast_s102,fast_s103,fast_s104,fast_s105,diff_s101,diff_s102,diff_s103,diff_s104,diff_s105
lj_A,D_green_kubo,3,5,0.06091941846,0.05826256452,-0.002656853937,0.00205221506,0.0009177784755,2.776445105,-0.005205015493,-0.0001086923806,-0.04361259519,-0.08544099114,-0.001784199248,-2.89487497,0.04434534387,1,0,0.375,0.06534902642,0.05564964091,0.06038912351,0.05892471482,0.06428458665,0.06081151606,0.05443297773,0.05574284104,0.05895340476,0.06137208304,-0.004537510361,-0.001216663177,-0.004646282476,2.868994172e-05,-0.00291250361
lj_A,D_msd,3,5,0.0602582166,0.05795293651,-0.002305280092,0.002754336533,0.001231776744,2.776445105,-0.005725240605,0.00111468042,-0.03825669299,-0.09501178309,0.01849839711,-1.87150805,0.1345961387,1,0,0.375,0.06540091344,0.05474084086,0.06082309821,0.05821150888,0.06211472161,0.06175804503,0.05268108921,0.05461522138,0.0590330385,0.06167728842,-0.003642868407,-0.00205975165,-0.006207876826,0.0008215296127,-0.0004374331914
lj_A,T_mean,,5,0.6998940059,0.7001973775,0.00030337157,0.004525374198,0.002023808866,2.776445105,-0.00531562265,0.00592236579,0.0004334535907,-0.007594896662,0.008461803844,0.1499012951,0.8880972463,2,0,1,0.6992692434,0.6994907447,0.6992404386,0.7015632691,0.6999063339,0.7049961738,0.7042403104,0.6962423961,0.6989440921,0.696563915,0.005726930457,0.004749565748,-0.002998042447,-0.002619177014,-0.003342418894
lj_A,U_per_particle,,5,-3.169847388,-3.203524715,-0.03367732768,0.08577966745,0.0383618335,2.776445105,-0.1401868525,0.07283219717,-0.01062427416,-0.04422511099,0.02297656268,-0.8778862897,0.4295733453,2,0,1,-3.067951839,-3.249709285,-3.149650172,-3.18023093,-3.201694713,-3.138112181,-3.356414233,-3.255646025,-3.145439956,-3.122011182,-0.07016034213,-0.1067049477,-0.1059958535,0.0347909742,0.07968353075
lj_A,tau_T,3,5,0.2407823523,0.2232959292,-0.01748642311,0.02563232156,0.01146312269,2.776445105,-0.04931315398,0.01434030776,-0.07262335855,-0.204803855,0.05955713791,-1.525450227,0.2018400419,2,0,1,0.2473624,0.2553430472,0.243152469,0.2555192243,0.2025346213,0.2222051757,0.2555098018,0.2231765662,0.2009447983,0.214643304,-0.02515722424,0.0001667546948,-0.01997590279,-0.05457442597,0.01210868278
lj_A,rdf_peak,,5,3.268969562,3.308584714,0.03961515122,0.09840297291,0.04400714732,2.776445105,-0.08256827756,0.16179858,0.01211854392,-0.02525819711,0.04949528495,0.9001981184,0.4189118206,3,0,1,3.115432447,3.407433227,3.263894581,3.276771399,3.281316158,3.21049366,3.528248076,3.366909124,3.266545691,3.170727017,0.09506121373,0.1208148493,0.1030145424,-0.01022570825,-0.1105891411
lj_A,vacf_min,,5,-0.01232086813,-0.01252070268,-0.0001998345448,0.002827542715,0.001264515544,2.776445105,-0.003710692537,0.003311023448,-0.01621919354,-0.301171354,0.2687329669,-0.1580324937,0.8820882928,1,0,0.375,-0.01022089899,-0.01851698846,-0.009611361614,-0.009501541948,-0.01375354965,-0.01097927638,-0.0138593929,-0.01155056558,-0.01192252326,-0.01429175526,-0.0007583773887,0.004657595555,-0.001939203964,-0.002420981317,-0.0005382056101
lj_B,D_green_kubo,3,5,0.01004053368,0.01004049243,-4.125038169e-08,4.974800575e-08,2.224798452e-08,2.776445105,-1.030206894e-07,2.051992604e-08,-4.108385372e-06,-1.026047944e-05,2.043708701e-06,-1.854117691,0.1373327688,2,0,1,0.01066410052,0.01046111272,0.009936675332,0.009966955509,0.009173824315,0.01066404277,0.01046111672,0.009936607201,0.00996697187,0.009173723584,-5.775168697e-08,4.000954332e-09,-6.813081186e-08,1.636041816e-08,-1.007307821e-07
lj_B,D_msd,3,5,0.009275131631,0.009275231327,9.969606103e-08,2.214112182e-07,9.901810699e-08,2.776445105,-1.752222775e-07,3.746143995e-07,1.074874891e-05,-1.889162164e-05,4.038911947e-05,1.006846768,0.3709715309,3,0,1,0.009404541425,0.009309443412,0.009243460497,0.009422873702,0.008995339116,0.009404510016,0.009309437786,0.00924347664,0.009422899256,0.008995832935,-3.140921977e-08,-5.625253282e-09,1.614250069e-08,2.555402971e-08,4.938182478e-07
lj_B,T_mean,,5,0.699641931,0.6996418667,-6.426373604e-08,1.164001007e-07,5.205570754e-08,2.776445105,-2.087935505e-07,8.026607837e-08,-9.185232217e-08,-2.984291553e-07,1.147245109e-07,-1.234518539,0.2845756305,1,0,0.375,0.6975415759,0.6983276951,0.7032748324,0.6990419072,0.7000236444,0.6975416292,0.6983276926,0.7032746963,0.6990419023,0.7000234131,5.331317177e-08,-2.45898546e-09,-1.360404677e-07,-4.905985618e-09,-2.312264132e-07
lj_B,U_per_particle,,5,-3.145188757,-3.145191035,-2.278166048e-06,5.786742229e-06,2.587909798e-06,2.776445105,-9.463355541e-06,4.907023444e-06,-7.243336487e-07,-3.008835486e-06,1.560168188e-06,-0.8803112264,0.4284039126,1,0,0.375,-3.136833354,-3.115948171,-3.17191697,-3.140114624,-3.161130667,-3.13683361,-3.115948328,-3.171917601,-3.140112521,-3.161143116,-2.560962304e-07,-1.566751302e-07,-6.309843488e-07,2.102330239e-06,-1.244940477e-05
lj_B,tau_T,3,5,0.01753349275,0.01753394071,4.479649928e-07,5.499292025e-07,2.459358159e-07,2.776445105,-2.348622995e-07,1.130792285e-06,2.55491019e-05,-1.33950664e-05,6.44932702e-05,1.821471147,0.1426331357,5,0,0.0625,0.009920398718,0.02541326168,0.02537262879,0.008714704243,0.0182464703,0.009920553956,0.0254133432,0.0253729604,0.008714958829,0.01824788717,1.552384133e-07,8.151802684e-08,3.316096595e-07,2.545860776e-07,1.416872787e-06
lj_B,rdf_peak,,5,3.252759921,3.252229699,-0.0005302219092,0.001642133868,0.0007343845913,2.776445105,-0.002569200413,0.001508756594,-0.0001630067764,-0.0007898524561,0.0004638389033,-0.7219948724,0.510249239,1,3,1,3.223370478,3.227157778,3.27222664,3.221476829,3.319567882,3.224127938,3.227157778,3.27222664,3.221476829,3.316159312,0.0007574598704,0,0,0,-0.003408569417
lj_B,vacf_min,,5,-0.02887296415,-0.02887305991,-9.575705797e-08,1.299775653e-07,5.812773433e-08,2.776445105,-2.571455214e-07,6.563140548e-08,-3.31649558e-06,-8.906100534e-06,2.273109375e-06,-1.64735576,0.1748302789,2,0,1,-0.02999629591,-0.02383583646,-0.03192093832,-0.03130350572,-0.02730824434,-0.02999644216,-0.02383583337,-0.03192119096,-0.03130365846,-0.02730817457,-1.46255955e-07,3.087883671e-09,-2.526385982e-07,-1.527422074e-07,6.976358711e-08
double_well_A,D_green_kubo,3,5,0.0193683447,0.02092580128,0.001557456577,0.000618544757,0.0002766216248,2.776445105,0.0007894318209,0.002325481333,0.0804124772,0.04075886881,0.1200660856,5.630277742,0.004895568014,5,0,0.0625,0.01926466464,0.01781084185,0.02030287056,0.02117133642,0.01829201004,0.02129047685,0.01895469228,0.02100373155,0.02292388989,0.02045621583,0.002025812213,0.001143850427,0.0007008609853,0.001752553464,0.002164205795
double_well_A,D_msd,3,5,0.02005739436,0.02117256594,0.001115171574,0.0004819154754,0.0002155191525,2.776445105,0.000516794478,0.00171354867,0.05559902517,0.02576578337,0.08543226697,5.17435022,0.006632069105,5,0,0.0625,0.02089403558,0.01861579539,0.02033040154,0.02060845312,0.01983828618,0.02191627852,0.01948115432,0.0208210143,0.02221040349,0.02143397905,0.001022242939,0.0008653589322,0.0004906127639,0.001601950367,0.001595692868
double_well_A,T_mean,,5,0.6992952495,0.7007396111,0.001444361663,0.003097732775,0.001385348212,2.776445105,-0.0024019816,0.005290704925,0.002065453274,-0.003434860456,0.007565767005,1.04259828,0.3559996785,3,0,1,0.7047116484,0.6956478094,0.7023708758,0.6975834041,0.6961625096,0.7026427754,0.7012385217,0.7012146785,0.699737235,0.698864845,-0.002068873074,0.005590712323,-0.001156197249,0.002153830857,0.002702335456
double_well_A,U_per_particle,,5,-5.756383443,-5.765863891,-0.009480448204,0.05534027447,0.02474892312,2.776445105,-0.07819447466,0.05923357825,-0.001646945221,-0.01358395865,0.01029006821,-0.3830650795,0.7211585731,2,0,1,-5.716649648,-5.843092937,-5.711880251,-5.680260782,-5.830033596,-5.729677907,-5.915349258,-5.753319976,-5.675568459,-5.755403855,-0.01302825837,-0.07225632127,-0.04143972513,0.004692322969,0.07462974078
double_well_A,tau_T,3,5,0.1050425068,0.1246805007,0.01963799391,0.04895763072,0.02189451806,2.776445105,-0.0411509336,0.08042692141,0.1869528299,-0.3917550603,0.76566072,0.8969365689,0.4204565569,4,0,0.375,0.1202567124,0.1055718905,0.07979451682,0.1076550845,0.1119343299,0.06785927204,0.1726042331,0.1436980704,0.1172929802,0.121947948,-0.05239744038,0.0670323426,0.06390355353,0.009637895701,0.01001361809
double_well_A,rdf_peak,,5,4.272082096,4.242694031,-0.02938806524,0.1518874563,0.06792613543,2.776445105,-0.2179812515,0.159205121,-0.006879096557,-0.05102459329,0.03726640018,-0.4326473905,0.6875762278,3,0,1,4.303604744,4.454931413,4.116354829,4.085820071,4.399699424,4.118150992,4.54878089,4.241982124,4.098393207,4.206162942,-0.185453752,0.0938494774,0.1256272948,0.01257313573,-0.1935364821
double_well_A,vacf_min,,5,-0.1344244994,-0.1314406295,0.002983869966,0.008864722506,0.003964424425,2.776445105,-0.008023136824,0.01399087676,0.02219736714,-0.05968507868,0.104079813,0.7526615837,0.4935243775,3,0,1,-0.1290971483,-0.1411618241,-0.1294119856,-0.1329242492,-0.13952729,-0.1216199774,-0.1485658854,-0.135253714,-0.1225975064,-0.129166064,0.007477170833,-0.007404061369,-0.005841728425,0.01032674278,0.01036122602
double_well_B,D_green_kubo,3,5,0.006426904625,0.006313974513,-0.0001129301115,0.0003935261108,0.000175990227,2.776445105,-0.0006015573157,0.0003756970926,-0.01757146218,-0.09359985107,0.05845692671,-0.6416839929,0.5560022415,2,0,1,0.006564287814,0.006628967784,0.00490354734,0.007043640523,0.006994079665,0.006049943268,0.006996441565,0.004529611699,0.006754472362,0.007239403673,-0.0005143445457,0.0003674737815,-0.0003739356418,-0.0002891681603,0.0002453240085
double_well_B,D_msd,3,5,0.005146766976,0.005136187598,-1.057937794e-05,0.0002442310888,0.0001092234634,2.776445105,-0.0003138323281,0.0002926735723,-0.002055538553,-0.06097659553,0.05686551842,-0.09685993848,0.9274966856,2,0,1,0.005384887038,0.004836794152,0.004578771303,0.005188186212,0.005745196172,0.005237977561,0.004932487872,0.004365171666,0.005029253315,0.006116047574,-0.0001469094766,9.569372006e-05,-0.0002135996368,-0.0001589328978,0.0003708514014
double_well_B,T_mean,,5,0.6991597382,0.6990700577,-8.968054049e-05,0.0001935775319,8.657050406e-05,2.776445105,-0.0003300387927,0.0001506777118,-0.0001282690286,-0.0004720506269,0.0002155125696,-1.035924897,0.3587531753,1,0,0.375,0.697594723,0.6974204025,0.7027348589,0.698802176,0.6992465307,0.6972887101,0.6976285419,0.702530887,0.6987089964,0.6991931531,-0.0003060128586,0.000208139389,-0.0002039719088,-9.317968108e-05,-5.337764308e-05
double_well_B,U_per_particle,,5,-5.702561719,-5.704628545,-0.002066825943,0.03060542368,0.01368716157,2.776445105,-0.04006847868,0.03593482679,-0.0003624381541,-0.007026399827,0.006301523519,-0.1510047159,0.8872812738,2,0,1,-5.66972377,-5.786196079,-5.804268658,-5.732370112,-5.520249978,-5.700302052,-5.749153602,-5.826044072,-5.751954127,-5.495688874,-0.03057828297,0.03704247779,-0.02177541356,-0.01958401525,0.02456110428
double_well_B,tau_T,3,5,0.02059645524,0.02237159305,0.00177513781,0.001751503182,0.0007832960358,2.776445105,-0.0003996406344,0.003949916254,0.08618656898,-0.01940336965,0.1917765076,2.266241279,0.08608439543,4,0,0.375,0.02120662105,0.02594914676,0.01070699695,0.01515030883,0.02996920259,0.02351098748,0.02991298021,0.01063922711,0.01517999216,0.03261477828,0.002304366431,0.003963833443,-6.776984206e-05,2.968332447e-05,0.002645575693
double_well_B,rdf_peak,,5,4.194577695,4.167365837,-0.02721185804,0.03052584212,0.01365157161,2.776445105,-0.06511469721,0.01069098113,-0.006487389201,-0.01552354062,0.002548762214,-1.993313211,0.1170067903,2,0,1,4.193589806,4.276213269,4.439664034,4.210204307,3.85321706,4.146889587,4.278458472,4.445950602,4.175628183,3.789902341,-0.04670021842,0.002245202809,0.006286567864,-0.03457612325,-0.0633147192
double_well_B,vacf_min,,5,-0.0516359731,-0.05192089222,-0.0002849191179,0.0007390516579,0.0003305139492,2.776445105,-0.001202572954,0.0006327347186,-0.005517841551,-0.0232894411,0.012253758,-0.8620486928,0.4372753526,3,0,1,-0.05193774509,-0.05054860728,-0.05588359018,-0.05578495487,-0.04402496807,-0.05191526598,-0.05008986915,-0.05588104839,-0.05726772598,-0.04445055157,2.24791143e-05,0.0004587381221,2.541790173e-06,-0.001482771115,-0.0004255835014
