case,quantity,window,t_start,t_end,estimator,n,mean_ref,mean_fast,mean_diff,sd_diff,sem_diff,t_crit_95,ci95_low,ci95_high,rel_mean_diff,rel_ci95_low,rel_ci95_high,paired_t,p_two_sided,n_diff_positive,n_diff_zero,sign_test_p,ref_s101,ref_s102,ref_s103,ref_s104,ref_s105,fast_s101,fast_s102,fast_s103,fast_s104,fast_s105,diff_s101,diff_s102,diff_s103,diff_s104,diff_s105,sem_ref_over_seeds,sem_fast_over_seeds
lj_A,D_green_kubo,0,0,14.98,"all-origin FFT, max lag 3.0",5,0.06029640175,0.05978648034,-0.000509921403,0.002670290414,0.001194190177,2.776445105,-0.003825524875,0.002805682069,-0.008456912655,-0.06344532616,0.04653150085,-0.42700184,0.691358419,2,0,1,0.06714626193,0.05767574517,0.05390877037,0.05561679215,0.06713443911,0.06862768247,0.05446739286,0.05132858204,0.05863236565,0.0658763787,0.001481420538,-0.003208352311,-0.002580188338,0.003015573504,-0.001258060409,0.002856989333,0.003289486535
lj_A,D_green_kubo,1,15,29.98,"all-origin FFT, max lag 3.0",5,0.06073356679,0.0556199973,-0.005113569488,0.01034876181,0.004628106979,2.776445105,-0.01796325446,0.007736115481,-0.08419675903,-0.2957714392,0.1273779211,-1.104894401,0.3311926383,2,0,1,0.07375248694,0.05372058531,0.06228805392,0.05054195952,0.06336474827,0.053302498,0.05649677575,0.0555342321,0.05656566881,0.05620081187,-0.02044998894,0.002776190439,-0.006753821822,0.00602370929,-0.007163936403,0.004073589302,0.0006073935838
lj_A,D_green_kubo,2,30,44.98,"all-origin FFT, max lag 3.0",5,0.06011115535,0.05859933688,-0.001511818474,0.002644503017,0.001182657702,2.776445105,-0.004795402663,0.001771765715,-0.02515038125,-0.07977558633,0.02947482384,-1.278322943,0.2702719494,1,0,0.375,0.05863217935,0.04894398624,0.06668515221,0.05982835238,0.0664661066,0.05824719081,0.05067656847,0.06122782268,0.05759375889,0.06525134355,-0.0003849885381,0.001732582234,-0.005457329533,-0.00223459349,-0.001214763045,0.003244810114,0.002398578574
lj_A,D_green_kubo,3,45,60,"all-origin FFT, max lag 3.0",5,0.06167070472,0.05647467367,-0.005196031048,0.008016149315,0.003584930957,2.776445105,-0.01514939506,0.00475733296,-0.0842544458,-0.2456497802,0.07714088856,-1.449408959,0.2208171296,1,0,0.375,0.05969941613,0.06284225121,0.05954891389,0.06658858079,0.05967436159,0.05851548108,0.05284104715,0.04793593655,0.05631774055,0.06676316303,-0.001183935052,-0.01000120406,-0.01161297734,-0.01027084024,0.007088801446,0.001377159888,0.003131739209
lj_A,D_green_kubo,full,0,60,"all-origin FFT, max lag 3.0",5,0.06066541078,0.05748070865,-0.003184702134,0.002791287541,0.001248301737,2.776445105,-0.006650543382,0.0002811391143,-0.05249617686,-0.1096266109,0.00463425716,-2.551227831,0.06322304287,0,0,0.0625,0.06454259816,0.05665943593,0.06103108913,0.05795993435,0.06313399633,0.05992476853,0.05421942863,0.0537921283,0.05780731443,0.06165990334,-0.004617829626,-0.002440007299,-0.007238960828,-0.0001526199197,-0.001474092996,0.00149378135,0.001545757752
lj_A,D_green_kubo,slope_per_window_of_diff,,,"per-seed LS slope over windows 0-3, then mean over seeds",5,,,-0.001045657792,,0.001414084169,2.776445105,-0.004971784862,0.002880469278,,,,-0.7394593724,0.5006735153,,,,,,,,,,,,,,0.001206893364,-0.002142216345,-0.002580187471,-0.004811754401,0.003098975892,,
lj_A,D_green_kubo,slope_per_window_of_reference,,,"per-seed LS slope over windows 0-3, then mean over seeds",5,,,0.0003500497484,,0.001425504991,2.776445105,-0.003607786607,0.004307886103,,,,0.2455619241,0.8181061951,,,,,,,,,,,,,,-0.0037460845,0.001072291907,0.002131752883,0.004220175877,-0.001927887425,,
lj_A,D_green_kubo,slope_per_window_of_fast,,,"per-seed LS slope over windows 0-3, then mean over seeds",5,,,-0.0006956080439,,0.0005956250543,2.776445105,-0.00234932831,0.0009581122227,,,,-1.167862297,0.307725452,,,,,,,,,,,,,,-0.002539191136,-0.001069924439,-0.0004484345872,-0.0005915785243,0.001171088467,,
lj_A,D_msd,0,0,14.98,"all-origin FFT, max lag 3.0",5,0.05853161733,0.06002482488,0.001493207546,0.001651780414,0.000738698658,2.776445105,-0.0005577487273,0.003544163819,0.02551112739,-0.009529016159,0.06055127094,2.021402814,0.1133165063,4,0,0.375,0.06881959116,0.04777920256,0.05405569642,0.05673645719,0.06526713934,0.07191891418,0.04796039248,0.0536560772,0.05996491293,0.06662382759,0.003099323029,0.0001811899238,-0.0003996192143,0.003228455742,0.00135668825,0.003808415377,0.004307732946
lj_A,D_msd,1,15,29.98,"all-origin FFT, max lag 3.0",5,0.05998440707,0.05590536998,-0.004079037092,0.008173682114,0.003655381767,2.776445105,-0.01422800391,0.006069929722,-0.06800162395,-0.2371950412,0.1011917933,-1.115899064,0.3269764842,1,0,0.375,0.07242098185,0.05203384204,0.06054334782,0.04969180195,0.06523206167,0.05857885121,0.05045616112,0.05808261896,0.05701114752,0.05539807106,-0.01384213065,-0.001577680914,-0.002460728865,0.007319345569,-0.009833990604,0.004193255837,0.001467342637
lj_A,D_msd,2,30,44.98,"all-origin FFT, max lag 3.0",5,0.05977414796,0.0565840022,-0.003190145753,0.002113291434,0.0009450926606,2.776445105,-0.005814143644,-0.0005661478613,-0.05336999124,-0.09726853235,-0.009471450128,-3.375484633,0.02790172341,0,0,0.0625,0.06093300476,0.05102490273,0.06422407271,0.06054157538,0.06214718421,0.05971559509,0.04845472049,0.05851292067,0.05541427846,0.06082249631,-0.00121740967,-0.002570182241,-0.005711152037,-0.005127296918,-0.001324687897,0.002279411298,0.002224251644
lj_A,D_msd,3,45,60,"all-origin FFT, max lag 3.0",5,0.05964694559,0.05821461021,-0.001432335376,0.004810795932,0.002151453346,2.776445105,-0.007405727488,0.004541056736,-0.0240135578,-0.1241593751,0.07613225944,-0.6657524683,0.5419967953,1,0,0.375,0.05746829946,0.06133896264,0.05514383242,0.0670077746,0.05727585881,0.05727243104,0.05817996567,0.0492714395,0.06273976279,0.06360945205,-0.0001958684288,-0.003158996965,-0.005872392924,-0.004268011809,0.006333593248,0.002093935351,0.002553923732
lj_A,D_msd,full,0,60,"all-origin FFT, max lag 3.0",5,0.06018208106,0.05788475827,-0.002297322793,0.002740756742,0.001225703677,2.776445105,-0.005700421768,0.001105776182,-0.03817287061,-0.09471958543,0.01837384421,-1.874288897,0.1341640088,1,0,0.375,0.06548876877,0.0543079811,0.0607751206,0.05808162144,0.06225691338,0.06192209673,0.05249677977,0.0545287401,0.05898922287,0.06148695186,-0.003566672043,-0.001811201325,-0.006246380501,0.0009076014263,-0.0007699615231,0.00189386563,0.001881341447
lj_A,D_msd,slope_per_window_of_diff,,,"per-seed LS slope over windows 0-3, then mean over seeds",5,,,-0.0007887737425,,0.0009936120048,2.776445105,-0.00354748293,0.001969935445,,,,-0.7938448194,0.4717209353,,,,,,,,,,,,,,0.0002739146604,-0.001101306199,-0.00196687443,-0.003493604514,0.00234400177,,
lj_A,D_msd,slope_per_window_of_reference,,,"per-seed LS slope over windows 0-3, then mean over seeds",5,,,0.0003135725652,,0.001748557628,2.776445105,-0.004541201702,0.005168346833,,,,0.1793321308,0.8663945038,,,,,,,,,,,,,,-0.004554185217,0.003967034093,0.0006945132908,0.004166372566,-0.002705871907,,
lj_A,D_msd,slope_per_window_of_fast,,,"per-seed LS slope over windows 0-3, then mean over seeds",5,,,-0.0004752011773,,0.001174872362,2.776445105,-0.003737169795,0.00278676744,,,,-0.4044704709,0.7065608336,,,,,,,,,,,,,,-0.004280270557,0.002865727894,-0.001272361139,0.0006727680524,-0.0003618701368,,
lj_A,T_mean,0,0,14.98,frame mean,5,0.6979978082,0.6981356755,0.0001378673206,0.002737251448,0.001224136062,2.776445105,-0.003260879256,0.003536613897,0.0001975182714,-0.004671761455,0.005066797998,0.1126241803,0.9157543347,3,0,1,0.6990182474,0.706355547,0.6963227818,0.6897785893,0.6985138756,0.7008198891,0.7079621328,0.6918449485,0.6918070291,0.6982443782,0.001801641762,0.001606585713,-0.0044778333,0.002028439874,-0.0002694974453,0.002660081707,0.003028209804
lj_A,T_mean,1,15,29.98,frame mean,5,0.7018654597,0.6993028059,-0.002562653768,0.00668221488,0.002988377342,2.776445105,-0.01085971941,0.005734411877,-0.003651203707,-0.01547265115,0.008170243739,-0.8575402214,0.4394882809,2,0,1,0.7089179658,0.6953218009,0.7107097592,0.6987560285,0.695621744,0.7083349076,0.6976717615,0.696726234,0.6962368145,0.6975443118,-0.0005830582101,0.002349960624,-0.01398352519,-0.002519213917,0.001922567855,0.003312336755,0.002273438961
lj_A,T_mean,2,30,44.98,frame mean,5,0.6969565794,0.7006205801,0.003664000695,0.0132657506,0.005932624022,2.776445105,-0.01280760423,0.02013560562,0.005257143419,-0.01837647367,0.02889076051,0.6176020393,0.5702630166,3,0,1,0.692465805,0.6979960282,0.6876571468,0.7048740932,0.7017898239,0.7068712431,0.7067085445,0.7039387929,0.6947548726,0.6908294475,0.01440543809,0.008712516278,0.01628164608,-0.0101192206,-0.01096037637,0.003112669526,0.003297100516
lj_A,T_mean,3,45,60,frame mean,5,0.7027523653,0.7027270756,-2.528975252e-05,0.007170586528,0.003206783783,2.776445105,-0.008928748891,0.008878169386,-3.598671989e-05,-0.01270539856,0.01263342512,-0.007886329179,0.9940853298,3,0,1,0.6966784098,0.6982912019,0.7022680297,0.7128293442,0.7036948409,0.7039600371,0.7046182989,0.6924646462,0.7129589657,0.6996334299,0.007281627257,0.006327097003,-0.00980338359,0.0001296215232,-0.004061410956,0.002823678978,0.003351690598
lj_A,T_mean,full,0,60,frame mean,5,0.6998940059,0.7001973775,0.00030337157,0.004525374198,0.002023808866,2.776445105,-0.00531562265,0.00592236579,0.0004334535907,-0.007594896662,0.008461803844,0.1499012951,0.8880972463,2,0,1,0.6992692434,0.6994907447,0.6992404386,0.7015632691,0.6999063339,0.7049961738,0.7042403104,0.6962423961,0.6989440921,0.696563915,0.005726930457,0.004749565748,-0.002998042447,-0.002619177014,-0.003342418894,0.0004339752191,0.001867998985
lj_A,T_mean,slope_per_window_of_diff,,,"per-seed LS slope over windows 0-3, then mean over seeds",5,,,0.0005737183243,,0.001052105278,2.776445105,-0.002347394226,0.003494830875,,,,0.5453050528,0.614525516,,,,,,,,,,,,,,0.003142845279,0.002052408953,0.00142885204,-0.001329646174,-0.002425868476,,
lj_A,T_mean,slope_per_window_of_reference,,,"per-seed LS slope over windows 0-3, then mean over seeds",5,,,0.0009354791023,,0.001835840773,2.776445105,-0.004161632026,0.00603259023,,,,0.5095644002,0.6371828858,,,,,,,,,,,,,,-0.002347167349,-0.002151880814,-0.0005216868549,0.007527032961,0.002171097568,,
lj_A,T_mean,slope_per_window_of_fast,,,"per-seed LS slope over windows 0-3, then mean over seeds",5,,,0.001509197427,,0.001194781853,2.776445105,-0.001808048802,0.004826443655,,,,1.263157306,0.2751443581,,,,,,,,,,,,,,0.0007956779298,-9.947186156e-05,0.000907165185,0.006197386788,-0.0002547709078,,
lj_A,U_per_particle,0,0,14.98,frame mean,5,-3.207114023,-3.198206726,0.008907297127,0.01998300418,0.00893667115,2.776445105,-0.01590487974,0.033719474,0.002777355923,-0.004959249852,0.0105139617,0.9967130912,0.3753144388,3,0,1,-3.044598015,-3.331725436,-3.312837416,-3.179935227,-3.166474021,-3.045300598,-3.352898352,-3.293886535,-3.150737433,-3.14821071,-0.0007025836267,-0.02117291564,0.0189508802,0.02919779412,0.01826331058,0.05268168078,0.05532510477
lj_A,U_per_particle,1,15,29.98,frame mean,5,-3.18600038,-3.218737703,-0.03273732322,0.09365150516,0.04188222635,2.776445105,-0.1490210256,0.08354637911,-0.01027536702,-0.04677369987,0.02622296583,-0.781651934,0.4780974587,2,0,1,-3.039954998,-3.351047453,-3.126171875,-3.276325556,-3.136502017,-3.169170829,-3.434276682,-3.11000453,-3.170518078,-3.209718397,-0.129215831,-0.08322922873,0.01616734557,0.1058074782,-0.07321638014,0.05601694613,0.05618865959
lj_A,U_per_particle,2,30,44.98,frame mean,5,-3.132393605,-3.197635474,-0.06524186876,0.12971767,0.05801150559,2.776445105,-0.2263076295,0.09582389198,-0.02082811964,-0.07224750719,0.03059126791,-1.124636709,0.3236638406,1,0,0.375,-3.06610998,-3.256755828,-3.003586104,-3.106904255,-3.228611858,-3.128194147,-3.33009129,-3.262465343,-3.143641259,-3.123785329,-0.06208416647,-0.07333546272,-0.2588792391,-0.03673700401,0.1048265285,0.04814484017,0.0417963948
lj_A,U_per_particle,3,45,60,frame mean,5,-3.153902802,-3.199524292,-0.04562149032,0.2081193383,0.09307379757,2.776445105,-0.30403578,0.2127927994,-0.01446509077,-0.09639985728,0.06746967574,-0.4901647028,0.6496873117,2,0,1,-3.121073533,-3.059561952,-3.155996828,-3.157788604,-3.275093092,-3.209687716,-3.308454552,-3.356093761,-3.116901104,-3.006484328,-0.08861418228,-0.2488926002,-0.2000969326,0.04088749976,0.2686087637,0.03513155816,0.0634720861
lj_A,U_per_particle,full,0,60,frame mean,5,-3.169847388,-3.203524715,-0.03367732768,0.08577966745,0.0383618335,2.776445105,-0.1401868525,0.07283219717,-0.01062427416,-0.04422511099,0.02297656268,-0.8778862897,0.4295733453,2,0,1,-3.067951839,-3.249709285,-3.149650172,-3.18023093,-3.201694713,-3.138112181,-3.356414233,-3.255646025,-3.145439956,-3.122011182,-0.07016034213,-0.1067049477,-0.1059958535,0.0347909742,0.07968353075,0.03024121617,0.04493825233
lj_A,U_per_particle,slope_per_window_of_diff,,,"per-seed LS slope over windows 0-3, then mean over seeds",5,,,-0.01960909079,,0.0319640282,2.776445105,-0.1083554604,0.06913727886,,,,-0.6134737043,0.5727323328,,,,,,,,,,,,,,-0.01966031314,-0.06732652876,-0.09321900232,-0.01074753653,0.09290792681,,
lj_A,U_per_particle,slope_per_window_of_reference,,,"per-seed LS slope over windows 0-3, then mean over seeds",5,,,0.0213240438,,0.02499591955,2.776445105,-0.0480757547,0.0907238423,,,,0.8531009933,0.4416760667,,,,,,,,,,,,,,-0.02555815373,0.09107820785,0.05931075327,0.02358611693,-0.04179670531,,
lj_A,U_per_particle,slope_per_window_of_fast,,,"per-seed LS slope over windows 0-3, then mean over seeds",5,,,0.001714953014,,0.01805699608,2.776445105,-0.04841930537,0.0518492114,,,,0.09497443575,0.9289027137,,,,,,,,,,,,,,-0.04521846687,0.02375167909,-0.03390824905,0.0128385804,0.0511112215,,
lj_B,D_green_kubo,0,0,14.98,"all-origin FFT, max lag 3.0",5,0.01064127552,0.0106412756,7.214922826e-11,4.645475883e-11,2.077519973e-11,2.776445105,1.446802667e-11,1.298304298e-10,6.780129704e-09,1.359613952e-09,1.220064546e-08,3.472853653,0.02551726311,5,0,0.0625,0.01029163323,0.01260602355,0.01100327939,0.009391249085,0.009914192357,0.01029163338,0.0126060236,0.01100327947,0.009391249103,0.009914192421,1.428366835e-10,4.989504469e-11,8.591314639e-11,1.850597973e-11,6.359528702e-11,0.0005569895586,0.0005569895594
lj_B,D_green_kubo,1,15,29.98,"all-origin FFT, max lag 3.0",5,0.009099427169,0.009099427608,4.384712511e-10,7.927756849e-10,3.545400645e-10,2.776445105,-5.458897755e-10,1.422832278e-09,4.818668725e-08,-5.99916638e-08,1.563650383e-07,1.236732587,0.283835651,4,0,0.375,0.009373258229,0.01000874723,0.007799205207,0.008800839932,0.009515085247,0.009373258479,0.01000874729,0.007799205194,0.00880083998,0.009515087092,2.498119038e-10,6.209090186e-11,-1.317456821e-11,4.795084815e-11,1.84567717e-09,0.0003777796679,0.0003777797863
lj_B,D_green_kubo,2,30,44.98,"all-origin FFT, max lag 3.0",5,0.009710223463,0.009710256357,3.28946301e-08,7.644757945e-08,3.418839687e-08,2.776445105,-6.202757706e-08,1.278168372e-07,3.387628536e-06,-6.387862987e-06,1.316312006e-05,0.9621577232,0.3904564965,3,0,1,0.008477894205,0.00855306141,0.01077237768,0.01141582223,0.009331961784,0.008477879244,0.008553060383,0.01077237847,0.01141583327,0.009332130425,-1.49610477e-08,-1.02709263e-09,7.835945972e-10,1.103632938e-08,1.686413668e-07,0.0005932107575,0.0005932086927
lj_B,D_green_kubo,3,45,60,"all-origin FFT, max lag 3.0",5,0.009601212658,0.009601385469,1.728106011e-07,4.121939917e-07,1.843387571e-07,2.776445105,-3.389958387e-07,6.846170408e-07,1.799883069e-05,-3.530760652e-05,7.13052679e-05,0.9374621149,0.4015961117,3,0,1,0.01019987042,0.009745704775,0.009005749239,0.009356925053,0.009697813807,0.01019991289,0.009745676394,0.009005763173,0.009356854881,0.009698720011,4.246819663e-08,-2.838133292e-08,1.393435303e-08,-7.017222347e-08,9.06204012e-07,0.0002003564304,0.0002003858877
lj_B,D_green_kubo,full,0,60,"all-origin FFT, max lag 3.0",5,0.009730651098,0.009730707967,5.686876434e-08,1.305883361e-07,5.840087934e-08,2.776445105,-1.052780712e-07,2.190155999e-07,5.844291791e-06,-1.081922167e-05,2.250780525e-05,0.9737655491,0.3853123163,3,0,1,0.009479846991,0.01038867026,0.009532773887,0.009842880469,0.009409083882,0.009479855062,0.01038866297,0.009532776555,0.00984287124,0.009409374008,8.071049417e-09,-7.292046444e-09,2.668372447e-09,-9.229252099e-09,2.901256984e-07,0.0001804228669,0.0001803946956
lj_B,D_green_kubo,slope_per_window_of_diff,,,"per-seed LS slope over windows 0-3, then mean over seeds",5,,,5.506715143e-08,,5.860828107e-08,2.776445105,-1.076555237e-07,2.177898265e-07,,,,0.9395797049,0.4006304593,,,,,,,,,,,,,,1.117652202e-08,-8.638286743e-09,4.234208882e-09,-1.995838098e-08,2.88521694e-07,,
lj_B,D_green_kubo,slope_per_window_of_reference,,,"per-seed LS slope over windows 0-3, then mean over seeds",5,,,-0.0002509392301,,0.0002082535709,2.776445105,-0.0008291438376,0.0003272653774,,,,-1.204969639,0.294628143,,,,,,,,,,,,,,-0.0001170652473,-0.001003664215,-0.000301941797,0.0002512010202,-8.322591155e-05,,
lj_B,D_green_kubo,slope_per_window_of_fast,,,"per-seed LS slope over windows 0-3, then mean over seeds",5,,,-0.0002508841629,,0.000208264659,2.776445105,-0.0008291195559,0.0003273512301,,,,-1.204641076,0.2947417822,,,,,,,,,,,,,,-0.0001170540708,-0.001003672853,-0.0003019375628,0.0002511810618,-8.293738985e-05,,
lj_B,D_msd,0,0,14.98,"all-origin FFT, max lag 3.0",5,0.009833404047,0.009833404107,5.963805491e-11,2.463388625e-11,1.101660884e-11,2.776445105,2.905104522e-11,9.02250646e-11,6.064843327e-09,2.954322337e-09,9.175364316e-09,5.41346759,0.005641438982,5,0,0.0625,0.01005676062,0.01034730046,0.01029805617,0.00867589378,0.009789009213,0.01005676069,0.01034730051,0.01029805626,0.008675893825,0.009789009247,7.668491363e-11,4.8732407e-11,9.370307655e-11,4.448915888e-11,3.45807185e-11,0.0003059150365,0.0003059150418
lj_B,D_msd,1,15,29.98,"all-origin FFT, max lag 3.0",5,0.008984929595,0.00898492967,7.475175479e-11,2.033875899e-10,9.095769537e-11,2.776445105,-1.777872933e-10,3.272908029e-10,8.319681751e-09,-1.978727729e-08,3.642664079e-08,0.8218299121,0.4573363236,3,0,1,0.009952404424,0.00926529101,0.00882685328,0.008092340342,0.00878775892,0.009952404262,0.009265291047,0.008826853219,0.00809234057,0.008787759252,-1.619517211e-10,3.692389623e-11,-6.115139471e-11,2.28448779e-10,3.314892146e-10,0.0003062017341,0.0003062016678
lj_B,D_msd,2,30,44.98,"all-origin FFT, max lag 3.0",5,0.008827178665,0.008827186153,7.487407488e-09,2.286385494e-08,1.022502678e-08,2.776445105,-2.090181805e-08,3.587663303e-08,8.482220393e-07,-2.367893394e-06,4.064337473e-06,0.7322628735,0.504603004,3,0,1,0.008582193992,0.008052314647,0.009615028098,0.009159904467,0.008726452123,0.008582179329,0.0080523147,0.009615027633,0.009159911008,0.008726498094,-1.466304721e-08,5.299579699e-11,-4.650562539e-10,6.541318253e-09,4.597082686e-08,0.0002647631735,0.0002647633117
lj_B,D_msd,3,45,60,"all-origin FFT, max lag 3.0",5,0.009112353513,0.009112581304,2.277906275e-07,5.14514196e-07,2.300977435e-07,2.776445105,-4.110631262e-07,8.666443812e-07,2.499800158e-05,-4.511053326e-05,9.510653641e-05,0.9899733218,0.3782272799,3,0,1,0.008917060488,0.009136106522,0.008437164944,0.01059372126,0.008477714357,0.008916905113,0.009136095587,0.008437196809,0.01059386689,0.008478842123,-1.553752919e-07,-1.093415343e-08,3.186423299e-08,1.456318494e-07,1.1277665e-06,0.0003931793754,0.0003931169446
lj_B,D_msd,full,0,60,"all-origin FFT, max lag 3.0",5,0.009276396416,0.009276449597,5.318111436e-08,1.212832898e-07,5.423953611e-08,2.776445105,-9.741198018e-08,2.037742089e-07,5.732949734e-06,-1.050105837e-05,2.196695783e-05,0.9804861578,0.3823606972,2,0,1,0.009404263007,0.009292398289,0.009230348581,0.009439233361,0.00901573884,0.009404232459,0.009292395213,0.009230348171,0.009439267023,0.009016005118,-3.05480871e-08,-3.076703139e-09,-4.096778524e-10,3.366252482e-08,2.662775151e-07,7.522784412e-05,7.518274571e-05
lj_B,D_msd,slope_per_window_of_diff,,,"per-seed LS slope over windows 0-3, then mean over seeds",5,,,6.906056241e-08,,7.003520684e-08,2.776445105,-1.253883448e-07,2.635094696e-07,,,,0.9860835074,0.3799173146,,,,,,,,,,,,,,-4.808570258e-08,-3.29325856e-09,9.490768488e-09,4.430749502e-08,3.428835097e-07,,
lj_B,D_msd,slope_per_window_of_reference,,,"per-seed LS slope over windows 0-3, then mean over seeds",5,,,-0.000232090253,,0.0002290951012,2.776445105,-0.0008681602255,0.0004039797194,,,,-1.013073836,0.3683246674,,,,,,,,,,,,,,-0.0004789310817,-0.000484655818,-0.0004794498845,0.0006821046555,-0.0003995191365,,
lj_B,D_msd,slope_per_window_of_fast,,,"per-seed LS slope over windows 0-3, then mean over seeds",5,,,-0.0002320211925,,0.0002290936826,2.776445105,-0.0008680872261,0.0004040448411,,,,-1.012778658,0.3684497607,,,,,,,,,,,,,,-0.0004789791674,-0.0004846591113,-0.0004794403937,0.000682148963,-0.000399176253,,
lj_B,T_mean,0,0,14.98,frame mean,5,0.6988785085,0.6988785085,2.544853217e-12,4.233538963e-11,1.893296181e-11,2.776445105,-5.002147593e-11,5.511118237e-11,3.641338496e-12,-7.157392212e-11,7.885659911e-11,0.134413899,0.8995672331,2,0,1,0.6968760317,0.7041542647,0.6992420953,0.6957313228,0.6983888279,0.6968760318,0.7041542647,0.6992420953,0.6957313228,0.6983888278,5.326150632e-11,-4.409228538e-11,3.863565023e-11,-5.038969242e-12,-3.004163585e-11,0.00145121117,0.00145121116
lj_B,T_mean,1,15,29.98,frame mean,5,0.6997236253,0.6997236252,-1.171331032e-10,1.024740252e-09,4.582777726e-10,2.776445105,-1.389516182e-09,1.155249975e-09,-1.673990973e-10,-1.985807155e-09,1.651008961e-09,-0.2555941183,0.810869431,2,0,1,0.6996492731,0.6930673224,0.7060214122,0.7002845305,0.6995955882,0.6996492727,0.6930673225,0.7060214137,0.7002845299,0.699595587,-3.911603264e-10,1.208013689e-10,1.509528835e-09,-6.316309697e-10,-1.193204424e-09,0.002053107696,0.002053107903
lj_B,T_mean,2,30,44.98,frame mean,5,0.7016428479,0.7016428767,2.883622883e-08,8.355488166e-08,3.736687905e-08,2.776445105,-7.49108596e-08,1.325833173e-07,4.109815829e-08,-1.067649443e-07,1.889612609e-07,0.7717055735,0.4833481758,3,0,1,0.698486491,0.6990795927,0.7057717355,0.7025043246,0.7023720957,0.6984864835,0.6990795958,0.7057717028,0.7025043301,0.7023722715,-7.478410891e-09,3.051192299e-09,-3.273748217e-08,5.516664348e-09,1.758291805e-07,0.001320123544,0.001320124059
lj_B,T_mean,3,45,60,frame mean,5,0.6983244988,0.6983242133,-2.854816272e-07,5.270321706e-07,2.356959519e-07,2.776445105,-9.398784993e-07,3.689152449e-07,-4.088094112e-07,-1.345905093e-06,5.282862703e-07,-1.211228385,0.2924713111,1,0,0.375,0.6951576863,0.6970113555,0.7020656987,0.6976493076,0.699738446,0.6951579072,0.6970113425,0.7020651862,0.6976492831,0.6997373476,2.208456205e-07,-1.294985452e-08,-5.124706453e-07,-2.447784098e-08,-1.098355416e-06,0.001187534275,0.001187360139
lj_B,T_mean,full,0,60,frame mean,5,0.699641931,0.6996418667,-6.426373604e-08,1.164001007e-07,5.205570754e-08,2.776445105,-2.087935505e-07,8.026607837e-08,-9.185232217e-08,-2.984291553e-07,1.147245109e-07,-1.234518539,0.2845756305,1,0,0.375,0.6975415759,0.6983276951,0.7032748324,0.6990419072,0.7000236444,0.6975416292,0.6983276926,0.7032746963,0.6990419023,0.7000234131,5.331317177e-08,-2.45898546e-09,-1.360404677e-07,-4.905985618e-09,-2.312264132e-07,0.0009960525525,0.0009960180026
lj_B,T_mean,slope_per_window_of_diff,,,"per-seed LS slope over windows 0-3, then mean over seeds",5,,,-8.274991541e-08,,6.78363773e-08,2.776445105,-2.710938931e-07,1.055940623e-07,,,,-1.219845733,0.2895260485,,,,,,,,,,,,,,6.552898263e-08,-3.578689578e-09,-1.571774854e-07,-6.72701107e-09,-3.117953737e-07,,
lj_B,T_mean,slope_per_window_of_reference,,,"per-seed LS slope over windows 0-3, then mean over seeds",5,,,2.571936841e-05,,0.0004769719636,2.776445105,-0.001298567105,0.001350005842,,,,0.05392218071,0.9595828433,,,,,,,,,,,,,,-0.0006317818271,-0.00154164573,0.0008221133656,0.0007973748472,0.0006825361859,,
lj_B,T_mean,slope_per_window_of_fast,,,"per-seed LS slope over windows 0-3, then mean over seeds",5,,,2.56366185e-05,,0.0004769329043,2.776445105,-0.001298541409,0.001349814646,,,,0.05375309246,0.9597094301,,,,,,,,,,,,,,-0.0006317162981,-0.001541649308,0.0008219561881,0.0007973681202,0.0006822243905,,
lj_B,U_per_particle,0,0,14.98,frame mean,5,-3.144096035,-3.144096036,-8.841784194e-10,5.49275593e-09,2.456435129e-09,2.776445105,-7.704335709e-09,5.93597887e-09,-2.812186427e-10,-2.450413608e-09,1.887976323e-09,-0.3599437286,0.7370892855,2,0,1,-3.18889219,-3.042889187,-3.162801642,-3.238159266,-3.087737891,-3.188892197,-3.042889189,-3.162801646,-3.238159265,-3.087737883,-7.161119253e-09,-1.55626001e-09,-3.915306745e-09,8.01328337e-10,7.410465575e-09,0.03508814126,0.03508814208
lj_B,U_per_particle,1,15,29.98,frame mean,5,-3.176463728,-3.176463694,3.433772306e-08,7.308947095e-08,3.26866051e-08,2.776445105,-5.641484166e-08,1.250902878e-07,1.081004727e-08,-1.776026629e-08,3.938036084e-08,1.050513596,0.3527580735,3,0,1,-3.230174417,-3.128776341,-3.324451546,-3.117172423,-3.081743913,-3.230174344,-3.128776328,-3.324451595,-3.117172427,-3.081743774,7.291371151e-08,1.30095188e-08,-4.921776231e-08,-4.081497806e-09,1.390646451e-07,0.04446719094,0.04446720996
lj_B,U_per_particle,2,30,44.98,frame mean,5,-3.140783753,-3.140784227,-4.73997607e-07,1.014379071e-06,4.536441114e-07,2.776445105,-1.73351558e-06,7.855203655e-07,-1.509169826e-07,-5.519372602e-07,2.50103295e-07,-1.044866659,0.3550680016,2,0,1,-3.068064703,-3.187946061,-3.132860488,-3.08778686,-3.227260654,-3.068064362,-3.187945827,-3.132861196,-3.087786963,-3.227262788,3.411672744e-07,2.336560971e-07,-7.075549293e-07,-1.025215215e-07,-2.134734956e-06,0.02988481769,0.02988513115
lj_B,U_per_particle,3,45,60,frame mean,5,-3.119445836,-3.1194545,-8.663606209e-06,2.227225201e-05,9.960453901e-06,2.776445105,-3.631825969e-05,1.899104727e-05,-2.777290155e-06,-1.164253576e-05,6.087955447e-06,-0.8698003419,0.4334916988,1,0,0.375,-3.060304144,-3.104196764,-3.067693168,-3.117370271,-3.247664832,-3.060305574,-3.104197635,-3.06769493,-3.117361765,-3.247712595,-1.429739926e-06,-8.708576327e-07,-1.761741717e-06,8.506583643e-06,-4.776227541e-05,0.03380312968,0.03381193492
lj_B,U_per_particle,full,0,60,frame mean,5,-3.145188757,-3.145191035,-2.278166048e-06,5.786742229e-06,2.587909798e-06,2.776445105,-9.463355541e-06,4.907023444e-06,-7.243336487e-07,-3.008835486e-06,1.560168188e-06,-0.8803112264,0.4284039126,1,0,0.375,-3.136833354,-3.115948171,-3.17191697,-3.140114624,-3.161130667,-3.13683361,-3.115948328,-3.171917601,-3.140112521,-3.161143116,-2.560962304e-07,-1.566751302e-07,-6.309843488e-07,2.102330239e-06,-1.244940477e-05,0.009795696264,0.009796815803
lj_B,U_per_particle,slope_per_window_of_diff,,,"per-seed LS slope over windows 0-3, then mean over seeds",5,,,-2.649650142e-06,,3.032082413e-06,2.776445105,-1.106806052e-05,5.768760232e-06,,,,-0.8738714128,0.4315152742,,,,,,,,,,,,,,-3.999482859e-07,-2.38725754e-07,-5.931816396e-07,2.541890692e-06,-1.455828572e-05,,
lj_B,U_per_particle,slope_per_window_of_reference,,,"per-seed LS slope over windows 0-3, then mean over seeds",5,,,0.0109630572,,0.02314175682,2.776445105,-0.05328876024,0.07521487464,,,,0.4737348717,0.6603878576,,,,,,,,,,,,,,0.05478738498,-0.02430924512,0.04769164796,0.0391752548,-0.06252975662,,
lj_B,U_per_particle,slope_per_window_of_fast,,,"per-seed LS slope over windows 0-3, then mean over seeds",5,,,0.01096040755,,0.02314415677,2.776445105,-0.05329807323,0.07521888833,,,,0.4735712628,0.6604949156,,,,,,,,,,,,,,0.05478698503,-0.02430948385,0.04769105478,0.03917779669,-0.06254431491,,
double_well_A,D_green_kubo,0,0,14.98,"all-origin FFT, max lag 3.0",5,0.01886510725,0.02165506138,0.002789954135,0.002242833311,0.001003025549,2.776445105,5.108757864e-06,0.005574799511,0.1478896514,0.0002708046022,0.2955084982,2.781538453,0.04974020108,5,0,0.0625,0.02116804214,0.01624439447,0.01911790219,0.01640865711,0.02138654032,0.02533230442,0.01658059564,0.01946610968,0.02111741121,0.02577888596,0.004164262277,0.000336201169,0.0003482074835,0.004708754103,0.004392345641,0.001109669363,0.001751553958
double_well_A,D_green_kubo,1,15,29.98,"all-origin FFT, max lag 3.0",5,0.01699150109,0.01961227809,0.002620777,0.004241067492,0.001896663042,2.776445105,-0.002645203819,0.007886757819,0.1542404633,-0.1556780537,0.4641589802,1.381783133,0.2391964765,4,0,0.375,0.01394791444,0.01355357635,0.01711157319,0.02159914411,0.01874529738,0.02093883428,0.01970933564,0.01977001627,0.018150076,0.01949312827,0.006990919846,0.006155759294,0.002658443083,-0.003449068116,0.0007478308937,0.001506707324,0.0004442006572
double_well_A,D_green_kubo,2,30,44.98,"all-origin FFT, max lag 3.0",5,0.01844455747,0.02111995086,0.002675393391,0.002379194656,0.001064008197,2.776445105,-0.0002787669586,0.005629553741,0.14505056,-0.01511377863,0.3052148987,2.514448102,0.06574467971,4,0,0.375,0.01869130643,0.01732723474,0.0179846837,0.02169182291,0.01652773957,0.01985742924,0.01653903464,0.0222379083,0.02630474933,0.02066063279,0.001166122816,-0.0007882001006,0.004253224597,0.004612926417,0.004132893225,0.0008871218273,0.001595645501
double_well_A,D_green_kubo,3,45,60,"all-origin FFT, max lag 3.0",5,0.02257426354,0.01896061296,-0.003613650579,0.003170276001,0.001417790529,2.776445105,-0.007550068154,0.0003227669968,-0.1600783375,-0.3344546829,0.01429800783,-2.54879018,0.06338670436,0,0,0.0625,0.02349274504,0.02454819237,0.02035653634,0.02270892298,0.02176492098,0.0150276563,0.01965804482,0.01751345372,0.02198870755,0.02061520242,-0.008465088737,-0.00489014755,-0.002843082624,-0.0007202154234,-0.001149718557,0.0007187310255,0.001223843378
double_well_A,D_green_kubo,full,0,60,"all-origin FFT, max lag 3.0",5,0.01937689879,0.02037500459,0.0009981057997,0.000810354902,0.0003624017294,2.776445105,-8.082707877e-06,0.002004294307,0.05151008995,-0.0004171311397,0.103437311,2.754141934,0.05115630051,5,0,0.0625,0.01990701263,0.01811628401,0.01906757705,0.02057299951,0.01922062075,0.02032696893,0.01858413744,0.01951517913,0.02199298135,0.0214557561,0.0004199563019,0.0004678534283,0.0004476020758,0.001419981845,0.002235135347,0.0004135776821,0.0006218796113
double_well_A,D_green_kubo,slope_per_window_of_diff,,,"per-seed LS slope over windows 0-3, then mean over seeds",5,,,-0.001915619775,,0.0006687513293,2.776445105,-0.00377237113,-5.886842016e-05,,,,-2.864472474,0.04572269104,,,,,,,,,,,,,,-0.004371285007,-0.002262300555,-0.0007979088809,-0.0008224914046,-0.001324113026,,
double_well_A,D_green_kubo,slope_per_window_of_reference,,,"per-seed LS slope over windows 0-3, then mean over seeds",5,,,0.001258052526,,0.0005252460215,2.776445105,-0.0002002642189,0.002716369272,,,,2.395168121,0.07474716213,,,,,,,,,,,,,,0.001171750069,0.002868505208,0.0004589012968,0.001899347641,-0.0001082415832,,
double_well_A,D_green_kubo,slope_per_window_of_fast,,,"per-seed LS slope over windows 0-3, then mean over seeds",5,,,-0.0006575672484,,0.000767095812,2.776445105,-0.002787366661,0.001472232164,,,,-0.8572165799,0.4396474846,,,,,,,,,,,,,,-0.003199534938,0.0006062046533,-0.0003390075841,0.001076856237,-0.001432354609,,
double_well_A,D_msd,0,0,14.98,"all-origin FFT, max lag 3.0",5,0.02052455781,0.02299998415,0.002475426342,0.00299845242,0.001340948688,2.776445105,-0.001247644078,0.006198496762,0.1206080231,-0.06078786641,0.3020039125,1.846026149,0.1386264577,4,0,0.375,0.02352415882,0.01789794896,0.02233750211,0.01475450363,0.02410867554,0.02615086455,0.01693848826,0.02350878531,0.02196481082,0.02643697182,0.002626705728,-0.0009594606922,0.001171283199,0.007210307194,0.002328296281,0.001807247527,0.001729351415
double_well_A,D_msd,1,15,29.98,"all-origin FFT, max lag 3.0",5,0.01787617919,0.02126056575,0.003384386559,0.004769623372,0.002133040418,2.776445105,-0.002537883067,0.009306656186,0.1893238215,-0.1419701067,0.5206177498,1.586649053,0.1877800508,4,0,0.375,0.01563801404,0.0142440893,0.01915736911,0.02185536921,0.01848605431,0.02628321783,0.01916218975,0.02134870257,0.01976407297,0.01974464563,0.0106452038,0.004918100455,0.002191333465,-0.002091296241,0.001258591323,0.001342549975,0.001307200985
double_well_A,D_msd,2,30,44.98,"all-origin FFT, max lag 3.0",5,0.01930293696,0.02173385747,0.002430920519,0.002520263243,0.001127095986,2.776445105,-0.0006983996158,0.005560240653,0.125935267,-0.03618100278,0.2880515367,2.156799907,0.09723722829,3,0,1,0.02006979939,0.0193055927,0.01994630105,0.02109926749,0.01609372415,0.02000584183,0.01912850707,0.02259594324,0.02552202851,0.02141696672,-6.395755543e-05,-0.000177085629,0.00264964219,0.004422761023,0.005323242564,0.0008522867065,0.001117312404
double_well_A,D_msd,3,45,60,"all-origin FFT, max lag 3.0",5,0.02300766745,0.02038323304,-0.002624434412,0.003767447329,0.001684853666,2.776445105,-0.007302338126,0.002053469302,-0.1140678175,-0.3173871555,0.08925152048,-1.557663116,0.1943094999,1,0,0.375,0.02394216605,0.0257482204,0.02077093132,0.02313392986,0.02144308962,0.01504851366,0.02282119869,0.02068877578,0.02370710712,0.01965056993,-0.008893652389,-0.002927021705,-8.215553456e-05,0.0005731772601,-0.001792519689,0.000890245825,0.001517913007
double_well_A,D_msd,full,0,60,"all-origin FFT, max lag 3.0",5,0.01999371911,0.02132557521,0.001331856098,0.0005229167664,0.0002338554873,2.776445105,0.0006825691749,0.001981143021,0.06661372456,0.03413917996,0.09908826915,5.69520995,0.004696059419,5,0,0.0625,0.02078604676,0.01862865301,0.02032651763,0.02048262551,0.01974475265,0.02228866649,0.01952492203,0.02099584003,0.02233258867,0.02148585883,0.001502619724,0.000896269017,0.0006693224042,0.001849963165,0.001741106179,0.0003809827536,0.0005156737786
double_well_A,D_msd,slope_per_window_of_diff,,,"per-seed LS slope over windows 0-3, then mean over seeds",5,,,-0.00162530483,,0.0007445752723,2.776445105,-0.0036925772,0.0004419675403,,,,-2.18286168,0.09444199444,,,,,,,,,,,,,,-0.00452702357,-0.001099786912,-0.0003302007476,-0.001339733254,-0.0008297796667,,
double_well_A,D_msd,slope_per_window_of_reference,,,"per-seed LS slope over windows 0-3, then mean over seeds",5,,,0.0008876086677,,0.0007664158332,2.776445105,-0.001240302821,0.003015520156,,,,1.158129346,0.311249593,,,,,,,,,,,,,,0.0005685807021,0.002861231772,-0.0003910780447,0.002438217698,-0.001038908789,,
double_well_A,D_msd,slope_per_window_of_fast,,,"per-seed LS slope over windows 0-3, then mean over seeds",5,,,-0.0007376961624,,0.001031258637,2.776445105,-0.003600929156,0.002125536831,,,,-0.7153357423,0.513935859,,,,,,,,,,,,,,-0.003958442868,0.00176144486,-0.0007212787923,0.001098484445,-0.001868688456,,
double_well_A,T_mean,0,0,14.98,frame mean,5,0.7000771369,0.7030199289,0.002942791916,0.003960317573,0.001771107861,2.776445105,-0.001974591836,0.007860175668,0.004203525241,-0.00282053467,0.01122758515,1.661554319,0.1719378784,3,0,1,0.7111259145,0.6972810291,0.6963890979,0.6897477457,0.7058418975,0.7093666033,0.7032912445,0.6960209213,0.6971665305,0.7092543446,-0.001759311168,0.006010215368,-0.0003681765905,0.007418784834,0.003412447136,0.003764466254,0.002850177249
double_well_A,T_mean,1,15,29.98,frame mean,5,0.6953682029,0.7002333495,0.004865146632,0.005812658096,0.002599499727,2.776445105,-0.002352221661,0.01208251492,0.006996504314,-0.003382699483,0.01737570811,1.871570357,0.13458644,4,0,0.375,0.6953615893,0.6831485661,0.709137083,0.6971938313,0.6919999448,0.7080101475,0.690967481,0.7066083886,0.6987163967,0.6968643339,0.01264855813,0.007818914918,-0.002528694394,0.001522565398,0.00486438911,0.004204638566,0.003167234135
double_well_A,T_mean,2,30,44.98,frame mean,5,0.6991889589,0.7033881543,0.004199195418,0.00715910832,0.003201650573,2.776445105,-0.004690011643,0.01308840248,0.006005809109,-0.006707788478,0.0187194067,1.311572054,0.2598791131,4,0,0.375,0.7015662793,0.7025590505,0.6995152404,0.7040031644,0.6883010598,0.7019210833,0.7139887968,0.7086401038,0.6977557516,0.694635036,0.0003548040102,0.01142974629,0.009124863318,-0.006247412788,0.006333976255,0.002818142569,0.00353871396
double_well_A,T_mean,3,45,60,frame mean,5,0.7025423696,0.6963229007,-0.006219468875,0.0095119697,0.00425388217,2.776445105,-0.0180301392,0.005591201454,-0.008852802541,-0.02566413071,0.007958525629,-1.462068912,0.2175368237,1,0,0.375,0.7107847132,0.6995973259,0.7044393238,0.699386471,0.6985040142,0.6912884065,0.6967125992,0.6935994541,0.7053028402,0.6947112037,-0.01949630669,-0.002884726703,-0.01083986977,0.005916369265,-0.003792810482,0.00230733566,0.002409896669
double_well_A,T_mean,full,0,60,frame mean,5,0.6992952495,0.7007396111,0.001444361663,0.003097732775,0.001385348212,2.776445105,-0.0024019816,0.005290704925,0.002065453274,-0.003434860456,0.007565767005,1.04259828,0.3559996785,3,0,1,0.7047116484,0.6956478094,0.7023708758,0.6975834041,0.6961625096,0.7026427754,0.7012385217,0.7012146785,0.699737235,0.698864845,-0.002068873074,0.005590712323,-0.001156197249,0.002153830857,0.002702335456,0.001800626946,0.0006563589282
double_well_A,T_mean,slope_per_window_of_diff,,,"per-seed LS slope over windows 0-3, then mean over seeds",5,,,-0.002815273358,,0.0009506616224,2.776445105,-0.005454733167,-0.0001758135503,,,,-2.961383201,0.04149742064,,,,,,,,,,,,,,-0.006550474067,-0.002307399484,-0.001976152182,-0.001227722489,-0.002014618571,,
double_well_A,T_mean,slope_per_window_of_reference,,,"per-seed LS slope over windows 0-3, then mean over seeds",5,,,0.0011216454,,0.001058572054,2.776445105,-0.001817421797,0.004060712598,,,,1.059583423,0.3490759829,,,,,,,,,,,,,,0.0005181086164,0.002635937485,0.001452883515,0.003572550887,-0.002571253502,,
double_well_A,T_mean,slope_per_window_of_fast,,,"per-seed LS slope over windows 0-3, then mean over seeds",5,,,-0.001693627958,,0.001564572543,2.776445105,-0.006037577736,0.00265032182,,,,-1.082486054,0.3399308079,,,,,,,,,,,,,,-0.006032365451,0.0003285380011,-0.0005232686665,0.002344828398,-0.004585872073,,
double_well_A,U_per_particle,0,0,14.98,frame mean,5,-5.725797516,-5.699320661,0.02647685504,0.05109959777,0.02285243485,2.776445105,-0.03697167583,0.08992538591,0.004624134012,-0.006457035152,0.01570530317,1.158601051,0.3110779363,4,0,0.375,-5.599145506,-5.890901895,-5.72868193,-5.754524234,-5.655734015,-5.533611744,-5.950456492,-5.672660227,-5.703631772,-5.63624307,0.06553376208,-0.05955459693,0.0560217031,0.05089246204,0.0194909449,0.0495189994,0.06900608589
double_well_A,U_per_particle,1,15,29.98,frame mean,5,-5.827854332,-5.734791069,0.09306326344,0.1320499508,0.05905453328,2.776445105,-0.07089840641,0.2570249333,0.01596870102,-0.01216543901,0.04410284105,1.575886867,0.1901775743,3,0,1,-5.867189002,-5.970487849,-5.772453999,-5.60057636,-5.928564451,-5.662676273,-5.838739979,-5.784872653,-5.677670045,-5.709996393,0.2045127285,0.1317478705,-0.01241865454,-0.0770936857,0.2185680584,0.06586294042,0.03346017931
double_well_A,U_per_particle,2,30,44.98,frame mean,5,-5.781229968,-5.779219626,0.002010342455,0.1407889965,0.06296275334,2.776445105,-0.1728022859,0.1768229708,0.000347736116,-0.02989022869,0.03058570092,0.0319290747,0.9760582786,2,0,1,-5.773377693,-5.866513075,-5.650704133,-5.645988127,-5.969566813,-5.806242228,-5.885164201,-5.835894659,-5.603659072,-5.76513797,-0.0328645348,-0.01865112542,-0.1851905253,0.04232905461,0.2044288432,0.06250319312,0.04805535054
double_well_A,U_per_particle,3,45,60,frame mean,5,-5.69073948,-5.850012011,-0.159272531,0.154095614,0.06891365361,2.776445105,-0.3506075072,0.03206244527,-0.0279880201,-0.06161018413,0.005634143925,-2.311189766,0.0819251508,1,0,0.375,-5.627005917,-5.644733407,-5.695702513,-5.719901552,-5.766354011,-5.915933041,-5.986940905,-5.719896931,-5.717257361,-5.910031817,-0.2889271241,-0.3422074984,-0.02419441755,0.00264419177,-0.1436778066,0.02526968662,0.05534040688
double_well_A,U_per_particle,full,0,60,frame mean,5,-5.756383443,-5.765863891,-0.009480448204,0.05534027447,0.02474892312,2.776445105,-0.07819447466,0.05923357825,-0.001646945221,-0.01358395865,0.01029006821,-0.3830650795,0.7211585731,2,0,1,-5.716649648,-5.843092937,-5.711880251,-5.680260782,-5.830033596,-5.729677907,-5.915349258,-5.753319976,-5.675568459,-5.755403855,-0.01302825837,-0.07225632127,-0.04143972513,0.004692322969,0.07462974078,0.03338925681,0.04004705211
double_well_A,U_per_particle,slope_per_window_of_diff,,,"per-seed LS slope over windows 0-3, then mean over seeds",5,,,-0.0648301079,,0.02249932535,2.776445105,-0.1272982496,-0.002361966175,,,,-2.881424527,0.04494865439,,,,,,,,,,,,,,-0.1300759922,-0.09983577003,-0.04134202327,-0.002532207049,-0.05036454697,,
double_well_A,U_per_particle,slope_per_window_of_reference,,,"per-seed LS slope over windows 0-3, then mean over seeds",5,,,0.01517984718,,0.01982183698,2.776445105,-0.03985439507,0.07021408943,,,,0.7658143491,0.4864789405,,,,,,,,,,,,,,0.001023007647,0.08424802401,0.02206881158,0.005845627706,-0.03728623503,,
double_well_A,U_per_particle,slope_per_window_of_fast,,,"per-seed LS slope over windows 0-3, then mean over seeds",5,,,-0.04965026072,,0.02513663037,2.776445105,-0.1194407351,0.02014021364,,,,-1.975215452,0.1194539517,,,,,,,,,,,,,,-0.1290529845,-0.01558774602,-0.01927321169,0.003313420656,-0.08765078201,,
double_well_B,D_green_kubo,0,0,14.98,"all-origin FFT, max lag 3.0",5,0.005332279492,0.005332272909,-6.582647145e-09,9.49713602e-09,4.247248347e-09,2.776445105,-1.837489903e-08,5.209604737e-09,-1.234490269e-06,-3.445974476e-06,9.769939376e-07,-1.549861606,0.1961064618,2,0,1,0.005844568897,0.004774134655,0.00477434014,0.0050517919,0.006216561868,0.005844561127,0.004774140333,0.004774340441,0.005051776812,0.006216545833,-7.769778558e-09,5.677325396e-09,3.01471386e-10,-1.508737886e-08,-1.603487509e-08,0.0002954565133,0.0002954535916
double_well_B,D_green_kubo,1,15,29.98,"all-origin FFT, max lag 3.0",5,0.005616738111,0.005609729071,-7.009040461e-06,3.817512889e-05,1.707243665e-05,2.776445105,-5.440972363e-05,4.039164271e-05,-0.001247884506,-0.00968706793,0.007191298919,-0.4105471647,0.7024439999,1,0,0.375,0.005473301883,0.004613852555,0.004690396831,0.006726048995,0.006580090293,0.005417981162,0.004610584489,0.004689076449,0.006775176215,0.006555827038,-5.532072012e-05,-3.268065917e-06,-1.320381765e-06,4.912722069e-05,-2.42632552e-05,0.0004496153701,0.0004547541542
double_well_B,D_green_kubo,2,30,44.98,"all-origin FFT, max lag 3.0",5,0.005864658069,0.00557000944,-0.0002946486284,0.0005646836986,0.0002525342272,2.776445105,-0.0009957960473,0.0004064987905,-0.05024139941,-0.1697960965,0.06931329768,-1.166767102,0.3081201448,1,0,0.375,0.00590145027,0.006148684034,0.005347258495,0.00613082037,0.005795077175,0.005013655055,0.006119462793,0.005102993965,0.005337579451,0.006276355938,-0.0008877952155,-2.922124169e-05,-0.0002442645299,-0.0007932409184,0.0004812787634,0.0001458441986,0.0002629145981
double_well_B,D_green_kubo,3,45,60,"all-origin FFT, max lag 3.0",5,0.006190024985,0.006243798703,5.377371864e-05,0.0008112933013,0.0003628213943,2.776445105,-0.0009535799655,0.001061127403,0.008687156962,-0.1540510689,0.1714253828,0.1482098892,0.8893483552,3,0,1,0.005665037123,0.006083313395,0.005162171994,0.006210353236,0.007829249176,0.006029853881,0.006888681472,0.00409838507,0.005691298913,0.00851077418,0.0003648167585,0.0008053680775,-0.001063786924,-0.0005190543226,0.0006815250035,0.0004489404514,0.0007248751499
double_well_B,D_green_kubo,full,0,60,"all-origin FFT, max lag 3.0",5,0.005709077064,0.005648386528,-6.069053619e-05,0.0002655280985,0.0001187477756,2.776445105,-0.0003903872166,0.0002690061443,-0.01063053371,-0.06838009231,0.04711902489,-0.5110877729,0.6362070357,2,0,1,0.005678901286,0.005519577011,0.004999051663,0.005932275907,0.006415579455,0.005501907205,0.005728559171,0.004732887048,0.005621781216,0.006656798001,-0.0001769940802,0.0002089821605,-0.0002661646156,-0.0003104946911,0.0002412185455,0.0002334438123,0.0003068896124
double_well_B,D_green_kubo,slope_per_window_of_diff,,,"per-seed LS slope over windows 0-3, then mean over seeds",5,,,-1.262986841e-05,,0.0001219773717,2.776445105,-0.000351293345,0.0003260336082,,,,-0.1035427164,0.9225159277,,,,,,,,,,,,,,2.619990894e-05,0.0002390134025,-0.0003434305824,-0.0002399485845,0.0002550165134,,
double_well_B,D_green_kubo,slope_per_window_of_reference,,,"per-seed LS slope over windows 0-3, then mean over seeds",5,,,0.0002821156436,,9.51130104e-05,2.776445105,1.80395914e-05,0.0005461916957,,,,2.966109919,0.04130327746,,,,,,,,,,,,,,-1.10446936e-05,0.0005462367698,0.0001820357226,0.0002880455384,0.0004053048805,,
double_well_B,D_green_kubo,slope_per_window_of_fast,,,"per-seed LS slope over windows 0-3, then mean over seeds",5,,,0.0002694857752,,0.0001894888598,2.776445105,-0.0002566196421,0.0007955911924,,,,1.422172129,0.2280437261,,,,,,,,,,,,,,1.515521534e-05,0.0007852501723,-0.0001613948597,4.809695392e-05,0.0006603213939,,
double_well_B,D_msd,0,0,14.98,"all-origin FFT, max lag 3.0",5,0.004752523524,0.004752523545,2.105112421e-11,2.794675707e-09,1.249816971e-09,2.776445105,-3.448997087e-09,3.491099336e-09,4.429462391e-09,-7.257190985e-07,7.345780233e-07,0.01684336563,0.9873682224,3,0,1,0.005485997052,0.003724394061,0.00464765243,0.004066932217,0.00583764186,0.005485997652,0.003724397682,0.004647652794,0.004066931926,0.00583763767,6.001380781e-10,3.621393757e-09,3.640845247e-10,-2.909455454e-10,-4.189415193e-09,0.0004033329145,0.0004033319639
double_well_B,D_msd,1,15,29.98,"all-origin FFT, max lag 3.0",5,0.004888215723,0.004888681981,4.662582144e-07,9.738473149e-06,4.355177592e-06,2.776445105,-1.162565329e-05,1.255816972e-05,9.538413214e-05,-0.002378302013,0.002569070277,0.1070583701,0.9198973738,3,0,1,0.005140896975,0.004114275369,0.004326103638,0.005390167713,0.005469634921,0.005126983462,0.004114932772,0.004324918287,0.005403263268,0.005473312118,-1.391351345e-05,6.574038539e-07,-1.185350446e-06,1.309555482e-05,3.677196291e-06,0.0002800719165,0.0002810597119
double_well_B,D_msd,2,30,44.98,"all-origin FFT, max lag 3.0",5,0.005113873511,0.004996660293,-0.0001172132178,0.0004638200178,0.0002074266178,2.776445105,-0.0006931218356,0.0004586953999,-0.02292063297,-0.13553754,0.08969627405,-0.5650828185,0.6022048391,1,0,0.375,0.005815689193,0.005173064762,0.00446666826,0.004497694015,0.005616251325,0.005232278075,0.00515480851,0.004109824875,0.004241302416,0.006245087592,-0.0005834111188,-1.825625258e-05,-0.0003568433849,-0.0002563915992,0.0006288362664,0.0002781172533,0.0003870490859
double_well_B,D_msd,3,45,60,"all-origin FFT, max lag 3.0",5,0.005465783571,0.005506654643,4.087107141e-05,0.0004048249529,0.0001810432227,2.776445105,-0.0004617854982,0.000543527641,0.007477623451,-0.08448660511,0.09944185201,0.2257531146,0.8324591546,3,0,1,0.004734186758,0.005714007249,0.004647799417,0.005781698708,0.006451225725,0.004980359361,0.005926403072,0.004178492889,0.005492514394,0.006955503497,0.0002461726032,0.0002123958233,-0.0004693065274,-0.0002891843144,0.0005042777724,0.000341821999,0.0004645724949
double_well_B,D_msd,full,0,60,"all-origin FFT, max lag 3.0",5,0.005138273354,0.005129215469,-9.057885069e-06,0.0002468308714,0.0001103861215,2.776445105,-0.0003155388917,0.0002974231216,-0.001762826624,-0.06140951833,0.05788386508,-0.08205637581,0.9385438949,2,0,1,0.005382057715,0.004849472294,0.004556279264,0.005162512737,0.005741044763,0.005217385694,0.004918453929,0.004380294787,0.004996742121,0.006133200815,-0.0001646720209,6.898163439e-05,-0.0001759844761,-0.0001657706154,0.0003921560526,0.0002056058008,0.00028623525
double_well_B,D_msd,slope_per_window_of_diff,,,"per-seed LS slope over windows 0-3, then mean over seeds",5,,,4.933675035e-07,,6.850119648e-05,2.776445105,-0.0001896964442,0.0001906831792,,,,0.007202319505,0.9945983187,,,,,,,,,,,,,,1.690184038e-05,6.182629492e-05,-0.0001763578709,-0.0001137039224,0.0002138004955,,
double_well_B,D_msd,slope_per_window_of_reference,,,"per-seed LS slope over windows 0-3, then mean over seeds",5,,,0.000236543793,,0.0001515866764,2.776445105,-0.0001843282927,0.0006574158786,,,,1.5604524,0.1936711407,,,,,,,,,,,,,,-0.0001580638664,0.0007027628958,1.410055819e-05,0.0004251825774,0.0001987367998,,
double_well_B,D_msd,slope_per_window_of_fast,,,"per-seed LS slope over windows 0-3, then mean over seeds",5,,,0.0002370371605,,0.0001756592837,2.776445105,-0.0002506711979,0.0007247455189,,,,1.349414363,0.248522857,,,,,,,,,,,,,,-0.000141162026,0.0007645891907,-0.0001622573127,0.0003114786549,0.0004125372954,,
double_well_B,T_mean,0,0,14.98,frame mean,5,0.698407829,0.6984078235,-5.505475364e-09,7.76867682e-09,3.474257893e-09,2.776445105,-1.515156169e-08,4.140610957e-09,-7.882894687e-09,-2.169443276e-08,5.928643387e-09,-1.584647868,0.1882234882,2,0,1,0.6971538894,0.7028041247,0.6982616402,0.695589311,0.6982301797,0.6971538806,0.7028041299,0.6982616403,0.6955892985,0.6982301683,-8.860340683e-09,5.148265814e-09,1.607343147e-10,-1.248770909e-08,-1.148832718e-08,0.001202014031,0.001202016982
double_well_B,T_mean,1,15,29.98,frame mean,5,0.6999239496,0.6999572591,3.330953963e-05,4.449456295e-05,1.989857348e-05,2.776445105,-2.19377573e-05,8.855683656e-05,4.759022698e-05,-3.13430585e-05,0.0001265235125,1.67396621,0.169450449,4,0,0.375,0.6990831811,0.6934370664,0.7051843328,0.7021905196,0.699724648,0.6991299496,0.6934259295,0.7051885438,0.7022933091,0.6997485636,4.676848801e-05,-1.113695011e-05,4.211060336e-06,0.0001027894892,2.391561074e-05,0.001944675255,0.001952046762
double_well_B,T_mean,2,30,44.98,frame mean,5,0.7006779972,0.7006386658,-3.933132537e-05,0.000492289259,0.0002201584495,2.776445105,-0.0006505891749,0.0005719265242,-5.613323885e-05,-0.0009285137789,0.0008162473012,-0.1786500834,0.8668959383,2,0,1,0.69687024,0.6981198309,0.7058034559,0.7023183623,0.7002780968,0.6973286558,0.6980750754,0.7055829487,0.701557603,0.7006490462,0.0004584158136,-4.475543201e-05,-0.0002205071663,-0.000760759253,0.0003709494109,0.00158373411,0.001463192549
double_well_B,T_mean,3,45,60,frame mean,5,0.6976312152,0.6972788705,-0.0003523446519,0.0009949675528,0.0004449630167,2.776445105,-0.001587760042,0.0008830707378,-0.0005050586101,-0.00227593033,0.00126581311,-0.7918515443,0.4727588279,2,0,1,0.6972720116,0.695323384,0.701691398,0.6951154269,0.6987538554,0.6955446798,0.696210923,0.7010923331,0.6954001865,0.6981462303,-0.001727331784,0.000887538924,-0.0005990648991,0.0002847596082,-0.000607625109,0.001215107156,0.001071732074
double_well_B,T_mean,full,0,60,frame mean,5,0.6991597382,0.6990700577,-8.968054049e-05,0.0001935775319,8.657050406e-05,2.776445105,-0.0003300387927,0.0001506777118,-0.0001282690286,-0.0004720506269,0.0002155125696,-1.035924897,0.3587531753,1,0,0.375,0.697594723,0.6974204025,0.7027348589,0.698802176,0.6992465307,0.6972887101,0.6976285419,0.702530887,0.6987089964,0.6991931531,-0.0003060128586,0.000208139389,-0.0002039719088,-9.317968108e-05,-5.337764308e-05,0.0009589429814,0.0009320414168
double_well_B,T_mean,slope_per_window_of_diff,,,"per-seed LS slope over windows 0-3, then mean over seeds",5,,,-0.0001129658304,,0.0001215588409,2.776445105,-0.0004504672792,0.0002245356184,,,,-0.9293098683,0.4053320256,,,,,,,,,,,,,,-0.0004770321444,0.0002628982845,-0.0002021913406,-9.23245456e-07,-0.0001475807062,,
double_well_B,T_mean,slope_per_window_of_reference,,,"per-seed LS slope over windows 0-3, then mean over seeds",5,,,-0.0001575793973,,0.0004645521818,2.776445105,-0.001447383029,0.001132224234,,,,-0.3392070976,0.7515143756,,,,,,,,,,,,,,-0.0001858574642,-0.001775945762,0.001090839662,-0.0001293809881,0.0002124475658,,
double_well_B,T_mean,slope_per_window_of_fast,,,"per-seed LS slope over windows 0-3, then mean over seeds",5,,,-0.0002705452277,,0.0003983493721,2.776445105,-0.001376540392,0.0008354499365,,,,-0.6791656939,0.5343000618,,,,,,,,,,,,,,-0.0006628896087,-0.001513047478,0.0008886483219,-0.0001303042335,6.486685956e-05,,
double_well_B,U_per_particle,0,0,14.98,frame mean,5,-5.655506362,-5.655506369,-7.273824743e-09,2.03075204e-07,9.081799213e-08,2.776445105,-2.594249945e-07,2.44877345e-07,-1.286149157e-09,-4.587122317e-08,4.329892485e-08,-0.08009233162,0.9400108937,3,0,1,-5.663942036,-5.861558854,-5.686597353,-5.648953237,-5.416480331,-5.663942268,-5.861558696,-5.686597346,-5.648953429,-5.416480108,-2.320231429e-07,1.575355464e-07,6.999425928e-09,-1.918498782e-07,2.229689251e-07,0.07094780701,0.07094782203
double_well_B,U_per_particle,1,15,29.98,frame mean,5,-5.727019075,-5.727390684,-0.0003716084946,0.001279756059,0.0005723243086,2.776445105,-0.00196063552,0.001217418531,-6.488689661e-05,-0.0003423483481,0.0002125745549,-0.6492970664,0.5515453052,2,0,1,-5.751785284,-5.839192401,-5.76091749,-5.739752264,-5.543447936,-5.750689741,-5.83897369,-5.76096234,-5.742057959,-5.544269687,0.001095542828,0.0002187109902,-4.484973169e-05,-0.002305695509,-0.0008217510505,0.04909471452,0.04892294853
double_well_B,U_per_particle,2,30,44.98,frame mean,5,-5.72673168,-5.739836273,-0.01310459334,0.06287533947,0.02811870663,2.776445105,-0.09117463872,0.06496545205,-0.002288319773,-0.01592088539,0.01134424584,-0.4660453807,0.6654300793,3,0,1,-5.580667745,-5.703776255,-5.909570855,-5.856400291,-5.583243253,-5.70113091,-5.698201496,-5.905984855,-5.856626531,-5.537237575,-0.1204631652,0.005574759771,0.003586000742,-0.000226239704,0.04600567771,0.06807887562,0.06539231901
double_well_B,U_per_particle,3,45,60,frame mean,5,-5.700991854,-5.695792636,0.005199217273,0.09598252826,0.04292469157,2.776445105,-0.1139788325,0.1243772671,0.0009119846872,-0.01999280747,0.02181677685,0.1211241615,0.9094334732,2,0,1,-5.682483001,-5.740317978,-5.859914739,-5.684438564,-5.537804987,-5.685465073,-5.598081953,-5.95046585,-5.760167638,-5.484782668,-0.002982072447,0.1422360248,-0.09055111131,-0.07572907388,0.0530223192,0.05198536818,0.07847987954
double_well_B,U_per_particle,full,0,60,frame mean,5,-5.702561719,-5.704628545,-0.002066825943,0.03060542368,0.01368716157,2.776445105,-0.04006847868,0.03593482679,-0.0003624381541,-0.007026399827,0.006301523519,-0.1510047159,0.8872812738,2,0,1,-5.66972377,-5.786196079,-5.804268658,-5.732370112,-5.520249978,-5.700302052,-5.749153602,-5.826044072,-5.751954127,-5.495688874,-0.03057828297,0.03704247779,-0.02177541356,-0.01958401525,0.02456110428,0.0512559507,0.05596357122
double_well_B,U_per_particle,slope_per_window_of_diff,,,"per-seed LS slope over windows 0-3, then mean over seeds",5,,,0.0002864688798,,0.01357517684,2.776445105,-0.03740426442,0.03797720218,,,,0.02110240501,0.9841746644,,,,,,,,,,,,,,-0.01305042293,0.04320636506,-0.02680225044,-0.02251071903,0.02058937175,,
double_well_B,U_per_particle,slope_per_window_of_reference,,,"per-seed LS slope over windows 0-3, then mean over seeds",5,,,-0.01361690802,,0.02036672303,2.776445105,-0.07016399649,0.04293018045,,,,-0.6685861048,0.5403643154,,,,,,,,,,,,,,0.01154946432,0.04991387723,-0.06686055238,-0.02231040095,-0.04037692832,,
double_well_B,U_per_particle,slope_per_window_of_fast,,,"per-seed LS slope over windows 0-3, then mean over seeds",5,,,-0.01333043914,,0.03078825278,2.776445105,-0.09881233287,0.07215145459,,,,-0.4329716024,0.6873593582,,,,,,,,,,,,,,-0.001500958609,0.09312024228,-0.09366280283,-0.04482111998,-0.01978755657,,
