config,s,rc,kc,eps_S,eps_F,exp_s2,pred_S_rel,pred_F_rel
A,1.0,1.0,2.0,0.20351720242104548,0.053822247751326394,0.36787944117144233,0.07344390352909781,2.8489491228446733
A,1.25,1.25,2.5,0.10189035938335535,0.03754076253935877,0.2096113871510978,0.05230884351509344,2.0291028484114038
A,1.5,1.5,3.0,0.04701710766690492,0.019877182158740694,0.10539922456186433,0.03156304599183535,1.2243563845584446
A,1.75,1.75,3.5,0.020889394014122334,0.007682556905902247,0.04677062238395898,0.016340352882982738,0.6338556609331404
A,2.0,2.0,4.0,0.006465680357799023,0.0029354352990526122,0.01831563888873418,0.007313113292411993,0.28368164951126745
A,2.25,2.25,4.5,0.0021838580361800137,0.0012860512769880968,0.006329715427485747,0.002843262367206004,0.110292474090236
A,2.5,2.5,5.0,0.0009575637777043228,0.000353367154196461,0.0019304541362277093,0.0009634955876916085,0.037374782351147724
A,2.75,2.75,5.5,0.00017827057365301237,0.00010154112473341374,0.0005195746821548384,0.00028525345138826315,0.011065214824795286
A,3.0,3.0,6.0,4.97971219761238e-05,3.754239137320978e-05,0.00012340980408667956,7.391305464386915e-05,0.0028671478785300903
A,3.25,3.25,6.5,1.0984734456827235e-05,5.329873070966329e-06,2.586810022265412e-05,1.6784102738515995e-05,0.0006510690809848545
A,3.5,3.5,7.0,1.9716781290743863e-06,1.4486263938203407e-06,4.785117392129009e-06,3.343573499278609e-06,0.0001296999523474743
A,3.75,3.75,7.5,2.7972229560447265e-07,2.027944878784216e-07,7.811489408304491e-07,5.848107528398694e-07,2.268528769951868e-05
A,4.0,4.0,8.0,6.201201673774904e-08,3.015228843909934e-08,1.1253517471925912e-07,8.986664206505301e-08,3.486000590679307e-06
A,4.25,4.25,8.5,7.196619768856785e-09,5.202908828525074e-09,1.4307241918567688e-08,1.2139340242899002e-08,4.7089494260361774e-07
A,4.5,4.5,9.0,8.930749907137623e-10,7.086896397711207e-10,1.6052280551856116e-09,1.4421136534112565e-09,5.594076881140409e-08
A,4.75,4.75,9.5,9.255601617726279e-11,5.3548096218922485e-11,1.5893910094516368e-10,1.507212874096059e-10,5.846602085760506e-09
A,5.0,5.0,10.0,8.78800887255889e-12,3.192913778317963e-12,1.3887943864964021e-11,1.3863030863969935e-11,5.377583124272281e-10
B,1.0,1.0,2.0,0.2664784636318178,0.06985748087081195,0.36787944117144233,0.07344390352909781,13.189579272429045
B,1.25,1.25,2.5,0.13516785379077126,0.05347196664984782,0.2096113871510978,0.05230884351509344,9.393994668571317
B,1.5,1.5,3.0,0.06700267094254636,0.031711789725904646,0.10539922456186433,0.03156304599183535,5.668316595177985
B,1.75,1.75,3.5,0.03466717342251944,0.015559458960199954,0.04677062238395898,0.016340352882982738,2.934516948764539
B,2.0,2.0,4.0,0.013409825413031488,0.007219138002025396,0.01831563888873418,0.007313113292411993,1.3133409699595717
B,2.25,2.25,4.5,0.004678247893005072,0.0022230088833958763,0.006329715427485747,0.002843262367206004,0.510613305973315
B,2.5,2.5,5.0,0.0012561193911068693,0.0006808883239459865,0.0019304541362277093,0.0009634955876916085,0.17303139977383206
B,2.75,2.75,5.5,0.0004105509822272784,0.00018087659483626478,0.0005195746821548384,0.00028525345138826315,0.051227846411089295
B,3.0,3.0,6.0,6.417585148301234e-05,3.942713731909442e-05,0.00012340980408667956,7.391305464386915e-05,0.013273832770972641
B,3.25,3.25,6.5,1.6339572516096584e-05,9.350722548180872e-06,2.586810022265412e-05,1.6784102738515995e-05,0.0030142087082632154
B,3.5,3.5,7.0,2.383266315575167e-06,2.107724814425155e-06,4.785117392129009e-06,3.343573499278609e-06,0.0006004627423494182
B,3.75,3.75,7.5,4.050017812182471e-07,3.163637960483303e-07,7.811489408304491e-07,5.848107528398694e-07,0.00010502448009036426
B,4.0,4.0,8.0,7.546960317870912e-08,3.79791322570869e-08,1.1253517471925912e-07,8.986664206505301e-08,1.613889162351531e-05
B,4.25,4.25,8.5,1.0325739068766258e-08,4.991367140491921e-09,1.4307241918567688e-08,1.2139340242899002e-08,2.1800691787204527e-06
B,4.5,4.5,9.0,8.166870383726041e-10,5.618203097193909e-10,1.6052280551856116e-09,1.4421136534112565e-09,2.5898504079353755e-07
B,4.75,4.75,9.5,1.0101212002440453e-10,6.590168788927644e-11,1.5893910094516368e-10,1.507212874096059e-10,2.706760224889123e-08
B,5.0,5.0,10.0,7.441392049968248e-12,4.840018350836845e-12,1.3887943864964021e-11,1.3863030863969935e-11,2.4896218167927227e-09
