config,N,L,xi,s,rc,kc,eta_N,p,neighbors,M,h_m,h,eta_actual,n_modes,n_excluded,W2min,q,qp,q_actual_p,mesh_imag_rel,err_abs,err_2,err_F,action_err_median,action_err_max,trans_resid,sym_resid,lam_star,lam_h,weyl_bound,weyl_holds,certified,indefinite,psd_observed,psd_class,eps_S,eps_F,eps_alias,eps_transfer,eps_mesh,budget_sum,budget_ratio,dominant,exp_real,exp_fourier,E_S_cont,E_F_cont,pred_S_rel,pred_F_rel,literal_action_vs_matrix,t_build,ref_split_err,tol,rule
A,30,6.0,1.0,4.643327015918548,4.643327015918548,9.286654031837095,0.3,6,817,60,0.10148733794172539,0.1,0.2956033787902307,2945,0,0.651017424959081,0.17647058823529413,3.0201881556506387e-05,2.721650629432372e-05,2.2403057973856564e-16,3.83628748753874e-09,9.7452463541991e-10,1.5514710413061028e-09,1.5298991823907649e-09,2.4293829594571227e-09,3.471790321168865e-17,6.161166114557036e-17,0.11899757291769097,0.11899757269752431,0.11899756908140349,True,True,False,True,A,2.616555641300288e-10,1.1065210372068652e-10,8.632232549279443e-17,1.0699803600215168e-09,1.0699803458942387e-09,1.4422881141945577e-09,1.479991435591666,eps_transfer,4.3291237450282717e-10,4.3291237450282717e-10,5.0430046455996745e-09,9.056586911670913e-10,4.0130955869129004e-10,1.5567126204964914e-08,3.378544359614972e-16,0.40778763200000867,9.991870944306319e-16,1e-09,extension
A,30,6.0,1.0,4.643327015918548,4.643327015918548,9.286654031837095,0.3,7,817,60,0.10148733794172539,0.1,0.2956033787902307,2945,0,0.6060726902925796,0.17647058823529413,5.329743804089363e-06,4.7203163391377636e-06,2.053599340227462e-16,1.0367703112234697e-09,2.633687420041237e-10,4.280378993282557e-10,4.2860539986792626e-10,6.473601496053582e-10,4.050149570409374e-17,5.704256926395051e-17,0.11899757291769097,0.11899757266756841,0.11899757188092067,True,True,False,True,A,2.616555641300288e-10,1.1065210372068652e-10,7.523455694990136e-19,6.288336170704864e-11,6.288336220822693e-11,4.3519103031010956e-10,1.65240197830043,eps_S,4.3291237450282717e-10,4.3291237450282717e-10,5.0430046455996745e-09,9.056586911670913e-10,4.0130955869129004e-10,1.5567126204964914e-08,2.694520337066825e-16,0.31301941199990324,9.991870944306319e-16,1e-09,extension
A,30,6.0,1.0,4.643327015918548,4.643327015918548,9.286654031837095,0.3,8,817,60,0.10148733794172539,0.1,0.2956033787902307,2945,0,0.5642308359742796,0.17647058823529413,9.40543024251064e-07,8.186718052852343e-07,2.6152857733402593e-16,1.0744686143061605e-09,2.7294516848074804e-10,4.3020361451464505e-10,4.341907708294525e-10,5.699471775261802e-10,4.3263649294899195e-17,5.3725791880860946e-17,0.11899757291769097,0.11899757266783503,0.11899757184322236,True,True,False,True,A,2.616555641300288e-10,1.1065210372068652e-10,8.279710953544897e-21,3.6445058633904295e-12,3.6445058610788304e-12,3.759521737223855e-10,1.3773908357308144,eps_S,4.3291237450282717e-10,4.3291237450282717e-10,5.0430046455996745e-09,9.056586911670913e-10,4.0130955869129004e-10,1.5567126204964914e-08,2.903905046623732e-16,0.2359666750000997,9.991870944306319e-16,1e-09,extension
A,30,6.0,1.0,4.643327015918548,4.643327015918548,9.286654031837095,0.35,6,817,51,0.1184018942653463,0.11764705882352941,0.34776868092968316,2945,0,0.5516177993814504,0.21212121212121213,9.109711028380916e-05,8.695963479366818e-05,1.9725372004245292e-16,9.419972303755783e-09,2.392937209425067e-09,3.5544495332182922e-09,3.6473839263375464e-09,4.882048055244811e-09,3.208106279064809e-17,5.648185044527102e-17,0.11899757291769097,0.1189975726558881,0.11899756349771867,True,True,False,True,A,2.616555641300288e-10,1.1065210372068652e-10,7.475459238662614e-16,2.316919948311978e-09,2.316919978205652e-09,2.6892283637086175e-09,1.1238190258885807,eps_transfer,4.3291237450282717e-10,4.3291237450282717e-10,5.0430046455996745e-09,9.056586911670913e-10,4.0130955869129004e-10,1.5567126204964914e-08,2.386909587280662e-16,0.24238941900011923,9.991870944306319e-16,1e-09,extension
A,30,6.0,1.0,4.643327015918548,4.643327015918548,9.286654031837095,0.35,7,817,51,0.1184018942653463,0.11764705882352941,0.34776868092968316,2945,0,0.4995488727008093,0.21212121212121213,1.9323629454141335e-05,1.830363408395959e-05,2.1376898535144309e-16,1.1806133567559438e-09,2.9990891058131204e-10,5.144777786934695e-10,4.975417247677347e-10,7.591942931945713e-10,2.9316665528158545e-17,6.744136409832599e-17,0.11899757291769097,0.11899757266432195,0.11899757173707762,True,True,False,True,A,2.616555641300288e-10,1.1065210372068652e-10,9.527588305879113e-18,2.1885763415227188e-10,2.1885763530752204e-10,5.911653115305754e-10,1.9711495413214715,eps_S,4.3291237450282717e-10,4.3291237450282717e-10,5.0430046455996745e-09,9.056586911670913e-10,4.0130955869129004e-10,1.5567126204964914e-08,3.1206309522710524e-16,0.21661077600015233,9.991870944306319e-16,1e-09,extension
A,30,6.0,1.0,4.643327015918548,4.643327015918548,9.286654031837095,0.35,8,817,51,0.1184018942653463,0.11764705882352941,0.34776868092968316,2945,0,0.4523948946108664,0.21212121212121213,4.098951702393617e-06,3.852626813284195e-06,2.264811851078788e-16,1.0691291572035284e-09,2.71588796596945e-10,4.3186900627415096e-10,4.373540729946684e-10,6.783756334350203e-10,4.491190447898358e-17,5.591693727662604e-17,0.11899757291769097,0.11899757266735274,0.11899757184856181,True,True,False,True,A,2.616555641300288e-10,1.1065210372068652e-10,1.3632009563618962e-19,1.3156664154705168e-11,1.315666411782674e-11,3.854643321417406e-10,1.4192939361699595,eps_S,4.3291237450282717e-10,4.3291237450282717e-10,5.0430046455996745e-09,9.056586911670913e-10,4.0130955869129004e-10,1.5567126204964914e-08,3.114464428928923e-16,0.2071816770001078,9.991870944306319e-16,1e-09,extension
A,30,6.0,1.0,4.643327015918548,4.643327015918548,9.286654031837095,0.4,6,817,45,0.13531645058896719,0.13333333333333333,0.3941378383869742,2945,0,0.46523668657002015,0.25,0.000244140625,0.00021859448054086542,2.86603535241927e-16,2.2143501237068365e-08,5.625070472447605e-09,8.149973626982754e-09,7.729954871224545e-09,1.0732174368789796e-08,5.0457564482630184e-17,5.579186935834837e-17,0.11899757291769097,0.11899757291776665,0.11899755077418973,True,True,False,True,A,2.616555641300288e-10,1.1065210372068652e-10,4.262730710996571e-15,5.555153353245901e-09,5.555152709585295e-09,5.927465283827327e-09,1.0537584040699393,eps_transfer,4.3291237450282717e-10,4.3291237450282717e-10,5.0430046455996745e-09,9.056586911670913e-10,4.0130955869129004e-10,1.5567126204964914e-08,2.9186737462958556e-16,0.18335849600020993,9.991870944306319e-16,1e-09,extension
A,30,6.0,1.0,4.643327015918548,4.643327015918548,9.286654031837095,0.4,7,817,45,0.13531645058896719,0.13333333333333333,0.3941378383869742,2945,0,0.4095305264633132,0.25,6.103515625e-05,5.365115269741426e-05,2.3054670066957564e-16,2.0291074057945104e-09,5.154502005605403e-10,8.287735149153311e-10,7.551304319672935e-10,9.780615445274654e-10,3.2311273197256855e-17,5.413112481699496e-17,0.11899757291769097,0.11899757266679584,0.11899757088858356,True,True,False,True,A,2.616555641300288e-10,1.1065210372068652e-10,7.210933652882555e-17,4.369660447006998e-10,4.369660204618419e-10,8.092737846607516e-10,1.5700329222506557,eps_transfer,4.3291237450282717e-10,4.3291237450282717e-10,5.0430046455996745e-09,9.056586911670913e-10,4.0130955869129004e-10,1.5567126204964914e-08,3.147077214352885e-16,0.18108305700002347,9.991870944306319e-16,1e-09,extension
A,30,6.0,1.0,4.643327015918548,4.643327015918548,9.286654031837095,0.4,8,817,45,0.13531645058896719,0.13333333333333333,0.3941378383869742,2945,0,0.3604944686151199,0.25,1.52587890625e-05,1.3167972853839496e-05,2.113229418804137e-16,1.0787804964719796e-09,2.740405075055911e-10,4.359485334330786e-10,4.5370602087180363e-10,5.814935381234081e-10,3.551852468735746e-17,5.708125416433274e-17,0.11899757291769097,0.11899757266773484,0.11899757183891048,True,True,False,True,A,2.616555641300288e-10,1.1065210372068652e-10,1.3593049012545816e-18,3.810015775563994e-11,3.8100158192029337e-11,4.1040782696566017e-10,1.497617380369531,eps_S,4.3291237450282717e-10,4.3291237450282717e-10,5.0430046455996745e-09,9.056586911670913e-10,4.0130955869129004e-10,1.5567126204964914e-08,3.8954619684903137e-16,0.24048539499995059,9.991870944306319e-16,1e-09,extension
A,30,6.0,1.0,4.643327015918548,4.643327015918548,9.286654031837095,0.45,6,817,40,0.1522310069125881,0.15,0.443405068185346,2945,0,0.37903056726632256,0.2903225806451613,0.0005988042769593879,0.0005342570289670811,3.151768623110382e-16,5.304015659241501e-08,1.3473687629964464e-08,1.8743593968550684e-08,1.8933508590969757e-08,3.219511611812362e-08,3.811690314024674e-17,6.20108754230749e-17,0.11899757291769097,0.11899757252068487,0.11899751987753439,True,True,False,True,A,2.616555641300288e-10,1.1065210372068652e-10,2.105837767007634e-14,1.3564393395121874e-08,1.3564386068175232e-08,1.393672212135026e-08,1.0343658324359577,eps_transfer,4.3291237450282717e-10,4.3291237450282717e-10,5.0430046455996745e-09,9.056586911670913e-10,4.0130955869129004e-10,1.5567126204964914e-08,3.2396622553209374e-16,0.22184232200015686,9.991870944306319e-16,1e-09,extension
A,30,6.0,1.0,4.643327015918548,4.643327015918548,9.286654031837095,0.45,7,817,40,0.1522310069125881,0.15,0.443405068185346,2945,0,0.3224432387251311,0.2903225806451613,0.0001738464029882094,0.0001521862043335087,2.3228896275056023e-16,3.8877786649180315e-09,9.876048388785642e-10,1.7195934037581079e-09,1.8578913141836065e-09,2.3237696848953305e-09,3.0124874861289596e-17,5.958053822612703e-17,0.11899757291769097,0.11899757260056681,0.1189975690299123,True,True,False,True,A,2.616555641300288e-10,1.1065210372068652e-10,4.2884095756585693e-16,1.0766560820747995e-09,1.07665630452793e-09,1.4489641787664724e-09,1.4671497361351395,eps_transfer,4.3291237450282717e-10,4.3291237450282717e-10,5.0430046455996745e-09,9.056586911670913e-10,4.0130955869129004e-10,1.5567126204964914e-08,4.15475960950761e-16,0.18300372399994558,9.991870944306319e-16,1e-09,extension
A,30,6.0,1.0,4.643327015918548,4.643327015918548,9.286654031837095,0.45,8,817,40,0.1522310069125881,0.15,0.443405068185346,2945,0,0.274304109426875,0.2903225806451613,5.047153635141563e-05,4.335112040400976e-05,2.6510720156489586e-16,1.0154756912933371e-09,2.579593111960244e-10,4.487588649114259e-10,4.534434008272179e-10,6.760789709373033e-10,3.0804360867780276e-17,5.688799992007258e-17,0.11899757291769097,0.1189975726645093,0.11899757190221529,True,True,False,True,A,2.616555641300288e-10,1.1065210372068652e-10,1.193231990682571e-17,1.3216984328096212e-10,1.3216985138773346e-10,5.044775230639974e-10,1.955647659024189,eps_S,4.3291237450282717e-10,4.3291237450282717e-10,5.0430046455996745e-09,9.056586911670913e-10,4.0130955869129004e-10,1.5567126204964914e-08,4.226750661122943e-16,0.23098146400002406,9.991870944306319e-16,1e-09,extension
B,40,10.0,1.0,4.643327015918548,4.643327015918548,9.286654031837095,0.3,6,352,99,0.10148733794172539,0.10101010101010101,0.29858927150528347,13517,0,0.6432854883109358,0.17647058823529413,3.0201881556506387e-05,2.921394405900357e-05,2.02854950711272e-16,3.030094347746452e-09,1.5543082727434836e-09,2.0704476242655344e-09,2.1907187954091477e-09,2.710895011128094e-09,3.3828080849379294e-17,5.27229773837103e-17,0.008538932473939009,0.008538932449526313,0.008538929443844661,True,True,False,True,A,2.9173819409965344e-10,1.4586963100158923e-10,1.4151337992808282e-16,1.4860087960214113e-09,1.4860088283091633e-09,1.923616762636034e-09,1.2376031166846266,eps_transfer,4.3291237450282717e-10,4.3291237450282717e-10,5.0430046455996745e-09,9.056586911670913e-10,4.0130955869129004e-10,7.207002872668942e-08,3.677144929539749e-16,3.6452377049999996,3.762455717598498e-16,1e-09,extension
B,40,10.0,1.0,4.643327015918548,4.643327015918548,9.286654031837095,0.3,7,352,99,0.10148733794172539,0.10101010101010101,0.29858927150528347,13517,0,0.5976831974731347,0.17647058823529413,5.329743804089363e-06,5.126904473025995e-06,1.86296660838683e-16,6.445034796603506e-10,3.3060260681093095e-10,5.292996366889125e-10,5.5301192566719e-10,7.677050294353065e-10,2.780069963633319e-17,4.6645173770284286e-17,0.008538932473939009,0.008538932445953435,0.008538931829435529,True,True,False,True,A,2.9173819409965344e-10,1.4586963100158923e-10,1.1834726312375667e-18,1.1012136198929858e-10,1.101213623647307e-10,5.477291882740139e-10,1.656760040574199,eps_S,4.3291237450282717e-10,4.3291237450282717e-10,5.0430046455996745e-09,9.056586911670913e-10,4.0130955869129004e-10,7.207002872668942e-08,6.433432949519431e-16,1.4803234949999933,3.762455717598498e-16,1e-09,extension
B,40,10.0,1.0,4.643327015918548,4.643327015918548,9.286654031837095,0.3,8,352,99,0.10148733794172539,0.10101010101010101,0.29858927150528347,13517,0,0.5553136376193881,0.17647058823529413,9.40543024251064e-07,8.997466902259309e-07,2.25964717951201e-16,6.453461755451864e-10,3.310348736102078e-10,5.066957036630617e-10,5.259753961543605e-10,8.194789784652587e-10,3.893920406473447e-17,5.15885171055934e-17,0.008538932473939009,0.00853893244617341,0.008538931828592833,True,True,False,True,A,2.9173819409965344e-10,1.4586963100158923e-10,1.5855301878157872e-20,5.676896754967668e-12,5.67689675333912e-12,4.432847218720657e-10,1.3390876829310485,eps_S,4.3291237450282717e-10,4.3291237450282717e-10,5.0430046455996745e-09,9.056586911670913e-10,4.0130955869129004e-10,7.207002872668942e-08,3.8220816460047413e-16,1.7126104410001517,3.762455717598498e-16,1e-09,extension
B,40,10.0,1.0,4.643327015918548,4.643327015918548,9.286654031837095,0.35,6,352,85,0.1184018942653463,0.11764705882352941,0.34776868092968316,13517,0,0.549087533913056,0.21212121212121213,9.109711028380916e-05,8.695963479366818e-05,1.764418519264198e-16,9.253186784970142e-09,4.746487441823786e-09,5.725874499039919e-09,6.290358729250779e-09,9.979154908569787e-09,3.2224233485645e-17,4.806854823199317e-17,0.008538932473939009,0.008538932435698103,0.008538923220752224,True,True,False,True,A,2.9173819409965344e-10,1.4586963100158923e-10,1.3532553895300904e-15,4.681968698012496e-09,4.6819698912835864e-09,5.119577876369128e-09,1.0786034808093765,eps_transfer,4.3291237450282717e-10,4.3291237450282717e-10,5.0430046455996745e-09,9.056586911670913e-10,4.0130955869129004e-10,7.207002872668942e-08,4.1073206474357e-16,1.794109692999882,3.762455717598498e-16,1e-09,extension
B,40,10.0,1.0,4.643327015918548,4.643327015918548,9.286654031837095,0.35,7,352,85,0.1184018942653463,0.11764705882352941,0.34776868092968316,13517,0,0.4968765657730109,0.21212121212121213,1.9323629454141335e-05,1.830363408395959e-05,1.584869597043601e-16,6.602246806865849e-10,3.386669077891208e-10,6.631189313638061e-10,6.545105756343961e-10,1.1366746287367828e-09,3.1129026783055016e-17,4.4391771337258746e-17,0.008538932473939009,0.008538932446768312,0.008538931813714328,True,True,False,True,A,2.9173819409965344e-10,1.4586963100158923e-10,1.616480628694601e-17,2.1968120181971373e-10,2.1968120295240745e-10,6.572890430857627e-10,1.9408127217880993,eps_S,4.3291237450282717e-10,4.3291237450282717e-10,5.0430046455996745e-09,9.056586911670913e-10,4.0130955869129004e-10,7.207002872668942e-08,3.8324307619834985e-16,2.7540277139999034,3.762455717598498e-16,1e-09,extension
B,40,10.0,1.0,4.643327015918548,4.643327015918548,9.286654031837095,0.35,8,352,85,0.1184018942653463,0.11764705882352941,0.34776868092968316,13517,0,0.44963017072151173,0.21212121212121213,4.098951702393617e-06,3.852626813284195e-06,1.846186383784415e-16,6.455232394958595e-10,3.3112569981287716e-10,5.119918774942703e-10,5.507175733978241e-10,8.748605948093526e-10,3.4103933809588404e-17,5.2420114128377566e-17,0.008538932473939009,0.008538932446156312,0.00853893182841577,True,True,False,True,A,2.9173819409965344e-10,1.4586963100158923e-10,1.9241919026010327e-19,2.735203004681624e-11,2.735203021748382e-11,4.6495985534047813e-10,1.4041793059349732,eps_S,4.3291237450282717e-10,4.3291237450282717e-10,5.0430046455996745e-09,9.056586911670913e-10,4.0130955869129004e-10,7.207002872668942e-08,3.3382024050785127e-16,1.623241388000224,3.762455717598498e-16,1e-09,extension
B,40,10.0,1.0,4.643327015918548,4.643327015918548,9.286654031837095,0.4,6,352,74,0.13531645058896719,0.13513513513513514,0.3994640253922036,13517,0,0.45264368872792327,0.25,0.000244140625,0.0002416981933237262,2.0072318671652053e-16,1.925241488014336e-08,9.875662036976456e-09,1.32560507366651e-08,1.3687336788560834e-08,2.261145505110608e-08,3.285038052711263e-17,4.8937319819115885e-17,0.008538932473939009,0.008538932355523521,0.00853891322152413,True,True,False,True,A,2.9173819409965344e-10,1.4586963100158923e-10,7.972538088889975e-15,9.851248775515113e-09,9.851248403197308e-09,1.0288864573154444e-08,1.0418404897444724,eps_transfer,4.3291237450282717e-10,4.3291237450282717e-10,5.0430046455996745e-09,9.056586911670913e-10,4.0130955869129004e-10,7.207002872668942e-08,3.8585599291480215e-16,2.69420665299981,3.762455717598498e-16,1e-09,extension
B,40,10.0,1.0,4.643327015918548,4.643327015918548,9.286654031837095,0.4,7,352,74,0.13531645058896719,0.13513513513513514,0.3994640253922036,13517,0,0.3966272488557813,0.25,6.103515625e-05,6.0323375898362884e-05,2.1490455889741391e-16,1.481577238046688e-09,7.599854966618688e-10,1.1587200988350368e-09,1.1337581645402257e-09,1.6650063103323853e-09,3.2371359457928995e-17,4.8825450244069733e-17,0.008538932473939009,0.008538932439925713,0.008538930992361771,True,True,False,True,A,2.9173819409965344e-10,1.4586963100158923e-10,1.3771395228052026e-16,6.752949606534498e-10,6.752949161082493e-10,1.1129029234686447e-09,1.4643738970768745,eps_transfer,4.3291237450282717e-10,4.3291237450282717e-10,5.0430046455996745e-09,9.056586911670913e-10,4.0130955869129004e-10,7.207002872668942e-08,2.987227375699513e-16,1.5698766499999692,3.762455717598498e-16,1e-09,extension
B,40,10.0,1.0,4.643327015918548,4.643327015918548,9.286654031837095,0.4,8,352,74,0.13531645058896719,0.13513513513513514,0.3994640253922036,13517,0,0.34754306411961094,0.25,1.52587890625e-05,1.5055593216211168e-05,1.7711652910845666e-16,6.445362799530462e-10,3.306194319524725e-10,5.138955669715501e-10,4.883072181019408e-10,8.325774049891237e-10,3.2242951016242265e-17,4.879235082213297e-17,0.008538932473939009,0.008538932445434067,0.008538931829402728,True,True,False,True,A,2.9173819409965344e-10,1.4586963100158923e-10,2.774706585412421e-18,7.324196005449972e-11,7.324195850585694e-11,5.10849787930449e-10,1.5451293498195988,eps_S,4.3291237450282717e-10,4.3291237450282717e-10,5.0430046455996745e-09,9.056586911670913e-10,4.0130955869129004e-10,7.207002872668942e-08,3.7871127407064416e-16,2.531303125000022,3.762455717598498e-16,1e-09,extension
B,40,10.0,1.0,4.643327015918548,4.643327015918548,9.286654031837095,0.45,6,352,66,0.1522310069125881,0.15151515151515152,0.44788390725792526,13517,0,0.3683529330987562,0.2903225806451613,0.0005988042769593879,0.0005773611252010756,1.919682695546186e-16,3.709420673040072e-08,1.9027735038943182e-08,2.5126245558903942e-08,2.3901926361333112e-08,3.787384564448448e-08,3.398619162702835e-17,5.1388247262134275e-17,0.008538932473939009,0.00853893248278889,0.008538895379732278,True,True,False,True,A,2.9173819409965344e-10,1.4586963100158923e-10,3.194470493245277e-14,1.9004941817922954e-08,1.9004962687546836e-08,1.944258158772913e-08,1.0218022033593015,eps_transfer,4.3291237450282717e-10,4.3291237450282717e-10,5.0430046455996745e-09,9.056586911670913e-10,4.0130955869129004e-10,7.207002872668942e-08,2.9878264258741625e-16,1.3709464639998714,3.762455717598498e-16,1e-09,extension
B,40,10.0,1.0,4.643327015918548,4.643327015918548,9.286654031837095,0.45,7,352,66,0.1522310069125881,0.15151515151515152,0.44788390725792526,13517,0,0.31187087669093333,0.2903225806451613,0.0001738464029882094,0.00016660529316273357,1.7187010377409844e-16,3.0013496561601163e-09,1.5395634804028326e-09,2.159994062950793e-09,2.348412053117894e-09,2.985789707495178e-09,4.278836128060221e-17,5.3073976678079017e-17,0.008538932473939009,0.00853893244993243,0.008538929472589352,True,True,False,True,A,2.9173819409965344e-10,1.4586963100158923e-10,7.937365179141053e-16,1.4799725902797311e-09,1.4799721673489858e-09,1.917581209117492e-09,1.2455356557403852,eps_transfer,4.3291237450282717e-10,4.3291237450282717e-10,5.0430046455996745e-09,9.056586911670913e-10,4.0130955869129004e-10,7.207002872668942e-08,2.9585874018935025e-16,2.4853960899999947,3.762455717598498e-16,1e-09,extension
B,40,10.0,1.0,4.643327015918548,4.643327015918548,9.286654031837095,0.45,8,352,66,0.1522310069125881,0.15151515151515152,0.44788390725792526,13517,0,0.26404959751438933,0.2903225806451613,5.047153635141563e-05,4.807619096310554e-05,1.6131898522265627e-16,6.448518958888871e-10,3.307813293734066e-10,5.574183881059598e-10,5.442068287075746e-10,6.626527971980215e-10,4.2100945494537245e-17,4.9203490593380616e-17,0.008538932473939009,0.008538932446710201,0.008538931829087113,True,True,False,True,A,2.9173819409965344e-10,1.4586963100158923e-10,2.2846783327574042e-17,2.1442417220200697e-10,2.1442417508469413e-10,6.52032020150033e-10,1.971187495331632,eps_S,4.3291237450282717e-10,4.3291237450282717e-10,5.0430046455996745e-09,9.056586911670913e-10,4.0130955869129004e-10,7.207002872668942e-08,3.684879393642906e-16,1.7006221780000033,3.762455717598498e-16,1e-09,extension
