config,N,L,xi,s,rc,kc,eta_N,p,neighbors,M,h_m,h,eta_actual,n_modes,n_excluded,W2min,q,qp,q_actual_p,mesh_imag_rel,err_abs,err_2,err_F,action_err_median,action_err_max,trans_resid,sym_resid,lam_star,lam_h,weyl_bound,weyl_holds,certified,indefinite,psd_observed,psd_class,eps_S,eps_F,eps_alias,eps_transfer,eps_mesh,budget_sum,budget_ratio,dominant,exp_real,exp_fourier,E_S_cont,E_F_cont,pred_S_rel,pred_F_rel,literal_action_vs_matrix,t_build,ref_split_err,tol,rule,M3,t_real,t_degree,t_mesh_apply,t_mesh,t_total,t_setup
A,30,6.0,0.5,4.0147348170157295,8.029469634031459,4.0147348170157295,0.7,4,4314,11,0.5477609251281812,0.5454545454545454,0.6970526087249337,251,0,0.21164486128481122,0.5384615384615384,0.08406568397465074,0.08191335324931985,3.4444851913733403e-16,1.432016149776743e-05,3.6377227223185555e-06,7.2568087024029075e-06,7.68013740135163e-06,9.390784194658627e-06,3.0634358751251154e-17,5.232441436180201e-17,0.11899757291769097,0.11899678212800592,0.1189832527561932,True,True,False,True,A,2.3863439524375738e-08,2.5887578468741124e-09,6.55887457832415e-09,3.6264082470533195e-06,3.624524680814384e-06,3.6594193190028934e-06,1.00596433492614,eps_transfer,9.999999999999959e-08,9.999999999999959e-08,1.0141496290146552e-06,2.2766026659880907e-08,8.070346324624712e-08,3.9131917316804716e-07,4.1635272849931026e-16,0.728318814999966,8.564460809405417e-16,1e-07,s0,1331,0.007619807999844852,0.0006512510001357441,0.0005234489999565994,0.0011747000000923435,0.008794507999937196,0.0011220830001548165
A,30,6.0,0.7,4.0147348170157295,5.735335452879614,5.620628743822021,0.7,4,1627,16,0.39125780366298657,0.375,0.6709131358977487,619,0,0.238817015780427,0.5384615384615384,0.08406568397465074,0.06493094407182941,3.1059937504867156e-16,3.66440735481955e-05,9.308622602151885e-06,1.6278000716279933e-05,1.7640543712404852e-05,2.4297675480598554e-05,3.600429546040241e-17,5.4576314788106194e-17,0.11899757291769097,0.11899535061466918,0.11896092884414278,True,True,False,True,A,3.5993324475182725e-08,2.6461676686614918e-08,7.340168951281351e-09,9.292138853745762e-06,9.296200225975877e-06,9.361934023858842e-06,1.0057271009885644,eps_transfer,9.999999999999959e-08,9.999999999999994e-08,1.189868116973654e-06,7.329395185667581e-08,9.468669622190129e-08,1.2598302315667706e-06,2.7565384336187496e-16,0.7808600920000117,8.564460809405417e-16,1e-07,s0,4096,0.0028382450000208337,0.0008025870001802105,0.0006039369998234179,0.0014065240000036283,0.004244769000024462,0.002020492999918133
A,30,6.0,1.0,4.0147348170157295,4.0147348170157295,8.029469634031459,0.7,4,517,22,0.2738804625640906,0.2727272727272727,0.6970526087249337,1863,0,0.19673574889890225,0.5384615384615384,0.08406568397465074,0.08191335324931985,2.609594446058792e-16,6.902842491691832e-05,1.7535156279158065e-05,2.9576372345127705e-05,3.1822495664356525e-05,4.510907707920034e-05,4.86803641450973e-17,5.626750874291009e-17,0.11899757291769097,0.11899740998765121,0.11892854449277405,True,True,False,True,A,5.69045692271113e-08,3.015228843909934e-08,2.0363422290289345e-08,1.752870451248519e-05,1.7531203757356787e-05,1.7636124792441692e-05,1.0057580617860609,eps_transfer,9.999999999999959e-08,9.999999999999959e-08,1.0072028865645514e-06,1.8088066779428844e-07,8.015065904658695e-08,3.109109658036192e-06,3.7629145384157574e-16,0.13991868300013266,9.991870944306319e-16,1e-07,s0,10648,0.00290660099994966,0.0016986419998374913,0.0012748650001412898,0.002973506999978781,0.005880107999928441,0.0038241170000219427
A,30,6.0,1.4,4.0147348170157295,2.867667726439807,11.241257487644042,0.7,4,194,31,0.19562890183149328,0.1935483870967742,0.6925554951202567,5185,0,0.19976667018199312,0.5384615384615384,0.08406568397465074,0.0787272826976914,2.6313247116561076e-16,0.00012038781337833952,3.05818816557975e-05,3.66973724352735e-05,3.596170455719766e-05,4.78657700902648e-05,4.898753367564946e-17,7.018172123354535e-17,0.11899757291769097,0.11899805077542526,0.11887718510431264,True,True,False,True,A,6.062209088761475e-08,4.0698948859364605e-08,2.3106776235100163e-08,3.0556980719855664e-05,3.055103714318993e-05,3.068140853583774e-05,1.0032544393821292,eps_transfer,9.999999999999959e-08,9.999999999999994e-08,7.143348441197018e-07,3.520149699119283e-07,5.684496073221454e-08,6.050691630413446e-06,3.756780626360045e-16,1.6213142520000474,7.137050674504514e-16,1e-07,s0,29791,0.00033562499993422534,0.0065173149998827284,0.005683518000068943,0.012200832999951672,0.012536457999885897,0.006843156000059025
A,30,6.0,2.0,4.0147348170157295,2.0073674085078648,16.058939268062918,0.7,4,78,44,0.1369402312820453,0.13636363636363635,0.6970526087249337,15203,0,0.19002758420145355,0.5384615384615384,0.08406568397465074,0.08191335324931985,2.615305652635022e-16,0.00015866903668256026,4.0306386220471935e-05,4.5531902515322704e-05,4.252981202736692e-05,5.66434998144375e-05,4.423448526953185e-17,1.0073112586367416e-16,0.11899757291769097,0.1189973955528126,0.11883890388100841,True,True,False,True,A,5.498839927247081e-08,3.531947467451717e-08,5.402012435711553e-08,4.02744827006854e-05,4.0283991263724465e-05,4.0418810698989505e-05,1.0027892472895639,eps_transfer,9.999999999999959e-08,9.999999999999959e-08,4.402937097817525e-07,6.325686418361459e-07,3.503746016201715e-08,1.0873054028860127e-05,5.75148662856902e-16,2.0682397890000175,7.137050674504514e-16,1e-07,s0,85184,0.0003184340000643715,0.008438505999947665,0.009645582000075592,0.018084088000023257,0.01840252200008763,0.018700679999938075
B,40,10.0,0.5,4.0147348170157295,8.029469634031459,4.0147348170157295,0.7,4,1671,19,0.5477609251281812,0.5263157894736842,0.6725946224538835,1045,0,0.22210429322806435,0.5384615384615384,0.08406568397465074,0.06591727902785834,3.0224804125118367e-16,9.461822469242926e-06,4.85350858797914e-06,1.0368957009770634e-05,1.1280560074932259e-05,1.7038801059406645e-05,3.4508968592398114e-17,7.349002871940706e-17,0.008538932473939009,0.008538934578165309,0.008529470651469766,True,True,False,True,A,2.1346772973274992e-08,1.6052740501422506e-08,5.358503765905534e-09,4.859390464129861e-06,4.862343824035993e-06,4.902148481370464e-06,1.0100215941745303,eps_transfer,9.999999999999959e-08,9.999999999999959e-08,1.0141496290146552e-06,2.2766026659880907e-08,8.070346324624712e-08,1.811662838740959e-06,3.1953979098987395e-16,0.5362909939999554,6.270759529330829e-16,1e-07,s0,6859,0.004923026000142272,0.001679061000004367,0.0013021379998008342,0.0029811989998052013,0.007904224999947473,0.0023915350000152102
B,40,10.0,0.7,4.0147348170157295,5.735335452879614,5.620628743822021,0.7,4,623,26,0.39125780366298657,0.38461538461538464,0.6881160368182039,2969,0,0.20167913508675395,0.5384615384615384,0.08406568397465074,0.07569462204423495,2.0618826696688136e-16,2.3868539456154693e-05,1.2243535704621502e-05,2.5075930513650375e-05,2.7447997750904652e-05,3.924856110583633e-05,4.233458678263721e-17,4.47981945721806e-17,0.008538932473939009,0.008538803787568734,0.008515063934482854,True,True,False,True,A,4.002416144859983e-08,2.5857495589427368e-08,1.540130970468256e-08,1.2250776051472582e-05,1.2250555352953523e-05,1.2332059018215292e-05,1.0072302083098736,eps_transfer,9.999999999999959e-08,9.999999999999994e-08,1.189868116973654e-06,7.329395185667581e-08,9.468669622190129e-08,5.8325473683646785e-06,2.705730926912881e-16,0.9227199560000372,5.016607623464664e-16,1e-07,s0,17576,0.004908293999960733,0.0028863190000265604,0.0020682360000137123,0.004954555000040273,0.009862849000001006,0.005707013000119332
B,40,10.0,1.0,4.0147348170157295,4.0147348170157295,8.029469634031459,0.7,4,238,37,0.2738804625640906,0.2702702702702703,0.6907728554931777,8733,0,0.20010326767035178,0.5384615384615384,0.08406568397465074,0.0774963144289449,2.0026628091980043e-16,6.606358212892352e-05,3.388778052618135e-05,3.8969196220600206e-05,3.614376842882377e-05,6.679167941632991e-05,3.5232764855603106e-17,4.750680263896493e-17,0.008538932473939009,0.008539110117805634,0.008472868891810086,True,True,False,True,A,6.075357381202373e-08,3.767637382792662e-08,2.864486929016562e-08,3.3912314409326567e-05,3.391322797866359e-05,3.4039389226256684e-05,1.004473845667119,eps_transfer,9.999999999999959e-08,9.999999999999959e-08,1.0072028865645514e-06,1.8088066779428844e-07,8.015065904658695e-08,1.4394026194612002e-05,4.739175714143284e-16,2.4959416290000718,3.762455717598498e-16,1e-07,s0,50653,0.0003521349999573431,0.011105102999863448,0.01044745299986971,0.02155255599973316,0.0219046909996905,0.014146385000003647
B,40,10.0,1.4,4.0147348170157295,2.867667726439807,11.241257487644042,0.7,4,106,52,0.19562890183149328,0.19230769230769232,0.6881160368182039,23871,0,0.20167913508675395,0.5384615384615384,0.08406568397465074,0.07569462204423495,1.362452039201074e-16,6.650702093281068e-05,3.4115245589059635e-05,3.8906311166400436e-05,3.972575347745231e-05,6.419099804728408e-05,3.0867759522529494e-17,5.731168552745319e-17,0.008538932473939009,0.008538727775508164,0.008472425453006197,True,True,False,True,A,7.196288315340328e-08,5.236346267987192e-08,3.962938144175775e-08,3.4147762649270075e-05,3.41213974966009e-05,3.431171837654511e-05,1.0057590905207636,eps_transfer,9.999999999999959e-08,9.999999999999994e-08,7.143348441197018e-07,3.520149699119283e-07,5.684496073221454e-08,2.8012461251914097e-05,5.668024054688149e-16,3.167845226000054,2.508303811732332e-16,1e-07,s0,140608,0.0003598789999159635,0.016927743999985978,0.01630256999987978,0.03323031399986576,0.03359019299978172,0.03525709399991683
B,40,10.0,2.0,4.0147348170157295,2.0073674085078648,16.058939268062918,0.7,4,37,74,0.1369402312820453,0.13513513513513514,0.6907728554931777,69983,0,0.19684767086293656,0.5384615384615384,0.08406568397465074,0.0774963144289449,1.8171306246070843e-16,0.00019293882015382994,9.896932896544861e-05,6.393158772679866e-05,5.022265578270663e-05,7.976196967566409e-05,4.076301544090834e-17,8.303421376691425e-17,0.008538932473939009,0.008538914858991777,0.008345993653785178,True,True,False,True,A,9.845481835599301e-08,4.878077516241863e-08,5.3584478432054545e-08,9.898737484562698e-05,9.894000158250391e-05,9.918819491757745e-05,1.0022114523197914,eps_transfer,9.999999999999959e-08,9.999999999999959e-08,4.402937097817525e-07,6.325686418361459e-07,3.503746016201715e-08,5.0338213096574666e-05,9.725205574767325e-16,7.418585811999947,2.508303811732332e-16,1e-07,s0,405224,0.0003773540001930087,0.09355566099998214,0.07860137399984524,0.17215703499982737,0.17253438900002038,0.06515090699986104
