r_lo,r_hi,rbar,n,gamma_L_mean,gamma_L_std,gamma_L_se,gamma_T_mean,gamma_T_se,gT_over_gL,used_in_fit
0.0,0.4,0.3015015317870594,1803.0,2.4073806766775254,nan,0.03705298142611245,-0.011707612054840173,0.006776496562262351,-0.004863215929355255,1
0.4,0.8,0.641332546024098,12715.0,0.8373059871460036,nan,0.009158784360575252,0.0073636164300084584,0.003423018364165205,0.008794415115921585,1
0.8,1.2000000000000002,1.02713079639855,34744.0,0.3510514236903009,nan,0.0039604553934897485,0.0045616106286159395,0.0017150268567978646,0.012994137954672453,1
1.2000000000000002,1.6,1.4178739082764973,67691.0,0.16523328117346883,nan,0.0024381025768046628,0.0009649209641450966,0.0010635472616587216,0.0058397494578109966,1
1.6,2.0,1.8151080905305448,110749.0,0.08604657066370744,nan,0.001619475553962994,-4.189974473690836e-05,0.0008501899745007261,-0.00048694264528755654,1
2.0,2.4000000000000004,2.2120493421111784,166578.0,0.05073802687698966,nan,0.0010618918432065596,0.00012468008452892713,0.000751232478816221,0.0024573301762641294,1
2.4000000000000004,2.8000000000000003,2.610155939629049,232473.0,0.02898062211305323,nan,0.0012248410804518767,0.0001279143382316785,0.0006352342292010317,0.004413788556114684,1
2.8000000000000003,3.2,3.0090805146087143,307891.0,0.015175168026855576,nan,0.0009884694532039406,0.00015001155583760467,0.000458056643017651,0.009885330796478064,1
3.2,3.6,3.4077830530808946,395960.0,0.01000689889035565,nan,0.0007693200224786684,3.802946165188584e-05,0.0005344454037143267,0.003800324363078905,1
3.6,4.0,3.807180625990236,494255.0,0.004377016356909318,nan,0.0006336634230816004,-0.0005616078391260653,0.00044556992731031576,-0.12830837112124152,1
4.0,4.4,4.206241073299058,604427.0,0.0032658042857529918,nan,0.0006324975716275516,0.0003430494576998909,0.0003845446480847743,0.10504287081636751,1
4.4,4.800000000000001,4.605677907020413,725878.0,0.0037896873884627337,nan,0.0006162957015241573,0.0001779706422544,0.00039135070120634516,0.04696182666575906,1
4.800000000000001,5.2,5.005440477137882,857408.0,0.0014568080245962625,nan,0.0005126184843968509,-0.0007200620602881587,0.0003926361326428755,nan,1
5.2,5.6000000000000005,5.4049210654672795,1000093.0,0.00036703527237192047,nan,0.0005428156955300524,0.0008434973183024438,0.0002918317524333635,nan,1
5.6000000000000005,6.0,5.804652624762884,1151832.0,0.0013578136618354894,nan,0.00040620168109152294,-0.00018218459822170365,0.000260148323913964,-0.1341749632828314,1
